-- MariaDB dump 10.17  Distrib 10.4.14-MariaDB, for Win64 (AMD64)
--
-- Host: 103.199.168.69    Database: common_service
-- ------------------------------------------------------
-- Server version	10.1.38-MariaDB

/*!40101 SET @OLD_CHARACTER_SET_CLIENT=@@CHARACTER_SET_CLIENT */;
/*!40101 SET @OLD_CHARACTER_SET_RESULTS=@@CHARACTER_SET_RESULTS */;
/*!40101 SET @OLD_COLLATION_CONNECTION=@@COLLATION_CONNECTION */;
/*!40101 SET NAMES utf8mb4 */;
/*!40103 SET @OLD_TIME_ZONE=@@TIME_ZONE */;
/*!40103 SET TIME_ZONE='+00:00' */;
/*!40014 SET @OLD_UNIQUE_CHECKS=@@UNIQUE_CHECKS, UNIQUE_CHECKS=0 */;
/*!40014 SET @OLD_FOREIGN_KEY_CHECKS=@@FOREIGN_KEY_CHECKS, FOREIGN_KEY_CHECKS=0 */;
/*!40101 SET @OLD_SQL_MODE=@@SQL_MODE, SQL_MODE='NO_AUTO_VALUE_ON_ZERO' */;
/*!40111 SET @OLD_SQL_NOTES=@@SQL_NOTES, SQL_NOTES=0 */;

--
-- Table structure for table `assign_designations`
--

DROP TABLE IF EXISTS `assign_designations`;
/*!40101 SET @saved_cs_client     = @@character_set_client */;
/*!40101 SET character_set_client = utf8 */;
CREATE TABLE `assign_designations` (
  `id` bigint(20) unsigned NOT NULL AUTO_INCREMENT,
  `org_id` bigint(20) unsigned NOT NULL,
  `office_type_id` bigint(20) unsigned NOT NULL,
  `office_id` bigint(20) unsigned NOT NULL,
  `designation_id` bigint(20) unsigned NOT NULL,
  `approved_post` int(11) DEFAULT NULL,
  `sorting_order` int(11) DEFAULT NULL,
  `created_by` bigint(20) unsigned DEFAULT NULL,
  `updated_by` bigint(20) unsigned DEFAULT NULL,
  `status` int(11) NOT NULL DEFAULT '0' COMMENT '0=active, 1=inactive',
  `created_at` timestamp NULL DEFAULT NULL,
  `updated_at` timestamp NULL DEFAULT NULL,
  PRIMARY KEY (`id`)
) ENGINE=InnoDB AUTO_INCREMENT=8 DEFAULT CHARSET=utf8 COLLATE=utf8_unicode_ci;
/*!40101 SET character_set_client = @saved_cs_client */;

--
-- Dumping data for table `assign_designations`
--

LOCK TABLES `assign_designations` WRITE;
/*!40000 ALTER TABLE `assign_designations` DISABLE KEYS */;
INSERT INTO `assign_designations` VALUES (1,13,2,2,3,1,1,1,0,0,'2021-02-24 03:18:44','2021-03-02 05:11:32'),(2,3,4,4,4,2,1,1,0,0,'2021-03-02 02:15:47','2021-03-02 05:11:36'),(3,2,1,5,6,3,33,1,NULL,0,'2021-03-03 22:50:22','2021-03-03 22:50:22'),(4,3,5,6,9,4,1,1,NULL,0,'2021-03-04 04:17:07','2021-03-04 04:17:07'),(5,3,7,8,11,2,3,1,NULL,0,'2021-03-04 05:39:11','2021-03-04 05:39:11'),(6,1,2,3,5,1,1,1,NULL,0,'2021-03-09 23:13:25','2021-03-09 23:13:25'),(7,3,58,10,17,4,1,1,NULL,0,'2021-03-11 04:41:19','2021-03-11 04:41:19');
/*!40000 ALTER TABLE `assign_designations` ENABLE KEYS */;
UNLOCK TABLES;

--
-- Table structure for table `cmt_agenda`
--

DROP TABLE IF EXISTS `cmt_agenda`;
/*!40101 SET @saved_cs_client     = @@character_set_client */;
/*!40101 SET character_set_client = utf8 */;
CREATE TABLE `cmt_agenda` (
  `id` bigint(20) unsigned NOT NULL AUTO_INCREMENT,
  `cmt_committee_id` bigint(20) unsigned NOT NULL,
  `meeting_number` int(11) NOT NULL,
  `memo_number` varchar(255) COLLATE utf8_unicode_ci NOT NULL,
  `memo_issue_date` date NOT NULL,
  `agenda_name` varchar(255) COLLATE utf8_unicode_ci NOT NULL,
  `agenda_name_bn` varchar(255) COLLATE utf8_unicode_ci NOT NULL,
  `meeting_date` date NOT NULL,
  `attachment` varchar(255) COLLATE utf8_unicode_ci DEFAULT NULL,
  `created_by` bigint(20) unsigned DEFAULT NULL,
  `updated_by` bigint(20) unsigned DEFAULT NULL,
  `created_at` timestamp NULL DEFAULT NULL,
  `updated_at` timestamp NULL DEFAULT NULL,
  PRIMARY KEY (`id`),
  KEY `cmt_agenda_cmt_committee_id_foreign` (`cmt_committee_id`),
  CONSTRAINT `cmt_agenda_cmt_committee_id_foreign` FOREIGN KEY (`cmt_committee_id`) REFERENCES `cmt_committees` (`id`)
) ENGINE=InnoDB AUTO_INCREMENT=2 DEFAULT CHARSET=utf8 COLLATE=utf8_unicode_ci;
/*!40101 SET character_set_client = @saved_cs_client */;

--
-- Dumping data for table `cmt_agenda`
--

LOCK TABLES `cmt_agenda` WRITE;
/*!40000 ALTER TABLE `cmt_agenda` DISABLE KEYS */;
INSERT INTO `cmt_agenda` VALUES (1,1,32,'189','2021-03-04','Test Agenda23','Mariam Mayer','2021-03-05','1614839554.pdf',1,1,'2021-03-04 00:32:34','2021-03-04 00:32:34');
/*!40000 ALTER TABLE `cmt_agenda` ENABLE KEYS */;
UNLOCK TABLES;

--
-- Table structure for table `cmt_committee_members`
--

DROP TABLE IF EXISTS `cmt_committee_members`;
/*!40101 SET @saved_cs_client     = @@character_set_client */;
/*!40101 SET character_set_client = utf8 */;
CREATE TABLE `cmt_committee_members` (
  `id` bigint(20) unsigned NOT NULL AUTO_INCREMENT,
  `user_id` bigint(20) unsigned NOT NULL,
  `cmt_committee_id` bigint(20) unsigned NOT NULL,
  `created_at` timestamp NULL DEFAULT NULL,
  `updated_at` timestamp NULL DEFAULT NULL,
  PRIMARY KEY (`id`),
  KEY `cmt_committee_members_cmt_committee_id_foreign` (`cmt_committee_id`),
  CONSTRAINT `cmt_committee_members_cmt_committee_id_foreign` FOREIGN KEY (`cmt_committee_id`) REFERENCES `cmt_committees` (`id`)
) ENGINE=InnoDB AUTO_INCREMENT=9 DEFAULT CHARSET=utf8 COLLATE=utf8_unicode_ci;
/*!40101 SET character_set_client = @saved_cs_client */;

--
-- Dumping data for table `cmt_committee_members`
--

LOCK TABLES `cmt_committee_members` WRITE;
/*!40000 ALTER TABLE `cmt_committee_members` DISABLE KEYS */;
INSERT INTO `cmt_committee_members` VALUES (5,1,1,'2021-03-04 00:30:24','2021-03-04 00:30:24'),(6,10,2,'2021-03-04 00:31:39','2021-03-04 00:31:39'),(7,31,3,'2021-03-06 03:12:58','2021-03-06 03:12:58'),(8,9,4,'2021-03-09 01:29:24','2021-03-09 01:29:24');
/*!40000 ALTER TABLE `cmt_committee_members` ENABLE KEYS */;
UNLOCK TABLES;

--
-- Table structure for table `cmt_committees`
--

DROP TABLE IF EXISTS `cmt_committees`;
/*!40101 SET @saved_cs_client     = @@character_set_client */;
/*!40101 SET character_set_client = utf8 */;
CREATE TABLE `cmt_committees` (
  `id` bigint(20) unsigned NOT NULL AUTO_INCREMENT,
  `org_id` bigint(20) unsigned NOT NULL,
  `committee_name` varchar(255) COLLATE utf8_unicode_ci NOT NULL,
  `committee_name_bn` varchar(255) COLLATE utf8_unicode_ci NOT NULL,
  `formation_date` date NOT NULL,
  `purpose` varchar(255) COLLATE utf8_unicode_ci NOT NULL,
  `purpose_bn` varchar(255) COLLATE utf8_unicode_ci NOT NULL,
  `duration` int(11) NOT NULL,
  `document_name` varchar(255) COLLATE utf8_unicode_ci DEFAULT NULL,
  `attachment` varchar(255) COLLATE utf8_unicode_ci DEFAULT NULL,
  `created_by` bigint(20) unsigned DEFAULT NULL,
  `updated_by` bigint(20) unsigned DEFAULT NULL,
  `status` int(11) NOT NULL DEFAULT '0' COMMENT '0=active, 1=inactive',
  `created_at` timestamp NULL DEFAULT NULL,
  `updated_at` timestamp NULL DEFAULT NULL,
  PRIMARY KEY (`id`),
  KEY `cmt_committees_org_id_foreign` (`org_id`),
  CONSTRAINT `cmt_committees_org_id_foreign` FOREIGN KEY (`org_id`) REFERENCES `master_org_profiless` (`id`)
) ENGINE=InnoDB AUTO_INCREMENT=5 DEFAULT CHARSET=utf8 COLLATE=utf8_unicode_ci;
/*!40101 SET character_set_client = @saved_cs_client */;

--
-- Dumping data for table `cmt_committees`
--

LOCK TABLES `cmt_committees` WRITE;
/*!40000 ALTER TABLE `cmt_committees` DISABLE KEYS */;
INSERT INTO `cmt_committees` VALUES (1,1,'QA Test Committee of MoA','QA Test Committee Bn','2021-03-04','QA Testing Purpose','QA Testing Purpose Bn',12,'',NULL,1,1,0,'2021-03-04 00:29:27','2021-03-04 00:30:10'),(2,3,'Main Committee','মূল কমিটি ','2021-03-04','Testing purpose','টেস্টিং  এর জন্য',23,'My Document','1614839499.pdf',1,1,0,'2021-03-04 00:31:39','2021-03-04 00:31:39'),(3,2,'DAE Committee','DAE','2021-03-06','Testing','Testing',1,'',NULL,65,65,0,'2021-03-06 03:12:58','2021-03-06 03:12:58'),(4,3,'Rebecca Evans','Cherokee Blevins','2021-03-09','Vitae sunt voluptate','Nostrum suscipit aut',19,'',NULL,1,1,0,'2021-03-09 01:29:24','2021-03-09 01:29:24');
/*!40000 ALTER TABLE `cmt_committees` ENABLE KEYS */;
UNLOCK TABLES;

--
-- Table structure for table `cmt_expenses`
--

DROP TABLE IF EXISTS `cmt_expenses`;
/*!40101 SET @saved_cs_client     = @@character_set_client */;
/*!40101 SET character_set_client = utf8 */;
CREATE TABLE `cmt_expenses` (
  `id` bigint(20) unsigned NOT NULL AUTO_INCREMENT,
  `cmt_committee_id` bigint(20) unsigned NOT NULL,
  `cmt_agenda_id` bigint(20) unsigned NOT NULL,
  `amount` double NOT NULL,
  `description` text COLLATE utf8_unicode_ci NOT NULL,
  `description_bn` text COLLATE utf8_unicode_ci NOT NULL,
  `attachment` varchar(255) COLLATE utf8_unicode_ci DEFAULT NULL,
  `created_by` bigint(20) unsigned DEFAULT NULL,
  `updated_by` bigint(20) unsigned DEFAULT NULL,
  `created_at` timestamp NULL DEFAULT NULL,
  `updated_at` timestamp NULL DEFAULT NULL,
  PRIMARY KEY (`id`),
  KEY `cmt_expenses_cmt_committee_id_foreign` (`cmt_committee_id`),
  KEY `cmt_expenses_cmt_agenda_id_foreign` (`cmt_agenda_id`),
  CONSTRAINT `cmt_expenses_cmt_agenda_id_foreign` FOREIGN KEY (`cmt_agenda_id`) REFERENCES `cmt_agenda` (`id`),
  CONSTRAINT `cmt_expenses_cmt_committee_id_foreign` FOREIGN KEY (`cmt_committee_id`) REFERENCES `cmt_committees` (`id`)
) ENGINE=InnoDB AUTO_INCREMENT=2 DEFAULT CHARSET=utf8 COLLATE=utf8_unicode_ci;
/*!40101 SET character_set_client = @saved_cs_client */;

--
-- Dumping data for table `cmt_expenses`
--

LOCK TABLES `cmt_expenses` WRITE;
/*!40000 ALTER TABLE `cmt_expenses` DISABLE KEYS */;
INSERT INTO `cmt_expenses` VALUES (1,1,1,19,'In ut sed ducimus v','Ut et quos voluptas ','1615275274.jpg',1,1,'2021-03-09 01:34:34','2021-03-09 01:34:34');
/*!40000 ALTER TABLE `cmt_expenses` ENABLE KEYS */;
UNLOCK TABLES;

--
-- Table structure for table `cmt_meeting_minutes`
--

DROP TABLE IF EXISTS `cmt_meeting_minutes`;
/*!40101 SET @saved_cs_client     = @@character_set_client */;
/*!40101 SET character_set_client = utf8 */;
CREATE TABLE `cmt_meeting_minutes` (
  `id` bigint(20) unsigned NOT NULL AUTO_INCREMENT,
  `cmt_committee_id` bigint(20) unsigned NOT NULL,
  `cmt_agenda_id` bigint(20) unsigned NOT NULL,
  `decision` text COLLATE utf8_unicode_ci NOT NULL,
  `decision_bn` text COLLATE utf8_unicode_ci NOT NULL,
  `attendance_attachment` varchar(255) COLLATE utf8_unicode_ci NOT NULL,
  `document_attachment` varchar(255) COLLATE utf8_unicode_ci NOT NULL,
  `created_by` bigint(20) unsigned DEFAULT NULL,
  `updated_by` bigint(20) unsigned DEFAULT NULL,
  `created_at` timestamp NULL DEFAULT NULL,
  `updated_at` timestamp NULL DEFAULT NULL,
  PRIMARY KEY (`id`),
  KEY `cmt_meeting_minutes_cmt_committee_id_foreign` (`cmt_committee_id`),
  KEY `cmt_meeting_minutes_cmt_agenda_id_foreign` (`cmt_agenda_id`),
  CONSTRAINT `cmt_meeting_minutes_cmt_agenda_id_foreign` FOREIGN KEY (`cmt_agenda_id`) REFERENCES `cmt_agenda` (`id`),
  CONSTRAINT `cmt_meeting_minutes_cmt_committee_id_foreign` FOREIGN KEY (`cmt_committee_id`) REFERENCES `cmt_committees` (`id`)
) ENGINE=InnoDB AUTO_INCREMENT=2 DEFAULT CHARSET=utf8 COLLATE=utf8_unicode_ci;
/*!40101 SET character_set_client = @saved_cs_client */;

--
-- Dumping data for table `cmt_meeting_minutes`
--

LOCK TABLES `cmt_meeting_minutes` WRITE;
/*!40000 ALTER TABLE `cmt_meeting_minutes` DISABLE KEYS */;
INSERT INTO `cmt_meeting_minutes` VALUES (1,1,1,'My Decission','No Decission','1614839581.pdf','1614839581.pdf',1,1,'2021-03-04 00:33:01','2021-03-04 00:33:01');
/*!40000 ALTER TABLE `cmt_meeting_minutes` ENABLE KEYS */;
UNLOCK TABLES;

--
-- Table structure for table `com_approve`
--

DROP TABLE IF EXISTS `com_approve`;
/*!40101 SET @saved_cs_client     = @@character_set_client */;
/*!40101 SET character_set_client = utf8 */;
CREATE TABLE `com_approve` (
  `id` bigint(20) unsigned NOT NULL AUTO_INCREMENT,
  `complain_id` bigint(20) unsigned NOT NULL,
  `approve_note` text COLLATE utf8_unicode_ci NOT NULL,
  `approve_note_bn` text COLLATE utf8_unicode_ci,
  `attachment` varchar(255) COLLATE utf8_unicode_ci DEFAULT NULL,
  `created_by` bigint(20) unsigned DEFAULT NULL,
  `updated_by` bigint(20) unsigned DEFAULT NULL,
  `status` int(11) NOT NULL DEFAULT '0' COMMENT '0=active, 1=inactive',
  `created_at` timestamp NULL DEFAULT NULL,
  `updated_at` timestamp NULL DEFAULT NULL,
  PRIMARY KEY (`id`),
  KEY `com_approve_complain_id_foreign` (`complain_id`),
  CONSTRAINT `com_approve_complain_id_foreign` FOREIGN KEY (`complain_id`) REFERENCES `com_complain_infos` (`id`)
) ENGINE=InnoDB AUTO_INCREMENT=9 DEFAULT CHARSET=utf8 COLLATE=utf8_unicode_ci;
/*!40101 SET character_set_client = @saved_cs_client */;

--
-- Dumping data for table `com_approve`
--

LOCK TABLES `com_approve` WRITE;
/*!40000 ALTER TABLE `com_approve` DISABLE KEYS */;
INSERT INTO `com_approve` VALUES (1,1,'Approved','Approved',NULL,1,1,0,'2021-03-03 05:51:12','2021-03-03 05:51:12'),(2,2,'Approved','Approved','common-service/uploads/complain/approve/1614772341.pdf',1,1,0,'2021-03-03 05:52:21','2021-03-03 05:52:21'),(3,5,'Approved','Approved','common-service/uploads/complain/approve/1615106879.pdf',1,1,0,'2021-03-07 02:47:59','2021-03-07 02:47:59'),(4,1,'Approved','Approved','common-service/uploads/complain/approve/1615109164.pdf',1,1,0,'2021-03-07 03:26:04','2021-03-07 03:26:04'),(5,5,'Approved ','Approved','common-service/uploads/complain/approve/1615109265.pdf',1,1,0,'2021-03-07 03:27:45','2021-03-07 03:27:45'),(6,1,'approve','approve bn',NULL,1,1,0,'2021-03-08 00:26:29','2021-03-08 00:26:29'),(7,2,'sdfsadf','asdfsdf',NULL,1,1,0,'2021-03-08 00:41:58','2021-03-08 00:41:58'),(8,1,'sdf','asdf',NULL,1,1,0,'2021-03-08 23:21:48','2021-03-08 23:21:48');
/*!40000 ALTER TABLE `com_approve` ENABLE KEYS */;
UNLOCK TABLES;

--
-- Table structure for table `com_committee_reports`
--

DROP TABLE IF EXISTS `com_committee_reports`;
/*!40101 SET @saved_cs_client     = @@character_set_client */;
/*!40101 SET character_set_client = utf8 */;
CREATE TABLE `com_committee_reports` (
  `id` bigint(20) unsigned NOT NULL AUTO_INCREMENT,
  `complain_id` bigint(20) unsigned NOT NULL,
  `report_note` text COLLATE utf8_unicode_ci NOT NULL,
  `report_note_bn` text COLLATE utf8_unicode_ci,
  `attachment` varchar(255) COLLATE utf8_unicode_ci DEFAULT NULL,
  `created_by` bigint(20) unsigned DEFAULT NULL,
  `updated_by` bigint(20) unsigned DEFAULT NULL,
  `status` int(11) NOT NULL DEFAULT '0' COMMENT '0=active, 1=inactive',
  `created_at` timestamp NULL DEFAULT NULL,
  `updated_at` timestamp NULL DEFAULT NULL,
  PRIMARY KEY (`id`),
  KEY `com_committee_reports_complain_id_foreign` (`complain_id`),
  CONSTRAINT `com_committee_reports_complain_id_foreign` FOREIGN KEY (`complain_id`) REFERENCES `com_complain_infos` (`id`)
) ENGINE=InnoDB AUTO_INCREMENT=6 DEFAULT CHARSET=utf8 COLLATE=utf8_unicode_ci;
/*!40101 SET character_set_client = @saved_cs_client */;

--
-- Dumping data for table `com_committee_reports`
--

LOCK TABLES `com_committee_reports` WRITE;
/*!40000 ALTER TABLE `com_committee_reports` DISABLE KEYS */;
INSERT INTO `com_committee_reports` VALUES (1,1,'No Report','No Report','1614772386.pdf',1,NULL,0,'2021-03-03 05:53:06','2021-03-03 05:53:06'),(2,6,'Bad Report Bad Report Bad Report Bad Report Bad Report Bad Report ','Bad Report Bad Report Bad Report Bad Report Bad Report Bad Report Bad Report Bad Report Bad Report Bad Report Bad Report Bad Report Bad Report Bad Report Bad Report Bad Report Bad Report Bad Report ',NULL,1,NULL,0,'2021-03-04 00:35:18','2021-03-04 00:35:18'),(3,1,'Good Report','Good Report','1615106650.pdf',1,NULL,0,'2021-03-07 02:44:10','2021-03-07 02:44:10'),(4,5,'Bad Report','Bad Report','1615106693.pdf',1,NULL,0,'2021-03-07 02:44:53','2021-03-07 02:44:53'),(5,7,'REPORTED REPORTED REPORTED REPORTED REPORTED REPORTED REPORTED REPORTED REPORTED REPORTED REPORTED REPORTED REPORTED REPORTED ','REPORTED REPORTED REPORTED REPORTED REPORTED REPORTED REPORTED REPORTED REPORTED REPORTED REPORTED REPORTED REPORTED REPORTED REPORTED REPORTED ','1615110578.pdf',1,NULL,0,'2021-03-07 03:49:38','2021-03-07 03:49:38');
/*!40000 ALTER TABLE `com_committee_reports` ENABLE KEYS */;
UNLOCK TABLES;

--
-- Table structure for table `com_committees`
--

DROP TABLE IF EXISTS `com_committees`;
/*!40101 SET @saved_cs_client     = @@character_set_client */;
/*!40101 SET character_set_client = utf8 */;
CREATE TABLE `com_committees` (
  `id` bigint(20) unsigned NOT NULL AUTO_INCREMENT,
  `complain_id` bigint(20) unsigned NOT NULL,
  `role_id` bigint(20) unsigned NOT NULL,
  `user_id` bigint(20) unsigned NOT NULL,
  `designation_id` bigint(20) unsigned NOT NULL,
  `created_by` bigint(20) unsigned DEFAULT NULL,
  `updated_by` bigint(20) unsigned DEFAULT NULL,
  `status` int(11) NOT NULL DEFAULT '0' COMMENT '0=active, 1=inactive',
  `created_at` timestamp NULL DEFAULT NULL,
  `updated_at` timestamp NULL DEFAULT NULL,
  PRIMARY KEY (`id`),
  KEY `com_committees_complain_id_foreign` (`complain_id`),
  CONSTRAINT `com_committees_complain_id_foreign` FOREIGN KEY (`complain_id`) REFERENCES `com_complain_infos` (`id`)
) ENGINE=InnoDB AUTO_INCREMENT=29 DEFAULT CHARSET=utf8 COLLATE=utf8_unicode_ci;
/*!40101 SET character_set_client = @saved_cs_client */;

--
-- Dumping data for table `com_committees`
--

LOCK TABLES `com_committees` WRITE;
/*!40000 ALTER TABLE `com_committees` DISABLE KEYS */;
INSERT INTO `com_committees` VALUES (19,5,1,1,1,1,1,0,'2021-03-04 00:34:13','2021-03-04 00:34:13'),(26,2,1,1,1,1,1,0,'2021-03-08 00:31:03','2021-03-08 00:31:03'),(27,2,1,1,1,1,1,0,'2021-03-08 00:31:03','2021-03-08 00:31:03'),(28,1,1,1,1,1,1,0,'2021-03-08 02:23:15','2021-03-08 02:23:15');
/*!40000 ALTER TABLE `com_committees` ENABLE KEYS */;
UNLOCK TABLES;

--
-- Table structure for table `com_complain_cycle`
--

DROP TABLE IF EXISTS `com_complain_cycle`;
/*!40101 SET @saved_cs_client     = @@character_set_client */;
/*!40101 SET character_set_client = utf8 */;
CREATE TABLE `com_complain_cycle` (
  `id` bigint(20) unsigned NOT NULL AUTO_INCREMENT,
  `complain_id` bigint(20) unsigned NOT NULL,
  `sender_id` bigint(20) unsigned NOT NULL,
  `receiver_id` bigint(20) unsigned NOT NULL,
  `note` varchar(255) COLLATE utf8_unicode_ci NOT NULL,
  `note_bn` varchar(255) COLLATE utf8_unicode_ci DEFAULT NULL,
  `status` int(11) NOT NULL DEFAULT '0' COMMENT '0=pending, 1=approve',
  `created_by` bigint(20) unsigned DEFAULT NULL,
  `updated_by` bigint(20) unsigned DEFAULT NULL,
  `created_at` timestamp NULL DEFAULT NULL,
  `updated_at` timestamp NULL DEFAULT NULL,
  PRIMARY KEY (`id`),
  KEY `com_complain_cycle_complain_id_foreign` (`complain_id`),
  CONSTRAINT `com_complain_cycle_complain_id_foreign` FOREIGN KEY (`complain_id`) REFERENCES `com_complain_infos` (`id`)
) ENGINE=InnoDB AUTO_INCREMENT=2 DEFAULT CHARSET=utf8 COLLATE=utf8_unicode_ci;
/*!40101 SET character_set_client = @saved_cs_client */;

--
-- Dumping data for table `com_complain_cycle`
--

LOCK TABLES `com_complain_cycle` WRITE;
/*!40000 ALTER TABLE `com_complain_cycle` DISABLE KEYS */;
INSERT INTO `com_complain_cycle` VALUES (1,1,1,96,'note 1','note 1 bn',0,1,1,'2021-03-08 03:57:49','2021-03-08 03:57:49');
/*!40000 ALTER TABLE `com_complain_cycle` ENABLE KEYS */;
UNLOCK TABLES;

--
-- Table structure for table `com_complain_infos`
--

DROP TABLE IF EXISTS `com_complain_infos`;
/*!40101 SET @saved_cs_client     = @@character_set_client */;
/*!40101 SET character_set_client = utf8 */;
CREATE TABLE `com_complain_infos` (
  `id` bigint(20) unsigned NOT NULL AUTO_INCREMENT,
  `com_title` varchar(100) COLLATE utf8_unicode_ci NOT NULL,
  `com_title_bn` varchar(100) COLLATE utf8_unicode_ci DEFAULT NULL,
  `description` text COLLATE utf8_unicode_ci NOT NULL,
  `description_bn` text COLLATE utf8_unicode_ci,
  `org_id` bigint(20) unsigned NOT NULL,
  `service_id` bigint(20) unsigned NOT NULL,
  `division_id` bigint(20) unsigned NOT NULL,
  `district_id` bigint(20) unsigned NOT NULL,
  `upazilla_id` bigint(20) unsigned NOT NULL,
  `union_id` bigint(20) unsigned NOT NULL,
  `mobile_no` varchar(100) COLLATE utf8_unicode_ci DEFAULT NULL,
  `email` varchar(100) COLLATE utf8_unicode_ci DEFAULT NULL,
  `created_by` bigint(20) unsigned DEFAULT NULL,
  `updated_by` bigint(20) unsigned DEFAULT NULL,
  `status` int(11) NOT NULL DEFAULT '0' COMMENT '0=pending, 1=processing,2=Presented,3=Rejected,4=Solved,5=Appealed, 6=send',
  `created_at` timestamp NULL DEFAULT NULL,
  `updated_at` timestamp NULL DEFAULT NULL,
  PRIMARY KEY (`id`)
) ENGINE=InnoDB AUTO_INCREMENT=4 DEFAULT CHARSET=utf8 COLLATE=utf8_unicode_ci;
/*!40101 SET character_set_client = @saved_cs_client */;

--
-- Dumping data for table `com_complain_infos`
--

LOCK TABLES `com_complain_infos` WRITE;
/*!40000 ALTER TABLE `com_complain_infos` DISABLE KEYS */;
INSERT INTO `com_complain_infos` VALUES (1,'Complain One','Complain One Bn','<p>test description</p>','',3,1,1,1,1,1,'01620506565','',1,1,4,'2021-03-08 00:13:52','2021-03-08 23:21:48'),(2,'test','test bn','<p>test</p>','',4,2,1,1,1,1,'01620454543','',1,1,0,'2021-03-08 00:14:48','2021-03-08 00:41:58'),(3,'Aliquam pariatur Au','','<p>Possimus, mollitia e.</p>','',7,4,1,1,1,1,'6045454551212','',1,1,0,'2021-03-09 01:26:29','2021-03-09 01:26:29');
/*!40000 ALTER TABLE `com_complain_infos` ENABLE KEYS */;
UNLOCK TABLES;

--
-- Table structure for table `com_reject`
--

DROP TABLE IF EXISTS `com_reject`;
/*!40101 SET @saved_cs_client     = @@character_set_client */;
/*!40101 SET character_set_client = utf8 */;
CREATE TABLE `com_reject` (
  `id` bigint(20) unsigned NOT NULL AUTO_INCREMENT,
  `complain_id` bigint(20) unsigned NOT NULL,
  `reject_note` text COLLATE utf8_unicode_ci NOT NULL,
  `reject_note_bn` text COLLATE utf8_unicode_ci,
  `attachment` varchar(255) COLLATE utf8_unicode_ci DEFAULT NULL,
  `created_by` bigint(20) unsigned DEFAULT NULL,
  `updated_by` bigint(20) unsigned DEFAULT NULL,
  `status` int(11) NOT NULL DEFAULT '0' COMMENT '0=active, 1=inactive',
  `created_at` timestamp NULL DEFAULT NULL,
  `updated_at` timestamp NULL DEFAULT NULL,
  PRIMARY KEY (`id`),
  KEY `com_reject_complain_id_foreign` (`complain_id`),
  CONSTRAINT `com_reject_complain_id_foreign` FOREIGN KEY (`complain_id`) REFERENCES `com_complain_infos` (`id`)
) ENGINE=InnoDB AUTO_INCREMENT=3 DEFAULT CHARSET=utf8 COLLATE=utf8_unicode_ci;
/*!40101 SET character_set_client = @saved_cs_client */;

--
-- Dumping data for table `com_reject`
--

LOCK TABLES `com_reject` WRITE;
/*!40000 ALTER TABLE `com_reject` DISABLE KEYS */;
INSERT INTO `com_reject` VALUES (1,1,'Reject Note','Reject Note',NULL,1,1,0,'2021-03-04 01:02:08','2021-03-04 01:02:08'),(2,8,'Rejected','Rejected','common-service/uploads/complain/reject/1615111337.pdf',1,1,0,'2021-03-07 04:02:17','2021-03-07 04:02:17');
/*!40000 ALTER TABLE `com_reject` ENABLE KEYS */;
UNLOCK TABLES;

--
-- Table structure for table `demos`
--

DROP TABLE IF EXISTS `demos`;
/*!40101 SET @saved_cs_client     = @@character_set_client */;
/*!40101 SET character_set_client = utf8 */;
CREATE TABLE `demos` (
  `id` bigint(20) unsigned NOT NULL AUTO_INCREMENT,
  `name` varchar(255) COLLATE utf8_unicode_ci NOT NULL,
  `position` varchar(255) COLLATE utf8_unicode_ci NOT NULL,
  `office` varchar(255) COLLATE utf8_unicode_ci NOT NULL,
  `age` int(11) NOT NULL,
  `salary` double(8,2) NOT NULL,
  `start_date` date NOT NULL,
  `created_at` timestamp NULL DEFAULT NULL,
  `updated_at` timestamp NULL DEFAULT NULL,
  `status` int(11) NOT NULL DEFAULT '0' COMMENT '0=active, 1=inactive',
  `division_id` int(11) NOT NULL DEFAULT '0',
  `district_id` int(11) NOT NULL DEFAULT '0',
  `upazila_id` int(11) NOT NULL DEFAULT '0',
  PRIMARY KEY (`id`)
) ENGINE=InnoDB DEFAULT CHARSET=utf8 COLLATE=utf8_unicode_ci;
/*!40101 SET character_set_client = @saved_cs_client */;

--
-- Dumping data for table `demos`
--

LOCK TABLES `demos` WRITE;
/*!40000 ALTER TABLE `demos` DISABLE KEYS */;
/*!40000 ALTER TABLE `demos` ENABLE KEYS */;
UNLOCK TABLES;

--
-- Table structure for table `doc_doc_infos`
--

DROP TABLE IF EXISTS `doc_doc_infos`;
/*!40101 SET @saved_cs_client     = @@character_set_client */;
/*!40101 SET character_set_client = utf8 */;
CREATE TABLE `doc_doc_infos` (
  `id` bigint(20) unsigned NOT NULL AUTO_INCREMENT,
  `doc_title` varchar(100) COLLATE utf8_unicode_ci NOT NULL,
  `doc_title_bn` varchar(100) COLLATE utf8_unicode_ci NOT NULL,
  `attachment` varchar(255) COLLATE utf8_unicode_ci NOT NULL,
  `org_id` bigint(20) unsigned NOT NULL,
  `category_id` bigint(20) unsigned NOT NULL,
  `created_by` bigint(20) unsigned DEFAULT NULL,
  `updated_by` bigint(20) unsigned DEFAULT NULL,
  `status` int(11) NOT NULL DEFAULT '0' COMMENT '0=active, 1=inactive',
  `created_at` timestamp NULL DEFAULT NULL,
  `updated_at` timestamp NULL DEFAULT NULL,
  PRIMARY KEY (`id`),
  KEY `doc_doc_infos_org_id_foreign` (`org_id`),
  KEY `doc_doc_infos_category_id_foreign` (`category_id`),
  CONSTRAINT `doc_doc_infos_category_id_foreign` FOREIGN KEY (`category_id`) REFERENCES `master_document_categories` (`id`),
  CONSTRAINT `doc_doc_infos_org_id_foreign` FOREIGN KEY (`org_id`) REFERENCES `master_org_profiless` (`id`)
) ENGINE=InnoDB AUTO_INCREMENT=10 DEFAULT CHARSET=utf8 COLLATE=utf8_unicode_ci;
/*!40101 SET character_set_client = @saved_cs_client */;

--
-- Dumping data for table `doc_doc_infos`
--

LOCK TABLES `doc_doc_infos` WRITE;
/*!40000 ALTER TABLE `doc_doc_infos` DISABLE KEYS */;
INSERT INTO `doc_doc_infos` VALUES (1,'Test Document title',' দস্তাবেজের শিরোনাম পরীক্ষা করুন','1615111030.jpg',3,1,1,1,2,'2021-03-07 03:57:10','2021-03-07 03:57:56'),(2,'fghfghfg','gfggggggg','1615116444.png',1,2,1,1,2,'2021-03-07 05:27:24','2021-03-07 06:24:15'),(3,'Magni qui sunt laud','Dolorem vero qui acc','1615116552.png',13,6,1,1,2,'2021-03-07 05:29:12','2021-03-07 06:25:10'),(4,'bahhhhh','tuiuuiuiu','1615117186.png',1,2,1,1,2,'2021-03-07 05:39:46','2021-03-07 06:24:39'),(8,'fghfghfgddd','ffffd','1615117637.png',3,3,1,1,2,'2021-03-07 05:47:17','2021-03-07 06:24:53'),(9,'fgdgdf','dfgdfgd','1615117673.png',3,5,1,1,2,'2021-03-07 05:47:53','2021-03-07 06:24:56');
/*!40000 ALTER TABLE `doc_doc_infos` ENABLE KEYS */;
UNLOCK TABLES;

--
-- Table structure for table `master_banks`
--

DROP TABLE IF EXISTS `master_banks`;
/*!40101 SET @saved_cs_client     = @@character_set_client */;
/*!40101 SET character_set_client = utf8 */;
CREATE TABLE `master_banks` (
  `id` bigint(20) unsigned NOT NULL AUTO_INCREMENT,
  `bank_name` varchar(100) COLLATE utf8_unicode_ci NOT NULL,
  `bank_name_bn` varchar(100) COLLATE utf8_unicode_ci NOT NULL,
  `org_id` bigint(20) unsigned DEFAULT NULL,
  `component_id` bigint(20) unsigned DEFAULT NULL,
  `created_by` bigint(20) unsigned DEFAULT NULL,
  `updated_by` bigint(20) unsigned DEFAULT NULL,
  `status` int(11) NOT NULL DEFAULT '0' COMMENT '0=active, 1=inactive',
  `created_at` timestamp NULL DEFAULT NULL,
  `updated_at` timestamp NULL DEFAULT NULL,
  PRIMARY KEY (`id`)
) ENGINE=InnoDB AUTO_INCREMENT=4 DEFAULT CHARSET=utf8 COLLATE=utf8_unicode_ci;
/*!40101 SET character_set_client = @saved_cs_client */;

--
-- Dumping data for table `master_banks`
--

LOCK TABLES `master_banks` WRITE;
/*!40000 ALTER TABLE `master_banks` DISABLE KEYS */;
INSERT INTO `master_banks` VALUES (1,'Sonali Bank','সোনালী ব্যাংক ',13,6,1,1,0,'2021-02-23 06:24:34','2021-03-07 23:04:37'),(2,'Rupali Bank','রুপালি ব্যাংক ',13,6,1,1,0,'2021-02-23 06:25:27','2021-02-23 06:25:27'),(3,'QA Test Bank','QA Test Bank Bn',1,2,1,1,0,'2021-03-01 23:08:00','2021-03-01 23:08:00');
/*!40000 ALTER TABLE `master_banks` ENABLE KEYS */;
UNLOCK TABLES;

--
-- Table structure for table `master_branchs`
--

DROP TABLE IF EXISTS `master_branchs`;
/*!40101 SET @saved_cs_client     = @@character_set_client */;
/*!40101 SET character_set_client = utf8 */;
CREATE TABLE `master_branchs` (
  `id` bigint(20) unsigned NOT NULL AUTO_INCREMENT,
  `branch_name` varchar(100) COLLATE utf8_unicode_ci NOT NULL,
  `branch_name_bn` varchar(100) COLLATE utf8_unicode_ci NOT NULL,
  `address` varchar(255) COLLATE utf8_unicode_ci NOT NULL,
  `address_bn` varchar(255) COLLATE utf8_unicode_ci NOT NULL,
  `bank_id` bigint(20) unsigned DEFAULT NULL,
  `created_by` bigint(20) unsigned DEFAULT NULL,
  `updated_by` bigint(20) unsigned DEFAULT NULL,
  `status` int(11) NOT NULL DEFAULT '0' COMMENT '0=active, 1=inactive',
  `created_at` timestamp NULL DEFAULT NULL,
  `updated_at` timestamp NULL DEFAULT NULL,
  PRIMARY KEY (`id`),
  KEY `master_branchs_bank_id_foreign` (`bank_id`),
  CONSTRAINT `master_branchs_bank_id_foreign` FOREIGN KEY (`bank_id`) REFERENCES `master_banks` (`id`)
) ENGINE=InnoDB AUTO_INCREMENT=4 DEFAULT CHARSET=utf8 COLLATE=utf8_unicode_ci;
/*!40101 SET character_set_client = @saved_cs_client */;

--
-- Dumping data for table `master_branchs`
--

LOCK TABLES `master_branchs` WRITE;
/*!40000 ALTER TABLE `master_branchs` DISABLE KEYS */;
INSERT INTO `master_branchs` VALUES (1,'Savar Branch','সাভার ব্রাঞ্ছ','Savar','সাভার, ',1,1,1,0,'2021-02-23 22:53:08','2021-02-23 22:53:08'),(2,'Tangail Branch','টাংগাইল  ব্রাঞ্ছ','Tangail, Dhaka','টাংগাইল সদর ',2,1,1,0,'2021-02-23 23:02:41','2021-02-23 23:02:41'),(3,'QA Test Bank Branch','QA Test Bank Branch Bn','QA Test Address','QA Test Address Bn',3,1,1,0,'2021-03-01 23:09:05','2021-03-01 23:09:05');
/*!40000 ALTER TABLE `master_branchs` ENABLE KEYS */;
UNLOCK TABLES;

--
-- Table structure for table `master_complain_chains`
--

DROP TABLE IF EXISTS `master_complain_chains`;
/*!40101 SET @saved_cs_client     = @@character_set_client */;
/*!40101 SET character_set_client = utf8 */;
CREATE TABLE `master_complain_chains` (
  `id` bigint(20) unsigned NOT NULL AUTO_INCREMENT,
  `org_id` bigint(20) unsigned NOT NULL,
  `designation_id` bigint(20) unsigned NOT NULL,
  `sorting_order` bigint(20) unsigned NOT NULL,
  `created_by` bigint(20) unsigned DEFAULT NULL,
  `updated_by` bigint(20) unsigned DEFAULT NULL,
  `status` int(11) NOT NULL DEFAULT '0' COMMENT '0=active, 1=inactive',
  `created_at` timestamp NULL DEFAULT NULL,
  `updated_at` timestamp NULL DEFAULT NULL,
  PRIMARY KEY (`id`)
) ENGINE=InnoDB AUTO_INCREMENT=4 DEFAULT CHARSET=utf8 COLLATE=utf8_unicode_ci;
/*!40101 SET character_set_client = @saved_cs_client */;

--
-- Dumping data for table `master_complain_chains`
--

LOCK TABLES `master_complain_chains` WRITE;
/*!40000 ALTER TABLE `master_complain_chains` DISABLE KEYS */;
INSERT INTO `master_complain_chains` VALUES (1,1,1,1,1,1,0,'2021-03-03 03:26:06','2021-03-04 00:23:00'),(2,1,2,2,1,1,0,'2021-03-03 03:26:57','2021-03-04 00:23:04'),(3,1,3,3,1,1,0,'2021-03-04 00:18:18','2021-03-04 00:18:18');
/*!40000 ALTER TABLE `master_complain_chains` ENABLE KEYS */;
UNLOCK TABLES;

--
-- Table structure for table `master_complain_designations`
--

DROP TABLE IF EXISTS `master_complain_designations`;
/*!40101 SET @saved_cs_client     = @@character_set_client */;
/*!40101 SET character_set_client = utf8 */;
CREATE TABLE `master_complain_designations` (
  `id` bigint(20) unsigned NOT NULL AUTO_INCREMENT,
  `org_id` bigint(20) unsigned NOT NULL,
  `designation_id` bigint(20) unsigned NOT NULL,
  `created_by` bigint(20) unsigned DEFAULT NULL,
  `updated_by` bigint(20) unsigned DEFAULT NULL,
  `status` int(11) NOT NULL DEFAULT '0' COMMENT '0=active, 1=inactive',
  `created_at` timestamp NULL DEFAULT NULL,
  `updated_at` timestamp NULL DEFAULT NULL,
  PRIMARY KEY (`id`)
) ENGINE=InnoDB AUTO_INCREMENT=8 DEFAULT CHARSET=utf8 COLLATE=utf8_unicode_ci;
/*!40101 SET character_set_client = @saved_cs_client */;

--
-- Dumping data for table `master_complain_designations`
--

LOCK TABLES `master_complain_designations` WRITE;
/*!40000 ALTER TABLE `master_complain_designations` DISABLE KEYS */;
INSERT INTO `master_complain_designations` VALUES (1,1,1,1,1,0,'2021-03-03 02:45:33','2021-03-03 02:45:33'),(2,1,2,1,1,0,'2021-03-03 02:46:17','2021-03-03 02:54:52'),(3,4,1,1,1,0,'2021-03-03 23:00:29','2021-03-03 23:00:29'),(4,2,2,1,1,0,'2021-03-03 23:01:11','2021-03-03 23:04:20'),(5,1,3,1,1,0,'2021-03-03 23:02:10','2021-03-03 23:02:10'),(6,4,15,1,1,0,'2021-03-06 23:58:46','2021-03-06 23:58:46'),(7,3,3,1,1,0,'2021-03-07 04:32:12','2021-03-07 04:32:12');
/*!40000 ALTER TABLE `master_complain_designations` ENABLE KEYS */;
UNLOCK TABLES;

--
-- Table structure for table `master_complain_types`
--

DROP TABLE IF EXISTS `master_complain_types`;
/*!40101 SET @saved_cs_client     = @@character_set_client */;
/*!40101 SET character_set_client = utf8 */;
CREATE TABLE `master_complain_types` (
  `id` bigint(20) unsigned NOT NULL AUTO_INCREMENT,
  `com_type_name` varchar(255) COLLATE utf8_unicode_ci NOT NULL,
  `com_type_name_bn` varchar(255) COLLATE utf8_unicode_ci NOT NULL,
  `created_by` bigint(20) unsigned DEFAULT NULL,
  `updated_by` bigint(20) unsigned DEFAULT NULL,
  `status` int(11) NOT NULL DEFAULT '0' COMMENT '0=active, 1=inactive',
  `created_at` timestamp NULL DEFAULT NULL,
  `updated_at` timestamp NULL DEFAULT NULL,
  PRIMARY KEY (`id`)
) ENGINE=InnoDB AUTO_INCREMENT=15 DEFAULT CHARSET=utf8 COLLATE=utf8_unicode_ci;
/*!40101 SET character_set_client = @saved_cs_client */;

--
-- Dumping data for table `master_complain_types`
--

LOCK TABLES `master_complain_types` WRITE;
/*!40000 ALTER TABLE `master_complain_types` DISABLE KEYS */;
INSERT INTO `master_complain_types` VALUES (1,'QA Test Complain Type','QA Test Complain Type Bn',1,1,0,'2021-03-03 01:04:06','2021-03-06 23:57:26'),(2,'QA Test Complain Type - 1','QA Test Complain Type - 1 Bn',1,1,0,'2021-03-03 22:58:02','2021-03-03 22:58:31'),(3,'Test Complain Type','Test Complain Type bn',1,1,0,'2021-03-06 23:54:33','2021-03-06 23:54:33'),(4,'Buckminster Patterson','Ashely Landry',1,1,0,'2021-03-06 23:55:30','2021-03-06 23:55:30'),(5,'Lareina Barton','Ainsley Patel',1,1,0,'2021-03-06 23:55:33','2021-03-06 23:55:33'),(6,'Pamela Hendrix','Slade Fletcher',1,1,0,'2021-03-06 23:55:35','2021-03-06 23:55:35'),(7,'Moana Clayton','Robert Marquez',1,1,0,'2021-03-06 23:55:41','2021-03-06 23:55:41'),(8,'Rogan Lancaster','Jolene Snyder',1,1,0,'2021-03-06 23:55:44','2021-03-06 23:55:44'),(9,'Moses Waller','Isabelle Hull',1,1,0,'2021-03-06 23:55:47','2021-03-06 23:55:47'),(10,'Asher Sherman','Indira Walls',1,1,0,'2021-03-06 23:55:49','2021-03-06 23:55:49'),(11,'Diana Meyers','Steel Wolf',1,1,0,'2021-03-06 23:55:52','2021-03-06 23:55:52'),(12,'Elijah Baxter','Aurelia Lynch',1,1,0,'2021-03-06 23:55:55','2021-03-06 23:55:55'),(13,'Violet Mcgowanfsdf','Orlando Simpson',1,1,0,'2021-03-06 23:55:57','2021-03-07 00:56:02'),(14,'QA Test Complain Typeew','QA Test Complain Type - 1 Bnn',1,1,0,'2021-03-07 22:47:27','2021-03-07 22:47:27');
/*!40000 ALTER TABLE `master_complain_types` ENABLE KEYS */;
UNLOCK TABLES;

--
-- Table structure for table `master_components`
--

DROP TABLE IF EXISTS `master_components`;
/*!40101 SET @saved_cs_client     = @@character_set_client */;
/*!40101 SET character_set_client = utf8 */;
CREATE TABLE `master_components` (
  `id` bigint(20) unsigned NOT NULL AUTO_INCREMENT,
  `component_name` varchar(100) COLLATE utf8_unicode_ci NOT NULL,
  `component_name_bn` varchar(255) COLLATE utf8_unicode_ci DEFAULT NULL,
  `description` varchar(255) COLLATE utf8_unicode_ci DEFAULT NULL,
  `description_bn` text COLLATE utf8_unicode_ci,
  `sorting_order` int(11) NOT NULL DEFAULT '0',
  `created_by` bigint(20) unsigned DEFAULT NULL,
  `updated_by` bigint(20) unsigned DEFAULT NULL,
  `status` int(11) NOT NULL DEFAULT '0' COMMENT '0=active, 1=inactive',
  `created_at` timestamp NULL DEFAULT NULL,
  `updated_at` timestamp NULL DEFAULT NULL,
  PRIMARY KEY (`id`),
  UNIQUE KEY `master_components_component_name_unique` (`component_name`)
) ENGINE=InnoDB AUTO_INCREMENT=11 DEFAULT CHARSET=utf8 COLLATE=utf8_unicode_ci;
/*!40101 SET character_set_client = @saved_cs_client */;

--
-- Dumping data for table `master_components`
--

LOCK TABLES `master_components` WRITE;
/*!40000 ALTER TABLE `master_components` DISABLE KEYS */;
INSERT INTO `master_components` VALUES (1,'Common Service Configuration','কমন সার্ভিস কনফিগারেশন','Common Service Configuration','কমন সার্ভিস কনফিগারেশন',1,1,1,0,'2021-02-14 01:16:23','2021-02-14 01:16:23'),(2,'License & Registration','লাইসেন্স & রেজিস্ট্রেশন','License, Registration, Clearance & Certification Management System','লাইসেন্স, রেজিস্ট্রেশন, ক্লিয়ারেন্স & সার্টিফিকেশন ম্যানেজমেন্ট সিস্টেম',2,1,1,0,'2021-02-14 01:16:23','2021-02-14 01:16:23'),(3,'Agri Research & Testing Management','এগ্রি রিসার্চ & টেস্টিং ম্যানেজমেন্ট','Agri Research, Testing, Report & Data Repository Service','এগ্রি রিসার্চ, টেস্টিং, রিপোর্ট & ডাটা রিপোসিটোরি সার্ভিস',3,1,1,0,'2021-02-14 01:16:23','2021-02-14 01:16:23'),(4,'Incentive & Grant Management','ইন্সেন্টিভ & গ্রান্ট ম্যানেজমেন্ট','Incentive & Grant Management System (Allowance, Incentive & Grant)','ইন্সেন্টিভ & গ্রান্ট ম্যানেজমেন্ট সিস্টেম (এলাউন্স, ইন্সেন্টিভ & গ্রান্ট)',4,1,1,0,'2021-02-14 01:16:23','2021-02-14 01:16:23'),(5,'Agri Marketing & Business Linkage Management','এগ্রি মার্কেটিং & বিসনেস লিংকেজ ম্যানেজমেন্ট','Agri marketing & Business Linkage Management System','এগ্রি মার্কেটিং & বিসনেস লিংকেজ ম্যানেজমেন্ট সিস্টেম',5,1,1,0,'2021-02-14 01:16:23','2021-02-14 01:16:23'),(6,'Market Infrastructure & Warehouse Management','মার্কেট ইনফ্রাস্ট্রাকচার & ওয়্যারহাউস ম্যানেজমেন্ট','Market Infrastructure & Warehouse Management System','মার্কেট ইনফ্রাস্ট্রাকচার & ওয়্যারহাউস ম্যানেজমেন্ট সিস্টেম',6,1,1,0,'2021-02-14 01:16:23','2021-02-14 01:16:23'),(7,'National Virtual Crop Pest Museum','ন্যাশনাল ভার্চুয়াল ক্রপ পেস্ট মিউজিয়াম','National Virtual Crop Pest Museum','ন্যাশনাল ভার্চুয়াল ক্রপ পেস্ট মিউজিয়াম',7,1,1,0,'2021-02-14 01:16:23','2021-02-14 01:16:23'),(8,'Crop, Seed, Germplasm & Fertilizer Management','ক্রপ, সীড, জার্মপ্লাজম & ফার্টিলাইজার ম্যানেজমেন্ট','Crop, Seed, Germplasm & Fertilizer Production, Development, Distribution & Service Management System','ক্রপ, সীড, জার্মপ্লাজম & ফার্টিলাইজার প্রোডাকশন, ডেভেলপমেন্ট, ডিস্ট্রিবিউশন & সার্ভিস ম্যানেজমেন্ট সিস্টেম',8,1,1,0,'2021-02-14 01:16:23','2021-02-14 01:16:23'),(9,'Irrigation, Water & Scheme Management','ইরিগেশন, ওয়াটার & স্কিম ম্যানেজমেন্ট','Irrigation, Water & Scheme Management','ইরিগেশন & স্কিম ম্যানেজমেন্ট সিস্টেম',9,1,1,0,'2021-02-14 01:16:23','2021-02-23 02:39:08'),(10,'Training, e-Learning & Venue Management','ট্রেইনিং, ই-লার্নিং & ভেনু ম্যানেজমেন্ট','Training, e-Learning & Venue Management','ট্রেইনিং, ই-লার্নিং & ভেনু ম্যানেজমেন্ট',10,1,1,0,'2021-02-14 01:16:23','2021-02-14 01:16:23');
/*!40000 ALTER TABLE `master_components` ENABLE KEYS */;
UNLOCK TABLES;

--
-- Table structure for table `master_content_eligibility`
--

DROP TABLE IF EXISTS `master_content_eligibility`;
/*!40101 SET @saved_cs_client     = @@character_set_client */;
/*!40101 SET character_set_client = utf8 */;
CREATE TABLE `master_content_eligibility` (
  `id` bigint(20) unsigned NOT NULL AUTO_INCREMENT,
  `eligibility_criteria_id` bigint(20) unsigned NOT NULL,
  `master_content_id` bigint(20) unsigned NOT NULL,
  `created_at` timestamp NULL DEFAULT NULL,
  `updated_at` timestamp NULL DEFAULT NULL,
  PRIMARY KEY (`id`),
  KEY `master_content_eligibility_master_content_id_foreign` (`master_content_id`),
  CONSTRAINT `master_content_eligibility_master_content_id_foreign` FOREIGN KEY (`master_content_id`) REFERENCES `master_contents` (`id`)
) ENGINE=InnoDB AUTO_INCREMENT=71 DEFAULT CHARSET=utf8 COLLATE=utf8_unicode_ci;
/*!40101 SET character_set_client = @saved_cs_client */;

--
-- Dumping data for table `master_content_eligibility`
--

LOCK TABLES `master_content_eligibility` WRITE;
/*!40000 ALTER TABLE `master_content_eligibility` DISABLE KEYS */;
INSERT INTO `master_content_eligibility` VALUES (55,2,7,'2021-03-03 06:04:46','2021-03-02 18:00:00'),(56,5,7,'2021-03-03 06:04:46','2021-03-02 18:00:00'),(57,5,8,'2021-03-03 06:04:59','2021-03-02 18:00:00'),(58,6,8,'2021-03-03 06:04:59','2021-03-02 18:00:00'),(66,2,10,'2021-03-03 06:07:48','2021-03-02 18:00:00'),(67,5,10,'2021-03-03 06:07:48','2021-03-02 18:00:00'),(68,2,9,'2021-03-03 06:10:10','2021-03-02 18:00:00'),(69,5,9,'2021-03-03 06:10:10','2021-03-02 18:00:00'),(70,14,9,'2021-03-03 06:10:10','2021-03-02 18:00:00');
/*!40000 ALTER TABLE `master_content_eligibility` ENABLE KEYS */;
UNLOCK TABLES;

--
-- Table structure for table `master_contents`
--

DROP TABLE IF EXISTS `master_contents`;
/*!40101 SET @saved_cs_client     = @@character_set_client */;
/*!40101 SET character_set_client = utf8 */;
CREATE TABLE `master_contents` (
  `id` bigint(20) unsigned NOT NULL AUTO_INCREMENT,
  `component_id` bigint(20) unsigned NOT NULL,
  `service_id` bigint(20) unsigned NOT NULL,
  `description` text COLLATE utf8_unicode_ci NOT NULL,
  `description_bn` text COLLATE utf8_unicode_ci NOT NULL,
  `created_by` bigint(20) unsigned DEFAULT NULL,
  `updated_by` bigint(20) unsigned DEFAULT NULL,
  `status` int(11) NOT NULL DEFAULT '0' COMMENT '0=active, 1=inactive',
  `created_at` timestamp NULL DEFAULT NULL,
  `updated_at` timestamp NULL DEFAULT NULL,
  PRIMARY KEY (`id`)
) ENGINE=InnoDB AUTO_INCREMENT=11 DEFAULT CHARSET=utf8 COLLATE=utf8_unicode_ci;
/*!40101 SET character_set_client = @saved_cs_client */;

--
-- Dumping data for table `master_contents`
--

LOCK TABLES `master_contents` WRITE;
/*!40000 ALTER TABLE `master_contents` DISABLE KEYS */;
INSERT INTO `master_contents` VALUES (7,9,1,'Content type payment description','সামগ্রীর ধরণের অর্থ প্রদানের বিবরণ',1,1,1,'2021-03-02 18:00:00','2021-03-02 18:00:00'),(8,9,2,'Store type payment description','স্টোরের প্রকারের অর্থ প্রদানের বিবরণ',1,1,0,'2021-03-02 18:00:00','2021-03-02 18:00:00'),(9,9,7,'Report Content description data','সামগ্রীর বিবরণ ডেটা রিপোর্ট করুন',1,1,0,'2021-03-02 18:00:00','2021-03-02 18:00:00'),(10,9,15,'Content type payment description 11','সামগ্রীর ধরণের অর্থ প্রদানের বিবরণ 11',1,1,1,'2021-03-02 18:00:00','2021-03-02 18:00:00');
/*!40000 ALTER TABLE `master_contents` ENABLE KEYS */;
UNLOCK TABLES;

--
-- Table structure for table `master_countries`
--

DROP TABLE IF EXISTS `master_countries`;
/*!40101 SET @saved_cs_client     = @@character_set_client */;
/*!40101 SET character_set_client = utf8 */;
CREATE TABLE `master_countries` (
  `id` bigint(20) unsigned NOT NULL AUTO_INCREMENT,
  `country_name` varchar(100) COLLATE utf8_unicode_ci NOT NULL,
  `country_name_bn` varchar(100) COLLATE utf8_unicode_ci DEFAULT NULL,
  `created_by` bigint(20) unsigned DEFAULT NULL,
  `updated_by` bigint(20) unsigned DEFAULT NULL,
  `status` int(11) NOT NULL DEFAULT '0' COMMENT '0=active, 1=inactive',
  `created_at` timestamp NULL DEFAULT NULL,
  `updated_at` timestamp NULL DEFAULT NULL,
  PRIMARY KEY (`id`)
) ENGINE=InnoDB AUTO_INCREMENT=4 DEFAULT CHARSET=utf8 COLLATE=utf8_unicode_ci;
/*!40101 SET character_set_client = @saved_cs_client */;

--
-- Dumping data for table `master_countries`
--

LOCK TABLES `master_countries` WRITE;
/*!40000 ALTER TABLE `master_countries` DISABLE KEYS */;
INSERT INTO `master_countries` VALUES (1,'Bangladesh','বাংলাদেশ',1,1,0,'2021-02-14 01:16:24','2021-02-14 01:16:24'),(2,'india','india',1,1,0,'2021-02-17 05:43:06','2021-02-17 05:43:06'),(3,'Nepal','Nepan bn',1,1,0,'2021-03-10 05:06:22','2021-03-10 05:06:46');
/*!40000 ALTER TABLE `master_countries` ENABLE KEYS */;
UNLOCK TABLES;

--
-- Table structure for table `master_designations`
--

DROP TABLE IF EXISTS `master_designations`;
/*!40101 SET @saved_cs_client     = @@character_set_client */;
/*!40101 SET character_set_client = utf8 */;
CREATE TABLE `master_designations` (
  `id` bigint(20) unsigned NOT NULL AUTO_INCREMENT,
  `org_id` bigint(20) unsigned NOT NULL,
  `designation` varchar(100) COLLATE utf8_unicode_ci NOT NULL,
  `designation_bn` varchar(100) COLLATE utf8_unicode_ci NOT NULL,
  `direct_post` int(11) NOT NULL,
  `promotional_post` int(11) NOT NULL,
  `total_post` int(11) NOT NULL,
  `grade_id` int(11) NOT NULL,
  `sorting_order` int(11) NOT NULL,
  `created_by` bigint(20) unsigned DEFAULT NULL,
  `updated_by` bigint(20) unsigned DEFAULT NULL,
  `status` int(11) NOT NULL DEFAULT '0' COMMENT '0=active, 1=inactive',
  `created_at` timestamp NULL DEFAULT NULL,
  `updated_at` timestamp NULL DEFAULT NULL,
  PRIMARY KEY (`id`)
) ENGINE=InnoDB AUTO_INCREMENT=18 DEFAULT CHARSET=utf8 COLLATE=utf8_unicode_ci;
/*!40101 SET character_set_client = @saved_cs_client */;

--
-- Dumping data for table `master_designations`
--

LOCK TABLES `master_designations` WRITE;
/*!40000 ALTER TABLE `master_designations` DISABLE KEYS */;
INSERT INTO `master_designations` VALUES (1,2,'Officer','Officer',1,1,2,3,1,0,0,0,'2021-02-17 01:56:27','2021-03-08 04:54:13'),(2,2,'Senior Officer','Senior Officer',1,1,2,3,2,0,NULL,0,'2021-02-17 01:57:05','2021-02-17 01:57:05'),(3,13,'Warehouse Officer','গুদাম রক্ষক ',100,0,100,12,12,0,NULL,0,'2021-02-24 03:16:36','2021-02-24 03:16:36'),(4,3,'Nadim Designation','Nadim Designation',2,1,3,3,3,0,NULL,0,'2021-03-02 02:15:21','2021-03-04 04:38:48'),(5,1,'Test 1 test 2','Test 1 test 2',1,1,2,3,1,0,NULL,0,'2021-03-02 23:00:43','2021-03-02 23:00:43'),(6,2,'executive','executive',10,10,20,4,5,0,NULL,0,'2021-03-03 22:37:50','2021-03-03 22:37:50'),(7,13,'Test Ashraf','Test Ashraf bn',20,4,24,7,5,0,NULL,0,'2021-03-03 23:05:37','2021-03-03 23:05:37'),(8,13,'System Analysist','System Analysist',10,10,20,3,4,0,NULL,0,'2021-03-04 02:01:17','2021-03-04 02:01:17'),(9,3,'test designation badc','test designation badc bn',3,1,4,1,1,0,NULL,0,'2021-03-04 04:16:44','2021-03-04 04:16:44'),(10,3,'test designation','test designation bn',15,3,18,2,1,0,NULL,0,'2021-03-04 04:38:30','2021-03-04 04:38:30'),(11,3,'Manager Barishal','Manager Barishal',2,1,3,3,3,0,NULL,0,'2021-03-04 05:38:34','2021-03-04 05:38:34'),(12,1,'QA Test Designation','QA Test Designation Bn',4,5,9,5,3,0,NULL,0,'2021-03-05 22:45:40','2021-03-05 22:45:40'),(13,1,'QA Test Designation - 1','QA Test Designation - 1',3,4,7,10,3,0,NULL,0,'2021-03-05 23:50:11','2021-03-05 23:50:11'),(14,3,'BADC Test','BADC Test',2,3,5,10,6,0,NULL,0,'2021-03-06 00:46:34','2021-03-06 00:46:34'),(15,3,'test designation name 07','test designation name 07 bn',15,6,21,2,1,0,NULL,0,'2021-03-06 23:58:25','2021-03-06 23:58:25'),(16,1,'Manager','Manager bn',6,3,9,10,55,0,NULL,0,'2021-03-07 03:54:56','2021-03-07 03:54:56'),(17,3,'test designation shuan','test designation shuan bn',4,2,6,4,1,0,NULL,0,'2021-03-11 04:40:59','2021-03-11 04:40:59');
/*!40000 ALTER TABLE `master_designations` ENABLE KEYS */;
UNLOCK TABLES;

--
-- Table structure for table `master_dialogue_settings`
--

DROP TABLE IF EXISTS `master_dialogue_settings`;
/*!40101 SET @saved_cs_client     = @@character_set_client */;
/*!40101 SET character_set_client = utf8 */;
CREATE TABLE `master_dialogue_settings` (
  `id` bigint(20) unsigned NOT NULL AUTO_INCREMENT,
  `dialogue` varchar(255) COLLATE utf8_unicode_ci NOT NULL,
  `dialogue_bn` varchar(255) COLLATE utf8_unicode_ci NOT NULL,
  `position` tinyint(4) NOT NULL DEFAULT '1' COMMENT '1 = left bottom, 2 = left top',
  `status` tinyint(4) NOT NULL DEFAULT '0' COMMENT '1 = active, 0 = inactive',
  `created_by` bigint(20) unsigned NOT NULL,
  `updated_by` bigint(20) unsigned NOT NULL,
  `created_at` timestamp NULL DEFAULT NULL,
  `updated_at` timestamp NULL DEFAULT NULL,
  PRIMARY KEY (`id`)
) ENGINE=InnoDB AUTO_INCREMENT=2 DEFAULT CHARSET=utf8 COLLATE=utf8_unicode_ci;
/*!40101 SET character_set_client = @saved_cs_client */;

--
-- Dumping data for table `master_dialogue_settings`
--

LOCK TABLES `master_dialogue_settings` WRITE;
/*!40000 ALTER TABLE `master_dialogue_settings` DISABLE KEYS */;
INSERT INTO `master_dialogue_settings` VALUES (1,'Bangladesh is self-sufficient in agriculture','কৃষিতে স্বনির্ভর বাংলাদেশ',1,1,1,1,'2021-02-14 01:20:22','2021-02-14 01:20:22');
/*!40000 ALTER TABLE `master_dialogue_settings` ENABLE KEYS */;
UNLOCK TABLES;

--
-- Table structure for table `master_districts`
--

DROP TABLE IF EXISTS `master_districts`;
/*!40101 SET @saved_cs_client     = @@character_set_client */;
/*!40101 SET character_set_client = utf8 */;
CREATE TABLE `master_districts` (
  `id` bigint(20) unsigned NOT NULL AUTO_INCREMENT,
  `district_name` varchar(100) COLLATE utf8_unicode_ci NOT NULL,
  `district_name_bn` varchar(100) COLLATE utf8_unicode_ci DEFAULT NULL,
  `division_id` bigint(20) unsigned NOT NULL,
  `created_by` bigint(20) unsigned DEFAULT NULL,
  `updated_by` bigint(20) unsigned DEFAULT NULL,
  `status` int(11) NOT NULL DEFAULT '0' COMMENT '0=active, 1=inactive',
  `created_at` timestamp NULL DEFAULT NULL,
  `updated_at` timestamp NULL DEFAULT NULL,
  PRIMARY KEY (`id`),
  KEY `master_districts_division_id_foreign` (`division_id`),
  CONSTRAINT `master_districts_division_id_foreign` FOREIGN KEY (`division_id`) REFERENCES `master_divisions` (`id`)
) ENGINE=InnoDB AUTO_INCREMENT=67 DEFAULT CHARSET=utf8 COLLATE=utf8_unicode_ci;
/*!40101 SET character_set_client = @saved_cs_client */;

--
-- Dumping data for table `master_districts`
--

LOCK TABLES `master_districts` WRITE;
/*!40000 ALTER TABLE `master_districts` DISABLE KEYS */;
INSERT INTO `master_districts` VALUES (1,'Comilla','কুমিল্লা',1,1,1,0,'2021-02-14 01:16:25','2021-02-14 01:16:25'),(2,'Feni','ফেনী',1,1,1,0,'2021-02-14 01:16:25','2021-02-14 01:16:25'),(3,'Brahmanbaria','ব্রাহ্মণবাড়িয়া',1,1,1,0,'2021-02-14 01:16:25','2021-02-14 01:16:25'),(4,'Rangamati','রাঙ্গামাটি',1,1,1,0,'2021-02-14 01:16:25','2021-02-14 01:16:25'),(5,'Noakhali','নোয়াখালী',1,1,1,0,'2021-02-14 01:16:25','2021-02-14 01:16:25'),(6,'Chandpur','চাঁদপুর',1,1,1,0,'2021-02-14 01:16:25','2021-02-14 01:16:25'),(7,'Lakshmipur','লক্ষ্মীপুর',1,1,1,0,'2021-02-14 01:16:25','2021-02-14 01:16:25'),(8,'Chattogram','চট্টগ্রাম',1,1,1,0,'2021-02-14 01:16:25','2021-02-14 01:16:25'),(9,'Coxsbazar','কক্সবাজার',1,1,1,0,'2021-02-14 01:16:25','2021-02-14 01:16:25'),(10,'Khagrachhari','খাগড়াছড়ি',1,1,1,0,'2021-02-14 01:16:25','2021-02-14 01:16:25'),(11,'Bandarban','বান্দরবান',1,1,1,0,'2021-02-14 01:16:25','2021-02-14 01:16:25'),(12,'Sirajganj','সিরাজগঞ্জ',2,1,1,0,'2021-02-14 01:16:25','2021-02-14 01:16:25'),(13,'Pabna','পাবনা',2,1,1,0,'2021-02-14 01:16:25','2021-02-14 01:16:25'),(14,'Bogura','বগুড়া',2,1,1,0,'2021-02-14 01:16:25','2021-02-14 01:16:25'),(15,'Rajshahi','রাজশাহী',2,1,1,0,'2021-02-14 01:16:25','2021-02-14 01:16:25'),(16,'Natore','নাটোর',2,1,1,0,'2021-02-14 01:16:25','2021-02-14 01:16:25'),(17,'Joypurhat','জয়পুরহাট',2,1,1,0,'2021-02-14 01:16:25','2021-02-14 01:16:25'),(18,'Chapainawabganj','চাঁপাইনবাবগঞ্জ',2,1,1,0,'2021-02-14 01:16:26','2021-02-14 01:16:26'),(19,'Naogaon','নওগাঁ',2,1,1,0,'2021-02-14 01:16:26','2021-02-14 01:16:26'),(20,'Jashore','যশোর',3,1,1,0,'2021-02-14 01:16:26','2021-02-14 01:16:26'),(21,'Satkhira','সাতক্ষীরা',3,1,1,0,'2021-02-14 01:16:26','2021-02-14 01:16:26'),(22,'Meherpur','মেহেরপুর',3,1,1,0,'2021-02-14 01:16:26','2021-02-14 01:16:26'),(23,'Narail','নড়াইল',3,1,1,0,'2021-02-14 01:16:26','2021-02-14 01:16:26'),(24,'Chuadanga','চুয়াডাঙ্গা',3,1,1,0,'2021-02-14 01:16:26','2021-02-14 01:16:26'),(25,'Kushtia','কুষ্টিয়া',3,1,1,0,'2021-02-14 01:16:26','2021-02-14 01:16:26'),(26,'Magura','মাগুরা',3,1,1,0,'2021-02-14 01:16:26','2021-02-14 01:16:26'),(27,'Khulna','খুলনা',3,1,1,0,'2021-02-14 01:16:26','2021-02-14 01:16:26'),(28,'Bagerhat','বাগেরহাট',3,1,1,0,'2021-02-14 01:16:26','2021-02-14 01:16:26'),(29,'Jhenaidah','ঝিনাইদহ',3,1,1,0,'2021-02-14 01:16:26','2021-02-14 01:16:26'),(30,'Jhalakathi','ঝালকাঠি',4,1,1,0,'2021-02-14 01:16:26','2021-02-14 01:16:26'),(31,'Patuakhali','পটুয়াখালী',4,1,1,0,'2021-02-14 01:16:27','2021-02-14 01:16:27'),(32,'Pirojpur','পিরোজপুর',4,1,1,0,'2021-02-14 01:16:27','2021-02-14 01:16:27'),(33,'Barisal','বরিশাল',4,1,1,0,'2021-02-14 01:16:27','2021-02-14 01:16:27'),(34,'Bhola','ভোলা',4,1,1,0,'2021-02-14 01:16:27','2021-02-14 01:16:27'),(35,'Barguna','বরগুনা',4,1,1,0,'2021-02-14 01:16:27','2021-02-14 01:16:27'),(36,'Sylhet','সিলেট',5,1,1,0,'2021-02-14 01:16:27','2021-02-14 01:16:27'),(37,'Moulvibazar','মৌলভীবাজার',5,1,1,0,'2021-02-14 01:16:27','2021-02-14 01:16:27'),(38,'Habiganj','হবিগঞ্জ',5,1,1,0,'2021-02-14 01:16:27','2021-02-14 01:16:27'),(39,'Sunamganj','সুনামগঞ্জ',5,1,1,0,'2021-02-14 01:16:27','2021-02-14 01:16:27'),(40,'Narsingdi','নরসিংদী',6,1,1,0,'2021-02-14 01:16:27','2021-02-14 01:16:27'),(41,'Gazipur','গাজীপুর',6,1,1,0,'2021-02-14 01:16:27','2021-02-14 01:16:27'),(42,'Shariatpur','শরীয়তপুর',6,1,1,0,'2021-02-14 01:16:27','2021-02-14 01:16:27'),(43,'Narayanganj','নারায়ণগঞ্জ',6,1,1,0,'2021-02-14 01:16:27','2021-02-14 01:16:27'),(44,'Tangail','টাঙ্গাইল',6,1,1,0,'2021-02-14 01:16:28','2021-02-14 01:16:28'),(45,'Kishoreganj','কিশোরগঞ্জ',6,1,1,0,'2021-02-14 01:16:28','2021-02-14 01:16:28'),(46,'Manikganj','মানিকগঞ্জ',6,1,1,0,'2021-02-14 01:16:28','2021-02-14 01:16:28'),(47,'Dhaka','ঢাকা',6,1,1,0,'2021-02-14 01:16:28','2021-02-14 01:16:28'),(48,'Munshiganj','মুন্সিগঞ্জ',6,1,1,0,'2021-02-14 01:16:28','2021-02-14 01:16:28'),(49,'Rajbari','রাজবাড়ী',6,1,1,0,'2021-02-14 01:16:28','2021-02-14 01:16:28'),(50,'Madaripur','মাদারীপুর',6,1,1,0,'2021-02-14 01:16:28','2021-02-14 01:16:28'),(51,'Gopalganj','গোপালগঞ্জ',6,1,1,0,'2021-02-14 01:16:28','2021-02-14 01:16:28'),(52,'Faridpur','ফরিদপুর',6,1,1,0,'2021-02-14 01:16:28','2021-02-14 01:16:28'),(53,'Panchagarh','পঞ্চগড়',7,1,1,0,'2021-02-14 01:16:28','2021-02-14 01:16:28'),(54,'Dinajpur','দিনাজপুর',7,1,1,0,'2021-02-14 01:16:28','2021-02-14 01:16:28'),(55,'Lalmonirhat','লালমনিরহাট',7,1,1,0,'2021-02-14 01:16:28','2021-02-14 01:16:28'),(56,'Nilphamari','নীলফামারী',7,1,1,0,'2021-02-14 01:16:28','2021-02-14 01:16:28'),(57,'Gaibandha','গাইবান্ধা',7,1,1,0,'2021-02-14 01:16:28','2021-02-14 01:16:28'),(58,'Thakurgaon','ঠাকুরগাঁও',7,1,1,0,'2021-02-14 01:16:28','2021-02-14 01:16:28'),(59,'Rangpur','রংপুর',7,1,1,0,'2021-02-14 01:16:29','2021-02-14 01:16:29'),(60,'Kurigram','কুড়িগ্রাম',7,1,1,0,'2021-02-14 01:16:29','2021-02-14 01:16:29'),(61,'Sherpur','শেরপুর',8,1,1,0,'2021-02-14 01:16:29','2021-02-14 01:16:29'),(62,'Mymensingh','ময়মনসিংহ',8,1,1,0,'2021-02-14 01:16:29','2021-02-14 01:16:29'),(63,'Jamalpur','জামালপুর',8,1,1,0,'2021-02-14 01:16:29','2021-02-14 01:16:29'),(64,'Netrokona','নেত্রকোণা',8,1,1,0,'2021-02-14 01:16:29','2021-02-14 01:16:29'),(65,'QA Test District','QA Test District Bn',10,1,1,0,'2021-03-01 23:04:09','2021-03-01 23:04:09'),(66,' Comilla','কুমিল্লা',1,1,1,1,'2021-03-07 00:49:18','2021-03-07 00:49:59');
/*!40000 ALTER TABLE `master_districts` ENABLE KEYS */;
UNLOCK TABLES;

--
-- Table structure for table `master_divisions`
--

DROP TABLE IF EXISTS `master_divisions`;
/*!40101 SET @saved_cs_client     = @@character_set_client */;
/*!40101 SET character_set_client = utf8 */;
CREATE TABLE `master_divisions` (
  `id` bigint(20) unsigned NOT NULL AUTO_INCREMENT,
  `division_name` varchar(100) COLLATE utf8_unicode_ci NOT NULL,
  `division_name_bn` varchar(100) COLLATE utf8_unicode_ci DEFAULT NULL,
  `country_id` bigint(20) unsigned NOT NULL,
  `created_by` bigint(20) unsigned DEFAULT NULL,
  `updated_by` bigint(20) unsigned DEFAULT NULL,
  `status` int(11) NOT NULL DEFAULT '0' COMMENT '0=active, 1=inactive',
  `created_at` timestamp NULL DEFAULT NULL,
  `updated_at` timestamp NULL DEFAULT NULL,
  PRIMARY KEY (`id`),
  KEY `master_divisions_country_id_foreign` (`country_id`),
  CONSTRAINT `master_divisions_country_id_foreign` FOREIGN KEY (`country_id`) REFERENCES `master_countries` (`id`)
) ENGINE=InnoDB AUTO_INCREMENT=11 DEFAULT CHARSET=utf8 COLLATE=utf8_unicode_ci;
/*!40101 SET character_set_client = @saved_cs_client */;

--
-- Dumping data for table `master_divisions`
--

LOCK TABLES `master_divisions` WRITE;
/*!40000 ALTER TABLE `master_divisions` DISABLE KEYS */;
INSERT INTO `master_divisions` VALUES (1,'Chattagram','চট্টগ্রাম',1,1,1,0,'2021-02-14 01:16:24','2021-03-11 02:20:26'),(2,'Rajshahi','রাজশাহী',1,1,1,0,'2021-02-14 01:16:24','2021-02-14 01:16:24'),(3,'Khulna','খুলনা',1,1,1,0,'2021-02-14 01:16:24','2021-03-07 04:12:11'),(4,'Barisal','বরিশাল',1,1,1,0,'2021-02-14 01:16:24','2021-02-14 01:16:24'),(5,'Sylhet','সিলেট',1,1,1,0,'2021-02-14 01:16:24','2021-02-14 01:16:24'),(6,'Dhaka','ঢাকা',1,1,1,0,'2021-02-14 01:16:25','2021-02-14 01:16:25'),(7,'Rangpur','রংপুর',1,1,1,0,'2021-02-14 01:16:25','2021-02-14 01:16:25'),(8,'Mymensingh','ময়মনসিংহ',1,1,1,0,'2021-02-14 01:16:25','2021-02-14 01:16:25'),(9,'Test Division','Test Division bn',1,1,1,0,'2021-03-01 23:03:00','2021-03-01 23:03:00'),(10,'QA Test Division','QA Test Division Bn',1,1,1,0,'2021-03-01 23:03:30','2021-03-01 23:03:30');
/*!40000 ALTER TABLE `master_divisions` ENABLE KEYS */;
UNLOCK TABLES;

--
-- Table structure for table `master_document_categories`
--

DROP TABLE IF EXISTS `master_document_categories`;
/*!40101 SET @saved_cs_client     = @@character_set_client */;
/*!40101 SET character_set_client = utf8 */;
CREATE TABLE `master_document_categories` (
  `id` bigint(20) unsigned NOT NULL AUTO_INCREMENT,
  `category_name` varchar(100) COLLATE utf8_unicode_ci NOT NULL,
  `category_name_bn` varchar(255) COLLATE utf8_unicode_ci DEFAULT NULL,
  `sorting_order` tinyint(4) NOT NULL,
  `created_by` bigint(20) unsigned DEFAULT NULL,
  `updated_by` bigint(20) unsigned DEFAULT NULL,
  `status` int(11) NOT NULL DEFAULT '0' COMMENT '0=active, 1=inactive',
  `created_at` timestamp NULL DEFAULT NULL,
  `updated_at` timestamp NULL DEFAULT NULL,
  PRIMARY KEY (`id`)
) ENGINE=InnoDB AUTO_INCREMENT=16 DEFAULT CHARSET=utf8 COLLATE=utf8_unicode_ci;
/*!40101 SET character_set_client = @saved_cs_client */;

--
-- Dumping data for table `master_document_categories`
--

LOCK TABLES `master_document_categories` WRITE;
/*!40000 ALTER TABLE `master_document_categories` DISABLE KEYS */;
INSERT INTO `master_document_categories` VALUES (1,'Test Category Name ','Test Category Name bn',1,1,1,1,'2021-03-07 03:56:40','2021-03-07 04:11:51'),(2,'Maisie Barron','Ivan Terry',100,1,1,0,'2021-03-07 04:00:57','2021-03-07 04:00:57'),(3,'Karleigh Chandler','Avram Parker',68,1,1,0,'2021-03-07 04:01:11','2021-03-07 04:01:11'),(4,'Lewis Dalton','Dakota Patterson',57,1,1,0,'2021-03-07 04:01:15','2021-03-07 04:01:15'),(5,'Kessie Dillon','Cynthia Olsen',69,1,1,0,'2021-03-07 04:01:19','2021-03-07 04:01:19'),(6,'Stewart Mendez','Madaline Simmons',72,1,1,0,'2021-03-07 04:01:22','2021-03-07 04:01:22'),(7,'Patrick Chaney','Axel Moss',8,1,1,0,'2021-03-07 04:01:26','2021-03-07 04:01:26'),(8,'Christopher Byrd','Wayne Arnold',37,1,1,0,'2021-03-07 04:01:32','2021-03-07 04:01:32'),(9,'Reece Orr','Rama Wells',77,1,1,0,'2021-03-07 04:01:36','2021-03-07 04:01:36'),(10,'Robin Marsh','Emily Ross',15,1,1,0,'2021-03-07 04:01:39','2021-03-07 04:01:39'),(11,'Kylynn Stokes','Bianca Moore',92,1,1,0,'2021-03-07 04:01:42','2021-03-07 04:01:42'),(12,'Carolyn Ball','Rogan Fuller',49,1,1,0,'2021-03-07 04:01:45','2021-03-07 04:01:45'),(13,'Carolyn Sears','Gavin Meyers',58,1,1,0,'2021-03-07 04:01:49','2021-03-07 04:01:49'),(14,'abcdefg','hijklmnop',5,1,1,0,'2021-03-07 04:33:16','2021-03-08 02:28:14'),(15,'sdf sdf sdf sdf sdf sd','ddd dff df d f',4,1,1,0,'2021-03-07 05:01:27','2021-03-08 02:27:52');
/*!40000 ALTER TABLE `master_document_categories` ENABLE KEYS */;
UNLOCK TABLES;

--
-- Table structure for table `master_eligibility_types`
--

DROP TABLE IF EXISTS `master_eligibility_types`;
/*!40101 SET @saved_cs_client     = @@character_set_client */;
/*!40101 SET character_set_client = utf8 */;
CREATE TABLE `master_eligibility_types` (
  `id` bigint(20) unsigned NOT NULL AUTO_INCREMENT,
  `type_name` varchar(100) COLLATE utf8_unicode_ci NOT NULL,
  `type_name_bn` varchar(100) COLLATE utf8_unicode_ci DEFAULT NULL,
  `created_by` bigint(20) unsigned DEFAULT NULL,
  `updated_by` bigint(20) unsigned DEFAULT NULL,
  `status` int(11) NOT NULL DEFAULT '0' COMMENT '0=active, 1=inactive',
  `created_at` timestamp NULL DEFAULT NULL,
  `updated_at` timestamp NULL DEFAULT NULL,
  PRIMARY KEY (`id`),
  UNIQUE KEY `master_eligibility_types_type_name_unique` (`type_name`)
) ENGINE=InnoDB AUTO_INCREMENT=15 DEFAULT CHARSET=utf8 COLLATE=utf8_unicode_ci;
/*!40101 SET character_set_client = @saved_cs_client */;

--
-- Dumping data for table `master_eligibility_types`
--

LOCK TABLES `master_eligibility_types` WRITE;
/*!40000 ALTER TABLE `master_eligibility_types` DISABLE KEYS */;
INSERT INTO `master_eligibility_types` VALUES (2,'Test Eligibility','পরীক্ষার যোগ্যতা',1,1,0,'2021-03-01 18:00:00','2021-03-03 04:37:20'),(3,'Master','মাস্টার',1,NULL,1,'2021-03-01 18:00:00','2021-03-03 04:37:26'),(5,'Programmer','প্রোগ্রামার',1,NULL,0,'2021-03-01 18:00:00','2021-03-02 04:31:05'),(6,'Engineer','ইঞ্জিনিয়ার',1,NULL,0,'2021-03-01 18:00:00','2021-03-02 04:31:58'),(14,'type_name','type_name bn',1,NULL,0,'2021-03-01 18:00:00','2021-03-02 04:37:26');
/*!40000 ALTER TABLE `master_eligibility_types` ENABLE KEYS */;
UNLOCK TABLES;

--
-- Table structure for table `master_faqs`
--

DROP TABLE IF EXISTS `master_faqs`;
/*!40101 SET @saved_cs_client     = @@character_set_client */;
/*!40101 SET character_set_client = utf8 */;
CREATE TABLE `master_faqs` (
  `id` bigint(20) unsigned NOT NULL AUTO_INCREMENT,
  `component_id` bigint(20) unsigned NOT NULL,
  `service_id` bigint(20) unsigned NOT NULL,
  `question` varchar(255) COLLATE utf8_unicode_ci DEFAULT NULL,
  `question_bn` varchar(255) COLLATE utf8_unicode_ci DEFAULT NULL,
  `answer` varchar(255) COLLATE utf8_unicode_ci DEFAULT NULL,
  `answer_bn` varchar(255) COLLATE utf8_unicode_ci DEFAULT NULL,
  `created_by` bigint(20) unsigned DEFAULT NULL,
  `updated_by` bigint(20) unsigned DEFAULT NULL,
  `status` int(11) NOT NULL DEFAULT '0' COMMENT '0=active, 1=inactive',
  `created_at` timestamp NULL DEFAULT NULL,
  `updated_at` timestamp NULL DEFAULT NULL,
  PRIMARY KEY (`id`)
) ENGINE=InnoDB AUTO_INCREMENT=11 DEFAULT CHARSET=utf8 COLLATE=utf8_unicode_ci;
/*!40101 SET character_set_client = @saved_cs_client */;

--
-- Dumping data for table `master_faqs`
--

LOCK TABLES `master_faqs` WRITE;
/*!40000 ALTER TABLE `master_faqs` DISABLE KEYS */;
INSERT INTO `master_faqs` VALUES (3,2,9,'question1','question bn','answer1','answer bn',1,NULL,0,'2021-03-02 18:00:00','2021-03-03 02:08:11'),(4,1,1,'question1','question bn','answer1','answer bn',1,NULL,0,'2021-03-02 18:00:00','2021-03-03 05:40:50'),(5,1,1,'question1','question bn','answer1','answer bn',1,NULL,0,'2021-03-02 18:00:00','2021-03-03 05:41:37'),(6,9,1,'dfd','adfd','dfd','dfdf',1,NULL,0,'2021-03-02 18:00:00','2021-03-03 22:28:37'),(7,9,1,'nbmnb','adfd','adfdf','adfdf',1,NULL,0,'2021-03-02 18:00:00','2021-03-03 06:30:58'),(8,9,2,'what is your name','bn','arif','arif bn',1,NULL,0,'2021-03-03 18:00:00','2021-03-03 22:28:31'),(9,9,6,'check','check bn','check answer','check answer',1,NULL,0,'2021-03-03 18:00:00','2021-03-03 22:27:50'),(10,9,6,'check secound','checksecound bn','check answer','check answer bn',1,NULL,0,'2021-03-03 18:00:00','2021-03-03 22:28:21');
/*!40000 ALTER TABLE `master_faqs` ENABLE KEYS */;
UNLOCK TABLES;

--
-- Table structure for table `master_grades`
--

DROP TABLE IF EXISTS `master_grades`;
/*!40101 SET @saved_cs_client     = @@character_set_client */;
/*!40101 SET character_set_client = utf8 */;
CREATE TABLE `master_grades` (
  `id` bigint(20) unsigned NOT NULL AUTO_INCREMENT,
  `grade_name` bigint(20) unsigned NOT NULL,
  `grade_name_bn` varchar(255) COLLATE utf8_unicode_ci DEFAULT NULL,
  `created_by` bigint(20) unsigned DEFAULT NULL,
  `updated_by` bigint(20) unsigned DEFAULT NULL,
  `status` int(11) NOT NULL DEFAULT '0' COMMENT '0=active, 1=inactive',
  `created_at` timestamp NULL DEFAULT NULL,
  `updated_at` timestamp NULL DEFAULT NULL,
  PRIMARY KEY (`id`)
) ENGINE=InnoDB AUTO_INCREMENT=21 DEFAULT CHARSET=utf8 COLLATE=utf8_unicode_ci;
/*!40101 SET character_set_client = @saved_cs_client */;

--
-- Dumping data for table `master_grades`
--

LOCK TABLES `master_grades` WRITE;
/*!40000 ALTER TABLE `master_grades` DISABLE KEYS */;
INSERT INTO `master_grades` VALUES (1,1,'১',1,1,0,NULL,NULL),(2,2,'২',1,1,0,NULL,NULL),(3,3,'৩',1,1,0,NULL,NULL),(4,4,'৪',1,1,0,NULL,NULL),(5,5,'৫',1,1,0,NULL,NULL),(6,6,'৬',1,1,0,NULL,NULL),(7,7,'৭',1,1,0,NULL,NULL),(8,8,'৮',1,1,0,NULL,NULL),(9,9,'৯',1,1,0,NULL,NULL),(10,10,'১০',1,1,0,NULL,NULL),(11,11,'১১',1,1,0,NULL,NULL),(12,12,'১২',1,1,0,NULL,NULL),(13,13,'১৩',1,1,0,NULL,NULL),(14,14,'১৪',1,1,0,NULL,NULL),(15,15,'১৫',1,1,0,NULL,NULL),(16,16,'১৬',1,1,0,NULL,NULL),(17,17,'১৭',1,1,0,NULL,NULL),(18,18,'১৮',1,1,0,NULL,NULL),(19,19,'১৯',1,1,0,NULL,NULL),(20,20,'২০',1,1,0,NULL,NULL);
/*!40000 ALTER TABLE `master_grades` ENABLE KEYS */;
UNLOCK TABLES;

--
-- Table structure for table `master_menus`
--

DROP TABLE IF EXISTS `master_menus`;
/*!40101 SET @saved_cs_client     = @@character_set_client */;
/*!40101 SET character_set_client = utf8 */;
CREATE TABLE `master_menus` (
  `id` bigint(20) unsigned NOT NULL AUTO_INCREMENT,
  `menu_name` varchar(255) COLLATE utf8_unicode_ci NOT NULL,
  `menu_name_bn` varchar(255) COLLATE utf8_unicode_ci NOT NULL,
  `url` varchar(255) COLLATE utf8_unicode_ci NOT NULL,
  `sorting_order` int(11) NOT NULL,
  `component_id` bigint(20) unsigned DEFAULT NULL,
  `module_id` bigint(20) unsigned DEFAULT NULL,
  `service_id` bigint(20) unsigned DEFAULT NULL,
  `created_by` bigint(20) unsigned DEFAULT NULL,
  `updated_by` bigint(20) unsigned DEFAULT NULL,
  `status` int(11) NOT NULL DEFAULT '0' COMMENT '0=active, 1=inactive',
  `created_at` timestamp NULL DEFAULT NULL,
  `updated_at` timestamp NULL DEFAULT NULL,
  PRIMARY KEY (`id`),
  KEY `master_menus_module_id_foreign` (`module_id`),
  KEY `master_menus_component_id_foreign` (`component_id`),
  KEY `master_menus_service_id_foreign` (`service_id`),
  CONSTRAINT `master_menus_component_id_foreign` FOREIGN KEY (`component_id`) REFERENCES `master_components` (`id`),
  CONSTRAINT `master_menus_module_id_foreign` FOREIGN KEY (`module_id`) REFERENCES `master_modules` (`id`)
) ENGINE=InnoDB AUTO_INCREMENT=203 DEFAULT CHARSET=utf8 COLLATE=utf8_unicode_ci;
/*!40101 SET character_set_client = @saved_cs_client */;

--
-- Dumping data for table `master_menus`
--

LOCK TABLES `master_menus` WRITE;
/*!40000 ALTER TABLE `master_menus` DISABLE KEYS */;
INSERT INTO `master_menus` VALUES (1,'Country Entry','দেশে যোগ করুন','/org-profile/country-list',1,1,3,NULL,1,1,0,'2021-02-14 05:12:05','2021-02-14 05:12:05'),(2,'Division Entry','বিভাগ যোগ করুন','/org-profile/division-list',2,1,3,NULL,1,1,0,'2021-02-14 05:15:03','2021-03-06 00:04:16'),(3,'District Entry','জেলা যোগ করুন','/org-profile/district-list',3,1,3,NULL,1,1,0,'2021-02-14 05:16:35','2021-03-06 00:05:35'),(4,'Upazila Entry','উপজেলা যোগ করুন','/org-profile/upazila-list',4,1,3,NULL,1,1,0,'2021-02-14 05:17:55','2021-02-14 05:17:55'),(5,'Union Entry','ইউনিয়ন যোগ করুন','/org-profile/union-list',5,1,3,NULL,1,1,0,'2021-02-14 05:18:58','2021-02-14 05:18:58'),(6,'Office Type','অফিসের ধরণ','/org-profile/office-type-list',6,1,3,NULL,1,1,0,'2021-02-14 05:20:27','2021-02-14 05:20:27'),(7,'Organization Profile','প্রোফাইল সংস্থা ','/org-profile/organizaion-profile-list',7,1,3,NULL,1,1,0,'2021-02-14 05:22:36','2021-02-14 05:22:36'),(8,'Office Entry','অফিস যোগ করুন','/org-profile/office-list',8,1,3,NULL,1,1,0,'2021-02-14 05:24:20','2021-02-14 05:24:20'),(9,'Component Entry','কম্পোনেন্ট যোগ করুন','/org-profile/component-list',9,1,3,NULL,1,1,0,'2021-02-14 05:36:43','2021-02-14 05:36:43'),(10,'Module Entry','মডিউল যোগ করুন','/org-profile/module-list',10,1,3,NULL,1,1,0,'2021-02-14 05:37:44','2021-02-14 05:37:44'),(11,'Service Entry','পরিষেবা যোগ করুন','/org-profile/service-list',11,1,3,NULL,1,1,0,'2021-02-14 05:39:34','2021-02-14 05:39:34'),(12,'Menu Entry','মেনু যোগ করুন','/org-profile/menu-list',12,1,3,NULL,1,1,0,'2021-02-14 05:40:54','2021-02-14 05:40:54'),(13,'Bank','ব্যাংক','/org-profile/bank-list',13,1,3,NULL,1,1,0,'2021-02-14 05:41:44','2021-02-14 05:41:44'),(14,'Branch','শাখা','/org-profile/branch-list',14,1,3,NULL,1,1,0,'2021-02-14 05:42:31','2021-02-14 05:42:31'),(15,'dialogue-info','তথ্য-সংলাপ','/org-profile/dialogue-info-list',15,1,3,NULL,1,1,0,'2021-02-14 05:44:15','2021-02-14 05:44:15'),(16,'User Role','ব্যবহারকারীর ভূমিকা','/common-service/access-control/user-role-list',1,1,6,NULL,1,1,0,'2021-02-14 05:48:30','2021-02-14 05:48:30'),(18,'Role','ভূমিকা','/common-service/user-management/role-list',1,1,5,NULL,1,1,0,'2021-02-14 05:51:27','2021-02-14 05:51:27'),(19,'Secret Question','গোপন প্রশ্ন','/common-service/user-management/secret-question',2,1,5,NULL,1,1,0,'2021-02-14 05:52:45','2021-02-14 05:52:45'),(20,'User','ব্যবহারকারী','/common-service/user-management/user-list',3,1,5,NULL,1,1,0,'2021-02-14 05:53:58','2021-02-14 05:53:58'),(21,'Complain Type','অভিযোগের ধরণ','/complain/complain-type-list',1,1,1,NULL,1,1,0,'2021-02-14 06:08:34','2021-02-14 06:08:34'),(22,'Complain Designation','অভিযোগ উপাধি','/complain/complain-designation-list',2,1,1,NULL,1,1,0,'2021-02-14 06:10:00','2021-02-14 06:10:00'),(23,'Submit Complain','অভিযোগ জমা দিন','/complain/submit-complain-list',3,1,1,NULL,1,1,0,'2021-02-14 06:10:58','2021-02-14 06:10:58'),(24,'Complain Chain','অভিযোগের চেইন','/complain/complain-chain-list',4,1,1,NULL,1,1,0,'2021-02-14 06:22:51','2021-02-14 06:22:51'),(25,'Complain Request','অভিযোগের অনুরোধ','/complain/complain-request-list',5,1,1,NULL,1,1,0,'2021-02-14 06:24:47','2021-02-14 06:24:47'),(26,'Complain Receive','অভিযোগ প্রাপ্তি','/complain/complain-receive-list',6,1,1,NULL,1,1,0,'2021-02-14 06:25:55','2021-02-14 06:25:55'),(27,'Complain Report','অভিযোগের প্রতিবেদন','/complain/complain-report-list',7,1,1,NULL,1,1,0,'2021-02-14 06:28:10','2021-02-14 06:28:10'),(28,'Create Committee','কমিটি তৈরি করুন','/committee/create-committee-list',1,1,2,NULL,1,1,0,'2021-02-14 06:32:38','2021-02-14 06:32:38'),(29,'Manage Agenda','এজেন্ডা পরিচালনা করুন','/committee/manage-agenda-list',2,1,2,NULL,1,1,0,'2021-02-14 06:33:59','2021-02-14 06:33:59'),(30,'Generate & Circulate','উত্পন্ন এবং সঞ্চালন','/committee/generate-circulate-list',3,1,2,NULL,1,1,0,'2021-02-14 06:35:23','2021-02-14 06:35:23'),(31,'Manage Expenses','ব্যয় পরিচালনা করুন','/committee/manage-expenses-list',4,1,2,NULL,1,1,0,'2021-02-14 06:36:24','2021-02-14 06:36:24'),(32,'Notification Type','বিজ্ঞপ্তি প্রকার','/notification/notification-type-list',1,1,7,NULL,1,1,0,'2021-02-14 22:08:43','2021-02-14 22:08:43'),(33,'Notification Setting','বিজ্ঞপ্তি সেটিং','/notification/notification-setting-list',2,1,7,NULL,1,1,0,'2021-02-14 22:09:46','2021-02-14 22:09:46'),(34,'Notification Template','বিজ্ঞপ্তি টেম্পলেট','/notification/notification-template-list',3,1,7,NULL,1,1,0,'2021-02-14 22:10:55','2021-02-14 22:10:55'),(35,'Circulate Notice','প্রচার বিজ্ঞপ্তি','/notification/circulate-notice-list',4,1,7,NULL,1,1,0,'2021-02-14 22:12:06','2021-02-14 22:12:06'),(36,'Designation','উপাধি','/organogram/designation-list',1,1,4,NULL,1,1,0,'2021-02-14 22:18:37','2021-02-14 22:18:37'),(37,'Assign Designation','পদবি নিযুক্ত করুন','/organogram/assign-designation-list',2,1,4,NULL,1,1,0,'2021-02-14 22:23:39','2021-02-14 22:23:39'),(38,'Document Category','নথি বিভাগ','/document/document-category-list',1,1,8,NULL,1,1,0,'2021-02-14 22:25:58','2021-02-14 22:25:58'),(39,'Add Document','নথি যুক্ত করুন','/document/add-document-list',2,1,8,NULL,1,1,0,'2021-02-14 22:28:48','2021-02-14 22:28:48'),(40,'Document Indexing','ডকুমেন্ট ইনডেক্সিং','/document/document-indexing-list',3,1,8,NULL,1,1,0,'2021-02-14 22:30:20','2021-02-14 22:30:20'),(41,'Archived Document','সংরক্ষণাগারভুক্ত নথি ','/document/document-archived-list',4,1,8,NULL,1,1,0,'2021-02-14 22:32:33','2021-02-14 22:32:33'),(42,'Report Heading','শিরোনাম প্রতিবেদন করুন','/irrigation-scheme-service/configuration/report-heading-list',14,9,15,NULL,1,1,0,'2021-02-14 22:45:52','2021-02-14 22:45:52'),(43,'Project Entry','প্রকল্প যোগ করুন','/irrigation-scheme-service/configuration/project-entry-list',1,9,15,NULL,1,1,0,'2021-02-14 22:48:23','2021-02-14 22:48:23'),(44,'Add Contractor','ঠিকাদার যুক্ত করুন','/irrigation-scheme-service/configuration/contractor-list',2,9,15,NULL,1,1,0,'2021-02-14 22:49:42','2021-02-14 22:49:42'),(45,'Equipment Type','যন্ত্রপাতির ধরন','/irrigation-scheme-service/configuration/equipment-type-list',16,9,15,NULL,1,1,0,'2021-02-14 22:50:56','2021-02-14 22:50:56'),(46,'Scheme Type','সেচের ধরণ','/irrigation-scheme-service/configuration/scheme-type-list',3,9,15,NULL,1,1,0,'2021-02-14 22:52:38','2021-02-14 22:52:38'),(47,'Item Category','আইটেমের বিভাগ','/irrigation-scheme-service/configuration/item-category-list',6,9,15,NULL,1,1,0,'2021-02-14 22:56:15','2021-02-14 22:56:15'),(48,'Store Item','স্টোর আইটেম','/irrigation-scheme-service/configuration/store-item-list',8,9,15,NULL,1,1,0,'2021-02-14 22:57:14','2021-02-24 03:41:13'),(49,'Pump Type','পাম্পের প্রকার','/irrigation-scheme-service/configuration/pump-type-list',9,9,15,NULL,1,1,0,'2021-02-14 23:00:34','2021-02-24 03:41:05'),(50,'Pump Installation Progress Type','পাম্প ইনস্টলেশন অগ্রগতি প্রকার','/irrigation-scheme-service/configuration/pump-installation-progress-type-list',10,9,15,NULL,1,1,0,'2021-02-14 23:03:34','2021-02-24 03:41:00'),(51,'Laboratory Info','পরীক্ষাগার সম্পর্কিত তথ্য','/irrigation-scheme-service/configuration/laboratory-list',11,9,15,NULL,1,1,0,'2021-02-14 23:06:08','2021-02-24 03:40:58'),(52,'Scheme Form affidavit','সেচের ফর্ম হলফনামা','/irrigation-scheme-service/configuration/scheme-form-affidavit-list',4,9,15,NULL,1,1,0,'2021-02-14 23:07:26','2021-02-24 03:40:50'),(53,'Measurement Unit','পরিমাপের একক','/irrigation-scheme-service/configuration/measurement-unit-list',7,9,15,NULL,1,1,0,'2021-02-14 23:08:58','2021-02-24 03:41:28'),(54,'Circle Area','নিদিষ্ট এলাকা','/irrigation-scheme-service/configuration/circle-area-list',5,9,15,NULL,1,1,0,'2021-02-14 23:10:58','2021-02-24 03:42:08'),(55,'Payment Entry','পেমেন্ট যোগ করুন','/irrigation-scheme-service/configuration/payment',12,9,15,1,1,1,0,'2021-02-14 23:12:41','2021-02-24 03:42:08'),(56,'Dashboard','ড্যাশবোর্ড','/irrigation-scheme-service/pump-installation/dashboard',4,9,9,NULL,1,1,0,'2021-02-14 23:18:53','2021-03-07 04:21:40'),(57,'Application List','আবেদন তালিকা','/irrigation-scheme-service/pump-installation/application-list',4,9,9,NULL,1,1,0,'2021-02-14 23:24:29','2021-03-02 03:47:20'),(58,'Selected for license application','লাইসেন্স আবেদন তালিকা','/irrigation-scheme-service/pump-installation/license-application-list',5,9,9,3,1,1,0,'2021-02-14 23:28:57','2021-03-02 04:15:05'),(59,'Current Status','বর্তমান অবস্থা','/irrigation-scheme-service/pump-installation/current-status',6,9,9,3,1,1,0,'2021-02-14 23:31:22','2021-03-02 04:03:27'),(60,'Contract Agreement','কাজের চুক্তিপত্র','/irrigation-scheme-service/pump-installation/contract-agreement',7,9,9,NULL,1,1,0,'2021-02-14 23:33:23','2021-03-02 04:05:54'),(61,'Requisition List','চাহিদার তালিকা','/irrigation-scheme-service/pump-installation/requisition-list',9,9,9,4,1,1,0,'2021-02-14 23:40:11','2021-03-02 04:06:02'),(62,'Receive Requisition','চাহিদাপত্র গ্রহণ করুন','/irrigation-scheme-service/pump-installation/receive-requisition-list',10,9,9,4,1,1,0,'2021-02-14 23:42:09','2021-03-02 04:06:08'),(63,'Supply Equipment','সরঞ্জাম সরবরাহ','/irrigation-scheme-service/pump-installation/supply-equipment',11,9,9,4,1,1,0,'2021-02-14 23:44:31','2021-03-02 04:06:14'),(64,'Pump Install','পাম্প ইনস্টল','/irrigation-scheme-service/pump-installation/pump-install',12,9,9,NULL,1,1,0,'2021-02-14 23:45:33','2021-03-02 04:06:29'),(65,'Stock In','স্টক ইন','/irrigation-scheme-service/pump-installation/stock-in',1,9,9,2,1,1,0,'2021-02-14 23:48:19','2021-03-02 03:46:49'),(66,'Stock Out','স্টক আউট','/irrigation-scheme-service/pump-installation/stock-out',2,9,9,2,1,1,0,'2021-02-14 23:50:02','2021-03-02 03:47:00'),(67,'Stock Out Approve','স্টক আউট অনুমোদন','/irrigation-scheme-service/pump-installation/stock-out-approve',3,9,9,2,1,1,0,'2021-02-14 23:51:35','2021-03-02 03:47:05'),(69,'Store Report','স্টোর রিপোর্ট','/irrigation-scheme-service/pump-installation/store-report',15,9,9,5,1,1,0,'2021-02-14 23:57:05','2021-02-15 00:13:35'),(70,'Pump Operator Report','পাম্প অপারেটর রিপোর্ট','/irrigation-scheme-service/pump-installation/pump-operator-report',16,9,9,5,1,1,0,'2021-02-14 23:58:31','2021-02-15 00:13:42'),(71,'Scheme Report',' স্কিম রিপোর্ট','/irrigation-scheme-service/pump-installation/scheme-report',17,9,9,5,1,1,0,'2021-02-14 23:59:37','2021-02-15 00:13:48'),(72,'Pump Operator Suspension','পাম্প অপারেটর সাসপেনশন','/irrigation/pump-information/pump-operator-suspension-list',5,9,11,NULL,1,1,0,'2021-02-15 00:12:21','2021-02-15 00:13:21'),(73,'Dashboard','ড্যাশবোর্ড','/irrigation/pump-information/dashboard',1,9,11,NULL,1,1,0,'2021-02-15 00:16:10','2021-02-15 00:16:10'),(74,'Pump Operator','পাম্প অপারেটর','/irrigation/pump-information/pump-operator-list',3,9,11,NULL,1,1,0,'2021-02-15 00:21:27','2021-03-01 23:47:12'),(75,'Pump Info','পাম্পের তথ্য','/irrigation/pump-information/pump-info-list',2,9,11,NULL,1,1,0,'2021-02-15 00:24:25','2021-03-04 05:50:18'),(76,'Pump Scheduler','পাম্প সময়সূচী','/irrigation/pump-information/pump-scheduler-list',4,9,11,NULL,1,1,0,'2021-02-15 00:26:39','2021-02-15 00:26:39'),(77,' Pump Report','পাম্প রিপোর্ট','/irrigation/pump-information/pump-report-list',6,9,11,8,1,1,0,'2021-02-15 00:28:31','2021-02-15 00:28:31'),(78,'Pump Operator Report','পাম্প অপারেটর রিপোর্ট','/irrigation/pump-information/pump-operator-report',7,9,11,8,1,1,0,'2021-02-15 00:30:07','2021-02-15 00:30:07'),(79,'Dashboard','ড্যাশবোর্ড','/irrigation/task/dashboard',1,9,10,NULL,1,1,0,'2021-02-15 00:34:33','2021-02-15 00:34:33'),(80,'Assign Task','কার্য বরাদ্দ করুন','/irrigation/task/assign-task',2,9,10,NULL,1,1,0,'2021-02-15 00:37:37','2021-02-15 00:37:37'),(81,'Task Calendar','টাস্ক ক্যালেন্ডার','/irrigation/task/task-calendar',3,9,10,NULL,1,1,0,'2021-02-15 00:39:05','2021-02-15 00:39:05'),(82,'Task Tracker','টাস্ক ট্র্যাকার','/irrigation/task/task-tracker',4,9,10,NULL,1,1,0,'2021-02-15 00:41:26','2021-02-15 00:41:26'),(83,'Task Status Report','কার্য স্থিতি প্রতিবেদন','/irrigation/task/task-report',5,9,10,7,1,1,0,'2021-02-15 00:42:49','2021-02-15 00:42:49'),(84,'Dashboard','ড্যাশবোর্ড','/irrigation/water-testing/dashboard',1,9,14,NULL,1,1,0,'2021-02-15 01:01:33','2021-02-15 01:01:33'),(85,'Irrigation water Request','সেচ জলের অনুরোধ','/irrigation/water-testing/irrigation-water',2,9,14,13,1,1,0,'2021-02-15 01:05:20','2021-02-15 01:05:20'),(86,'Drinking water Request','পানীয় জলের অনুরোধ','/irrigation/water-testing/drinking-water',3,9,14,13,1,1,0,'2021-02-15 01:09:14','2021-02-15 01:09:14'),(87,'Industrial water Request','শিল্প জলের অনুরোধ','/irrigation/water-testing/industrial-water',4,9,14,13,1,1,0,'2021-02-15 01:11:43','2021-02-15 01:11:43'),(88,'Testing Report Collection','পরীক্ষার রিপোর্ট সংগ্রহ','/irrigation/water-testing/testing-report-collection',5,9,14,NULL,1,1,0,'2021-02-15 01:13:15','2021-02-15 01:13:15'),(89,'Water Testing Report','জলের পরীক্ষার রিপোর্ট','/irrigation/water-testing/water-testing-reported',6,9,14,14,1,1,0,'2021-02-15 01:14:21','2021-02-15 01:14:21'),(90,'Publish Water Testing Report','জলের পরীক্ষার রিপোর্ট প্রকাশ করুন','/irrigation/water-testing/publish-water-testing-report',7,9,14,14,1,1,0,'2021-02-15 01:15:17','2021-02-15 02:00:20'),(91,'Dashboard','ড্যাশবোর্ড','/irrigation/card-payment/dashboard',1,9,12,NULL,1,1,0,'2021-02-15 01:19:19','2021-02-15 01:19:19'),(92,'New Application','নূতন আবেদনপত্র','/irrigation/card-payment/new-application',2,9,12,9,1,1,0,'2021-02-15 01:20:35','2021-02-15 01:20:35'),(93,'Reissue Application','পুনরায় আবেদন','/irrigation/card-payment/reissue-application',3,9,12,9,1,1,0,'2021-02-15 01:22:40','2021-02-15 01:22:40'),(94,'Generate Card','স্বয়ংক্রিয় কার্ড','/irrigation/card-payment/generate-card',4,9,12,NULL,1,1,0,'2021-02-15 01:24:37','2021-02-15 01:24:37'),(95,'Card List','কার্ডের তালিকা','/irrigation/card-payment/card-list',5,9,12,NULL,1,1,0,'2021-02-15 01:27:53','2021-02-15 01:27:53'),(96,'Application Report','আবেদন প্রতিবেদন','/irrigation/card-payment/application-report',6,9,12,10,1,1,0,'2021-02-15 01:29:14','2021-02-15 01:29:14'),(97,'Payment Collection Report','অর্থ সংগ্রহের প্রতিবেদন','/irrigation/card-payment/payment-collection-report',7,9,12,10,1,1,0,'2021-02-15 01:30:04','2021-02-15 02:02:36'),(98,'Dashboard','ড্যাশবোর্ড','/irrigation/pump-maintenance/dashboard',1,9,13,NULL,1,1,0,'2021-02-15 02:11:57','2021-02-15 02:11:57'),(99,'Complain List','অভিযোগের তালিকা','/irrigation/pump-maintenance/complain-list',2,9,13,NULL,1,1,0,'2021-02-15 02:13:36','2021-02-15 02:13:36'),(100,'Required Maintenance','প্রয়োজনীয় রক্ষণাবেক্ষণ','/irrigation/pump-maintenance/required-maintenance',3,9,13,NULL,1,1,0,'2021-02-15 02:14:39','2021-02-15 02:14:39'),(101,'Maintenance Task','রক্ষণাবেক্ষণের টাস্ক','/irrigation/pump-maintenance/maintenance-task',4,9,13,NULL,1,1,0,'2021-02-15 02:16:03','2021-02-15 02:16:03'),(102,'Receive Requisition','অনুরোধ গ্রহণ করুন','/irrigation/pump-maintenance/complain-receive-requisition',5,9,12,NULL,1,1,0,'2021-02-15 02:21:04','2021-02-15 02:21:04'),(103,'Supply Equipment',' সরবরাহ সরঞ্জাম','/irrigation/pump-maintenance/supply-equipment',6,9,13,15,1,1,0,'2021-02-15 02:25:20','2021-03-03 03:04:56'),(104,'Directory List','ডিরেক্টরি তালিকা','/irrigation/pump-maintenance/directory',9,9,13,11,1,1,0,'2021-02-15 02:27:14','2021-02-15 02:27:14'),(105,'Complain Report','অভিযোগ প্রতিবেদন','/irrigation/pump-maintenance/report/complain',10,9,13,12,1,1,0,'2021-02-15 02:29:44','2021-02-15 02:29:44'),(106,'Maintenance Report','রক্ষণাবেক্ষণ রিপোর্ট','/irrigation/pump-maintenance/report/maintenance',11,9,13,12,1,1,0,'2021-02-15 02:31:41','2021-02-15 02:31:41'),(107,'Warehouse User','গুদাম ব্যবহারকারী','/warehouse/master/user-list',1,6,16,NULL,1,1,0,'2021-02-15 02:52:24','2021-02-15 02:52:24'),(108,'Report Heading','শিরোনাম প্রতিবেদন করুন','/warehouse/master/ware-report-heading',2,6,16,NULL,1,1,0,'2021-02-15 02:53:15','2021-02-15 02:53:15'),(109,'Crop Type','শস্যের ধরণ','/warehouse/master/crop-type',3,6,16,NULL,1,1,0,'2021-02-15 02:54:21','2021-02-15 02:54:21'),(110,'Crop Name','শস্যের নাম','/warehouse/master/crop-name',4,6,16,NULL,1,1,0,'2021-02-15 02:55:50','2021-02-15 02:55:50'),(111,'Warehouse Type','গুদামের ধরণ','/warehouse/master/warehouse-type',5,6,16,NULL,1,1,0,'2021-02-15 02:57:24','2021-02-15 02:57:24'),(112,'Warehouse Designation','গুদামের উপাধি','/warehouse/master/commodity-designation',6,6,16,NULL,1,1,0,'2021-02-15 02:59:43','2021-02-15 02:59:43'),(113,'Warehouse','গুদাম','/warehouse/master/warehouse-information',7,6,16,NULL,1,1,0,'2021-02-15 03:00:43','2021-02-15 03:00:43'),(114,'Warehouse Market Price','গুদাম বাজারের দাম','/warehouse/master/commodity-market-Price',8,6,16,NULL,1,1,0,'2021-02-15 03:01:38','2021-02-15 03:01:38'),(115,'Warehouse Services','গুদাম পরিষেবা','/warehouse/master/warehouse-services',9,6,16,NULL,1,1,0,'2021-02-15 03:03:38','2021-02-23 11:55:40'),(116,'Fiscal Year','অর্থবছর','/warehouse/master/commodity-fiscal-year',10,6,16,NULL,1,1,0,'2021-02-15 03:05:56','2021-02-15 03:05:56'),(117,'Loan Rate','ঋণের হার','/warehouse/master/loan-rate',11,6,16,NULL,1,1,0,'2021-02-15 03:07:10','2021-02-15 03:07:10'),(118,'Bank Loan Calculate','ব্যাংক ঋণের হার','/warehouse/master/bank-loan-calculator',12,6,16,NULL,1,1,0,'2021-02-15 03:09:18','2021-02-15 03:09:33'),(119,'Region','অঞ্চল','/warehouse/master/region',13,6,16,NULL,1,1,0,'2021-02-15 03:11:30','2021-02-15 03:11:30'),(120,'Warehouse Level','গুদামের স্তর','/warehouse/master/warehouse-level',14,6,16,NULL,1,1,0,'2021-02-15 03:12:48','2021-02-15 03:12:48'),(121,'Warehouse Rent','গুদামের ভাড়া','/warehouse/master/warehouse-rent',15,6,16,NULL,1,1,0,'2021-02-15 03:13:44','2021-02-15 03:13:44'),(122,'Opening Balance','প্রারম্ভিক ব্যালেন্স','/warehouse/master/warehouse-opening-balance',16,6,16,NULL,1,1,0,'2021-02-15 03:15:16','2021-02-15 03:15:16'),(123,'Bank Loan Facility','ব্যাংক ঋণের সুবিধা','/warehouse/master/bank-loan-facility',17,6,16,NULL,1,1,0,'2021-02-15 03:16:52','2021-02-15 03:16:52'),(124,'Space Ability Dashboard','স্পেস অ্যাবিলিটি ড্যাশবোর্ড','/warehouse/service/space-availability-dashboard',1,6,19,NULL,1,1,0,'2021-02-15 03:22:15','2021-02-15 03:22:15'),(125,'E-Registration','ই-রেজিস্ট্রেশন','/warehouse/service/e-registration',2,6,19,NULL,1,1,0,'2021-02-15 03:23:46','2021-02-15 03:23:46'),(126,'Farmer\'s Request','কৃষকের অনুরোধ','/warehouse/service/farmer-request',3,6,19,NULL,1,1,0,'2021-02-15 03:24:46','2021-02-15 03:24:46'),(127,'Payment Collection','অর্থ সংগ্রহ','/warehouse/service/payment-collection',4,6,19,NULL,1,1,0,'2021-02-15 03:26:47','2021-02-15 03:26:47'),(128,'Registration-Recommendation','নিবন্ধন-সুপারিশ','/warehouse/service/reg-recommendation',5,6,19,NULL,1,1,0,'2021-02-15 03:29:50','2021-02-15 03:29:50'),(129,'Registration Approve','নিবন্ধন অনুমোদন','/warehouse/service/reg-approve',6,6,19,NULL,1,1,0,'2021-02-15 03:35:36','2021-02-15 03:35:36'),(130,'Released Schedule List','প্রকাশিত তফসিল তালিকা','/warehouse/service/delivery-schedule',7,6,19,NULL,1,1,0,'2021-02-15 03:37:10','2021-02-15 03:37:10'),(131,'Warehouse Information Report','গুদাম তথ্য প্রতিবেদন','/warehouse/report/ware-information-report',1,6,21,NULL,1,1,0,'2021-02-15 03:52:24','2021-02-15 03:52:24'),(132,'Product Receive & Delivery Report ','পণ্য গ্রহণ এবং বিতরণ প্রতিবেদন','/warehouse/report/Warehouse-Wise-Product-Received-And-Delivery-Report',2,6,21,NULL,1,1,0,'2021-02-15 03:54:29','2021-02-15 03:54:45'),(133,'Warehouse Wise Product Storage Information','গুদাম অনুযায়ী কৃষকের তথ্য প্রতিবেদন','/warehouse/report/ware-product-storage-report',3,6,21,NULL,1,1,0,'2021-02-15 03:57:11','2021-02-15 03:57:11'),(134,'Yearly Product Receive & Delivery Report','বার্ষিক পণ্য প্রাপ্তি এবং বিতরণ প্রতিবেদন','/warehouse/report/Yearly-Product-Received-And-Delivery-Report',4,6,21,NULL,1,1,0,'2021-02-15 03:58:24','2021-02-15 03:58:24'),(135,'Month wise Product Receive Report','মাস অনুসারে পণ্য প্রাপ্তির প্রতিবেদন','/warehouse/report/Month-Wise-Product-Received-Report',5,6,21,NULL,1,1,0,'2021-02-15 04:00:13','2021-02-15 04:00:13'),(136,'Warehouse Wise Farmer’s Information Report','গুদাম অনুযায়ী কৃষকের তথ্য প্রতিবেদন','/warehouse/report/Warehouse-Wise-Farmer-Information-Report',6,6,21,NULL,1,1,0,'2021-02-15 04:03:06','2021-02-15 04:03:06'),(137,'Date Wise Farmer’s Stock/Release Report','তারিখ অনুসারে কৃষকের স্টক / প্রকাশের প্রতিবেদন','/warehouse/report/date-wise-farmer-stock-release-report',7,6,21,NULL,1,1,0,'2021-02-15 04:04:41','2021-02-15 04:04:41'),(138,'Complain',' অভিযোগ','/warehouse/service-performance/complain',1,6,20,NULL,1,1,0,'2021-02-15 04:18:18','2021-02-15 04:18:18'),(139,'Service Monitoring','পরিষেবা নিরীক্ষণ','/warehouse/service-performance/service-monitoring',2,6,20,NULL,1,1,0,'2021-02-15 04:20:05','2021-02-15 04:20:05'),(140,'Warehouse KPI','গুদাম কেপিআই','/warehouse/service-performance/ware-kpi',3,6,20,NULL,1,1,0,'2021-02-15 04:21:20','2021-02-15 04:21:20'),(141,'Rating Entry','রেটিং যোগ করুন','/warehouse/service-performance/rating-entry',5,6,20,NULL,1,1,0,'2021-02-15 04:23:53','2021-02-15 04:23:53'),(142,'Warehouse Space Status','গুদাম স্থানের অবস্থা','/warehouse/information-service/warehouse-space-status',1,6,18,NULL,1,1,0,'2021-02-15 04:28:56','2021-02-15 04:28:56'),(143,'Tracing Service','ট্র্যাকিং পরিষেবা','/warehouse/information-service/tracing-service',2,6,18,NULL,1,1,0,'2021-02-15 04:32:32','2021-02-15 04:32:32'),(144,'Delivery Schedule','বিতরণ সময়সূচী','/warehouse/information-service/delivery-schedule',3,6,18,NULL,1,1,0,'2021-02-15 04:35:34','2021-02-15 04:35:34'),(145,'Stock Product','স্টক পণ্য','/warehouse/information-service/stock-product',4,6,18,NULL,1,1,0,'2021-02-15 04:36:49','2021-02-15 04:36:49'),(146,'Warehouse Dashboard','গুদাম ড্যাশবোর্ড','/warehouse/warehouse-management/dashboard',1,6,17,NULL,1,1,0,'2021-02-15 05:01:39','2021-02-15 05:01:39'),(147,'Space Management Report','স্পেস ম্যানেজমেন্ট রিপোর্ট','/warehouse/warehouse-management/space-management-report',2,6,17,NULL,1,1,0,'2021-02-15 05:02:40','2021-02-15 05:04:34'),(148,'Warehouse Report','গুদাম রিপোর্ট','/warehouse/warehouse-management/warehouse-report',3,6,17,NULL,1,1,0,'2021-02-15 05:03:28','2021-02-15 05:03:28'),(149,'Hierarchy','শ্রেণিবিন্যাস','/organogram/organogram-list',3,1,4,NULL,1,1,0,'2021-02-24 23:59:06','2021-02-24 23:59:06'),(150,'Refund/Deduction','ফেরত / ছাড়','/irrigation-scheme-service/configuration/refund-deduction',13,9,15,1,1,1,0,'2021-03-01 05:24:59','2021-03-01 05:24:59'),(151,'Rating & Feedback Report','রেটিং এবং প্রতিক্রিয়া প্রতিবেদন','/irrigation/pump-maintenance/report/rating-feedback',10,9,13,12,1,1,0,'2021-03-01 05:52:55','2021-03-01 05:52:55'),(152,'Space & Stock Dashboard','জায়গা এবং মজুত ড্যাশবোর্ড','/warehouse/service-performance/space-stock-dashboard',4,6,20,NULL,1,1,0,'2021-03-01 06:26:14','2021-03-01 06:26:14'),(154,'Log Report','লগ রিপোর্ট','/common-service/access-control/log-report',3,1,6,NULL,1,1,0,'2021-03-02 00:06:19','2021-03-02 00:06:19'),(155,'Service Eligibility Type','পরিষেবা যোগ্যতার ধরণের','/common-service/info-service-management/service-eligibility-type',1,1,22,NULL,1,1,0,'2021-03-02 02:33:07','2021-03-02 02:33:07'),(156,'Content Entry','সামগ্রী প্রবেশ','/common-service/info-service-management/content-entry',2,1,22,NULL,1,1,0,'2021-03-02 02:59:52','2021-03-02 02:59:52'),(157,'Manage FAQ','সচরাচর প্রশ্ন উত্তর পরিচালনা','/common-service/info-service-management/manage-faq',3,1,22,NULL,1,1,0,'2021-03-02 03:04:26','2021-03-02 03:04:26'),(158,'Payment Log','লেনদেন লগ','/payment-management/payment-log-list',2,1,23,NULL,1,1,0,'2021-03-02 05:21:05','2021-03-07 01:27:16'),(159,'Participation Fee','অংশগ্রহণ ফি','/irrigation-scheme-service/pump-installation/participation-fee',8,9,9,NULL,1,1,0,'2021-03-02 06:49:28','2021-03-02 06:49:28'),(160,'Testing Payment Report','পরীক্ষার লেনদেনের প্রতিবেদন','/irrigation/water-testing/testing-payment-report',8,9,14,14,1,1,0,'2021-03-02 22:48:13','2021-03-02 22:48:13'),(161,'Excel Import','এক্সেল ইমপোর্ট','/warehouse/master/excel-import',18,6,16,NULL,1,1,0,'2021-03-03 01:17:06','2021-03-03 01:17:06'),(162,'Receive Requisition','চাহিদাপত্র গ্রহণ করুন','/irrigation/pump-maintenance/complain-receive-requisition',7,9,13,15,1,1,0,'2021-03-03 03:11:33','2021-03-03 03:11:33'),(163,'Requisition List','চাহিদার তালিকা','/irrigation/pump-maintenance/complain-list',8,9,13,15,1,1,0,'2021-03-03 03:13:47','2021-03-03 03:13:47'),(164,'Pump Report Entry','পাম্প রিপোর্ট এন্ট্রি','/irrigation/pump-information/pump-report-entry',6,9,11,NULL,1,1,0,'2021-03-03 03:25:59','2021-03-03 03:25:59'),(165,'Database Backup','ডাটাবেস ব্যাকআপ','/common-service/data-archive/database-backup',1,1,24,NULL,1,1,0,'2021-03-03 09:35:38','2021-03-03 09:35:38'),(166,'Water Testing Entry','পানি পরীক্ষা এন্ট্রি','/irrigation/water-testing/water-testing-entry',6,9,14,NULL,1,1,0,'2021-03-04 00:08:46','2021-03-04 00:08:46'),(167,'New Application List','নতুন অ্যাপ্লিকেশন','/irrigation-scheme-service/pump-installation/pump-operator-application-list',12,9,9,6,1,1,0,'2021-03-04 01:14:05','2021-03-07 04:23:54'),(168,'Renew Application List','আবেদন পুনর্নবীকরণ','/irrigation-scheme-service/pump-installation/pump-opt-renew-application-list',12,9,9,6,1,1,0,'2021-03-04 01:16:25','2021-03-07 04:23:54'),(169,'Excel Import','এক্সেল ইমপোর্ট','/irrigation-scheme-service/configuration/excel-import',17,9,15,NULL,1,1,0,'2021-03-04 01:46:04','2021-03-04 01:46:04'),(171,'Menu Privilege','মেনু সুবিধার্থ তালিকা','/common-service/access-control/menu-privilege-list',5,1,6,NULL,1,1,0,'2021-03-04 06:23:06','2021-03-05 23:18:03'),(173,'Service Type','সেবার ধরণ','/warehouse/master/service-type',19,6,16,NULL,1,1,0,'2021-03-07 00:31:15','2021-03-07 00:31:15'),(174,'Service Entry','পরিষেবা যোগ করুন','/payment-management/service-entry-list',1,1,23,NULL,1,1,0,'2021-03-07 01:30:37','2021-03-07 01:30:37'),(175,'Dynamic Form Builder','স্বয়ংক্রিয় ফরম প্রস্তুতকারক','org-profile/dynamic-form-builder',20,1,3,NULL,1,1,0,'2021-03-07 04:39:05','2021-03-07 04:39:05'),(176,'Pre-Reqisite Check','প্রাক-পুনরুদ্ধার চেক','/warehouse/master/pre-reqisite-check-list',21,6,16,NULL,1,1,0,'2021-03-07 23:01:09','2021-03-07 23:01:09'),(177,'Category','ক্যাটাগরি','/warehouse/master/category',22,6,16,NULL,1,1,0,'2021-03-07 23:53:14','2021-03-07 23:56:06'),(178,'Drilling log','ড্রিলিং লগ','/irrigation/pump-information/drilling-log',23,9,11,NULL,1,1,0,'2021-03-09 03:43:25','2021-03-09 03:43:25'),(179,'Program Type','প্রোগ্রামের ধরণ','/seeds-fertilizer-service/seeds-configuration/program-type',24,8,25,16,1,1,0,'2021-03-09 05:45:06','2021-03-09 22:44:13'),(180,'Port Zone Setup','পোর্ট জোন সেটআপ','/seeds-fertilizer-service/fertilizer-config/port-zone-setup',25,8,26,17,1,1,0,'2021-03-09 22:28:20','2021-03-09 22:28:20'),(181,'Carryover/Fresh','বহন / তাজা','/seeds-fertilizer-service/seeds-configuration/carryover-fresh',26,8,25,16,1,1,0,'2021-03-09 23:09:58','2021-03-09 23:10:48'),(182,'Test Menu Name 1','test','https://testurl.com',27,1,1,18,1,1,0,'2021-03-09 23:30:39','2021-03-09 23:30:39'),(183,'Crop Type','শস্যের ধরণ','/seeds-fertilizer-service/seeds-configuration/crop-type',28,8,25,16,1,1,0,'2021-03-10 00:15:36','2021-03-10 00:15:36'),(184,'Construction Details','নির্মাণের বিশদ','irrigation/pump-information/construction-details',29,9,11,NULL,1,1,0,'2021-03-10 00:20:51','2021-03-10 00:20:51'),(185,'Agent','Agent','/seeds-fertilizer-service/fertilizer-config/agent',30,8,26,17,1,1,0,'2021-03-10 00:30:25','2021-03-10 00:30:25'),(186,'Crop Name','শস্যের নাম','/seeds-fertilizer-service/seeds-configuration/crop-name',31,8,25,16,1,1,0,'2021-03-10 03:02:22','2021-03-10 03:02:22'),(187,'Price Type','দামের ধরণ','/seeds-fertilizer-service/seeds-configuration/price-type',32,8,25,16,1,1,0,'2021-03-10 03:11:39','2021-03-10 03:11:39'),(188,'Add Survey Report','জরিপ প্রতিবেদন যুক্ত করুন','irrigation-scheme-service/pump-installation/pump-opt-app-survey',12,9,9,6,1,1,0,'2021-03-10 05:26:43','2021-03-10 05:29:38'),(189,'Sales Center','বিক্রয় কেন্দ্র','/seeds-fertilizer-service/fertilizer-config/sales-center',33,8,26,17,1,1,0,'2021-03-10 22:55:19','2021-03-10 22:55:19'),(190,'Transport Rent','পরিবহন ভাড়া','/seeds-fertilizer-service/fertilizer-config/transport-rent',34,8,26,17,1,1,0,'2021-03-11 00:11:47','2021-03-11 00:12:37'),(191,'Warehouse User','গুদাম ব্যবহারকারী','/seeds-fertilizer-service/fertilizer-config/warehouse-user',35,8,26,17,1,1,0,'2021-03-11 01:48:50','2021-03-11 02:31:31'),(192,'Receive Pump Operator Application List','পাম্প অপারেটরের আবেদনের তালিকা গ্রহণ করুন','irrigation-scheme-service/pump-installation/receive-pump-opt-app',14,9,9,6,1,1,0,'2021-03-11 02:22:09','2021-03-11 02:23:45'),(193,'Port Information','পোর্ট তথ্য','seeds-fertilizer-service/fertilizer-config/port-info',36,8,26,17,1,1,0,'2021-03-11 02:53:04','2021-03-11 02:56:20'),(194,'Sub Scheme Type','উপ সেচের ধরণ','/irrigation-scheme-service/configuration/sub-scheme-type-list',37,9,15,NULL,1,1,0,'2021-03-11 03:17:39','2021-03-11 03:17:39'),(195,'Warehouse/ Godown Information ','গুদাম / গোডাউন তথ্য','/seeds-fertilizer-service/fertilizer-config/godown-information ',38,8,26,17,1,1,0,'2021-03-11 03:32:11','2021-03-11 03:33:22'),(196,'Fertilizer Import Country','সার আমদানির দেশ','seeds-fertilizer-service/fertilizer-config/fertilizer-import-country',39,8,26,17,1,1,0,'2021-03-11 04:07:42','2021-03-11 04:07:42'),(197,'Market Information','বাজার তথ্য','warehouse/master/market-infos',23,6,16,NULL,1,1,0,'2021-03-11 04:11:37','2021-03-11 04:16:30'),(198,'Variety','ভ্যারাইটি','/seeds-fertilizer-service/seeds-configuration/variety',40,8,25,16,1,1,0,'2021-03-11 05:01:05','2021-03-11 05:01:05'),(199,'Seed Class','বীজ শ্রেণি','/seeds-fertilizer-service/seeds-configuration/seed-class',41,8,25,16,1,1,0,'2021-03-11 05:02:07','2021-03-11 05:02:07'),(200,'Production Source','উৎপাদন উৎস','/seeds-fertilizer-service/seeds-configuration/production-source',42,8,25,16,1,1,0,'2021-03-11 05:03:22','2021-03-11 05:03:22'),(201,'q','w','q',43,1,1,18,1,1,0,'2021-03-11 05:05:03','2021-03-11 05:05:03'),(202,'sunny test','sunny test','sunny test',44,1,1,18,1,1,0,'2021-03-11 05:06:08','2021-03-11 05:06:40');
/*!40000 ALTER TABLE `master_menus` ENABLE KEYS */;
UNLOCK TABLES;

--
-- Table structure for table `master_modules`
--

DROP TABLE IF EXISTS `master_modules`;
/*!40101 SET @saved_cs_client     = @@character_set_client */;
/*!40101 SET character_set_client = utf8 */;
CREATE TABLE `master_modules` (
  `id` bigint(20) unsigned NOT NULL AUTO_INCREMENT,
  `module_name` varchar(100) COLLATE utf8_unicode_ci NOT NULL,
  `module_name_bn` varchar(100) COLLATE utf8_unicode_ci NOT NULL,
  `component_id` bigint(20) unsigned NOT NULL,
  `sorting_order` int(11) NOT NULL DEFAULT '0',
  `created_by` bigint(20) unsigned DEFAULT NULL,
  `updated_by` bigint(20) unsigned DEFAULT NULL,
  `status` int(11) NOT NULL DEFAULT '0' COMMENT '0=active, 1=inactive',
  `created_at` timestamp NULL DEFAULT NULL,
  `updated_at` timestamp NULL DEFAULT NULL,
  PRIMARY KEY (`id`),
  KEY `master_modules_component_id_foreign` (`component_id`),
  CONSTRAINT `master_modules_component_id_foreign` FOREIGN KEY (`component_id`) REFERENCES `master_components` (`id`)
) ENGINE=InnoDB AUTO_INCREMENT=27 DEFAULT CHARSET=utf8 COLLATE=utf8_unicode_ci;
/*!40101 SET character_set_client = @saved_cs_client */;

--
-- Dumping data for table `master_modules`
--

LOCK TABLES `master_modules` WRITE;
/*!40000 ALTER TABLE `master_modules` DISABLE KEYS */;
INSERT INTO `master_modules` VALUES (1,'Complain Management','অভিযোগ ম্যানেজমেন্ট',1,5,1,1,0,'2021-02-14 02:57:19','2021-02-14 02:57:19'),(2,'Committee','কমিটি',1,6,1,1,0,'2021-02-14 02:58:55','2021-02-14 03:27:03'),(3,'Organizational Profile Management ','সাংগঠনিক প্রোফাইল পরিচালনা',1,1,1,1,0,'2021-02-14 03:00:08','2021-02-14 03:00:08'),(4,'Organogram','অর্গানোগ্রাম',1,2,1,1,0,'2021-02-14 03:00:50','2021-02-14 03:27:29'),(5,'User Management','ইউজার ম্যানেজমেন্ট',1,3,1,1,0,'2021-02-14 03:01:45','2021-02-14 03:01:45'),(6,'Access Control','অ্যাক্সেস কন্ট্রোল',1,4,1,1,0,'2021-02-14 03:04:08','2021-02-14 03:28:05'),(7,'Notification Management','বিজ্ঞপ্তি ব্যবস্থাপনা',1,7,1,1,0,'2021-02-14 03:05:19','2021-02-14 03:05:19'),(8,'Document Management ','নথি ব্যবস্থাপনা',1,8,1,1,0,'2021-02-14 03:06:01','2021-02-14 03:06:01'),(9,'Pump Installation','পাম্প ইনস্টলেশন',9,2,1,1,0,'2021-02-14 03:12:19','2021-02-14 03:29:21'),(10,'Task Management','টাস্ক ম্যানেজমেন্ট',9,3,1,1,0,'2021-02-14 03:14:37','2021-02-14 03:29:34'),(11,'Pump Information','পাম্প ইনফরমেশন',9,4,1,1,0,'2021-02-14 03:16:29','2021-02-14 03:29:55'),(12,'Farmer Card Payment Management ','কৃষক কার্ড পেমেন্ট ম্যানেজমেন্ট',9,5,1,1,0,'2021-02-14 03:17:47','2021-03-02 04:24:42'),(13,'Pump Maintenance & Complain','পাম্প রক্ষণাবেক্ষণ ও অভিযোগ',9,6,1,1,0,'2021-02-14 03:18:53','2021-02-14 03:31:08'),(14,'Water Testing & Survey','জলের পরীক্ষা ও সমীক্ষা',9,7,1,1,0,'2021-02-14 03:19:46','2021-02-14 03:19:46'),(15,'Configuration','কনফিগারেশন',9,1,1,1,0,'2021-02-14 03:24:33','2021-02-14 03:24:33'),(16,'Configuration','কনফিগারেশন',6,1,1,1,0,'2021-02-14 03:35:44','2021-02-14 03:35:44'),(17,'Warehouse Management System','গুদাম ম্যানেজমেন্ট সিস্টেম',6,3,1,1,0,'2021-02-14 03:38:33','2021-02-14 03:38:33'),(18,'Warehouse Info Service','গুদাম তথ্য পরিষেবা',6,2,1,1,0,'2021-02-14 03:41:28','2021-02-14 03:41:28'),(19,'Warehouse Service','গুদাম পরিষেবা',6,4,1,1,0,'2021-02-14 03:42:21','2021-02-14 03:42:21'),(20,'Service Performance','পরিষেবা কর্মক্ষমতা',6,5,1,1,0,'2021-02-14 03:43:08','2021-02-14 03:43:08'),(21,'Report','রিপোর্ট',6,6,1,1,0,'2021-02-14 03:44:59','2021-02-14 03:44:59'),(22,'Information Service Management','তথ্য পরিষেবা পরিচালনা',1,9,1,1,0,'2021-03-02 02:13:19','2021-03-02 02:13:19'),(23,'Payment Management','লেনদেন ব্যবস্থাপনা',1,10,1,1,0,'2021-03-02 05:17:11','2021-03-02 05:17:11'),(24,'Data Archive','ডাটা আর্কাইভ',1,11,1,1,0,'2021-03-03 09:34:19','2021-03-03 09:34:19'),(25,'Seeds','বীজ',8,1,1,1,0,'2021-03-09 05:41:03','2021-03-09 05:41:03'),(26,'Fertilizer','সার',8,2,1,1,0,'2021-03-09 05:42:10','2021-03-09 05:42:10');
/*!40000 ALTER TABLE `master_modules` ENABLE KEYS */;
UNLOCK TABLES;

--
-- Table structure for table `master_notification_settings`
--

DROP TABLE IF EXISTS `master_notification_settings`;
/*!40101 SET @saved_cs_client     = @@character_set_client */;
/*!40101 SET character_set_client = utf8 */;
CREATE TABLE `master_notification_settings` (
  `id` bigint(20) unsigned NOT NULL AUTO_INCREMENT,
  `org_id` bigint(20) unsigned DEFAULT NULL,
  `component_id` bigint(20) unsigned DEFAULT NULL,
  `module_id` bigint(20) unsigned DEFAULT NULL,
  `service_id` bigint(20) unsigned DEFAULT NULL,
  `menu_id` bigint(20) unsigned DEFAULT NULL,
  `notification_type_id` bigint(20) unsigned DEFAULT NULL,
  `created_by` bigint(20) unsigned DEFAULT NULL,
  `updated_by` bigint(20) unsigned DEFAULT NULL,
  `status` int(11) NOT NULL DEFAULT '0' COMMENT '0=active, 1=inactive',
  `created_at` timestamp NULL DEFAULT NULL,
  `updated_at` timestamp NULL DEFAULT NULL,
  PRIMARY KEY (`id`),
  KEY `master_notification_settings_notification_type_id_foreign` (`notification_type_id`),
  CONSTRAINT `master_notification_settings_notification_type_id_foreign` FOREIGN KEY (`notification_type_id`) REFERENCES `master_notification_types` (`id`)
) ENGINE=InnoDB DEFAULT CHARSET=utf8 COLLATE=utf8_unicode_ci;
/*!40101 SET character_set_client = @saved_cs_client */;

--
-- Dumping data for table `master_notification_settings`
--

LOCK TABLES `master_notification_settings` WRITE;
/*!40000 ALTER TABLE `master_notification_settings` DISABLE KEYS */;
/*!40000 ALTER TABLE `master_notification_settings` ENABLE KEYS */;
UNLOCK TABLES;

--
-- Table structure for table `master_notification_types`
--

DROP TABLE IF EXISTS `master_notification_types`;
/*!40101 SET @saved_cs_client     = @@character_set_client */;
/*!40101 SET character_set_client = utf8 */;
CREATE TABLE `master_notification_types` (
  `id` bigint(20) unsigned NOT NULL AUTO_INCREMENT,
  `not_type_name` varchar(255) COLLATE utf8_unicode_ci NOT NULL,
  `not_type_name_bn` varchar(255) COLLATE utf8_unicode_ci NOT NULL,
  `created_by` bigint(20) unsigned DEFAULT NULL,
  `updated_by` bigint(20) unsigned DEFAULT NULL,
  `status` int(11) NOT NULL DEFAULT '0' COMMENT '0=active, 1=inactive',
  `created_at` timestamp NULL DEFAULT NULL,
  `updated_at` timestamp NULL DEFAULT NULL,
  PRIMARY KEY (`id`)
) ENGINE=InnoDB AUTO_INCREMENT=3 DEFAULT CHARSET=utf8 COLLATE=utf8_unicode_ci;
/*!40101 SET character_set_client = @saved_cs_client */;

--
-- Dumping data for table `master_notification_types`
--

LOCK TABLES `master_notification_types` WRITE;
/*!40000 ALTER TABLE `master_notification_types` DISABLE KEYS */;
INSERT INTO `master_notification_types` VALUES (1,'Type 1','Type 1 bn',1,1,0,'2021-03-08 04:17:06','2021-03-09 03:26:52'),(2,'Type 2','Type 2 bn',1,1,0,'2021-03-08 04:17:21','2021-03-08 04:17:21');
/*!40000 ALTER TABLE `master_notification_types` ENABLE KEYS */;
UNLOCK TABLES;

--
-- Table structure for table `master_office_types`
--

DROP TABLE IF EXISTS `master_office_types`;
/*!40101 SET @saved_cs_client     = @@character_set_client */;
/*!40101 SET character_set_client = utf8 */;
CREATE TABLE `master_office_types` (
  `id` bigint(20) unsigned NOT NULL AUTO_INCREMENT,
  `org_id` int(11) DEFAULT NULL,
  `office_type_name` varchar(100) COLLATE utf8_unicode_ci NOT NULL,
  `office_type_name_bn` varchar(100) COLLATE utf8_unicode_ci DEFAULT NULL,
  `created_by` bigint(20) unsigned DEFAULT NULL,
  `updated_by` bigint(20) unsigned DEFAULT NULL,
  `status` int(11) NOT NULL DEFAULT '0' COMMENT '0=active, 1=inactive',
  `created_at` timestamp NULL DEFAULT NULL,
  `updated_at` timestamp NULL DEFAULT NULL,
  PRIMARY KEY (`id`)
) ENGINE=InnoDB AUTO_INCREMENT=59 DEFAULT CHARSET=utf8 COLLATE=utf8_unicode_ci;
/*!40101 SET character_set_client = @saved_cs_client */;

--
-- Dumping data for table `master_office_types`
--

LOCK TABLES `master_office_types` WRITE;
/*!40000 ALTER TABLE `master_office_types` DISABLE KEYS */;
INSERT INTO `master_office_types` VALUES (1,4,'Head Office','সদর দফতর',1,1,0,'2021-02-17 02:03:19','2021-03-08 04:25:29'),(2,1,'DAM Warehouse ','DAM Warehouse ',1,1,0,'2021-02-24 02:28:27','2021-02-24 02:28:27'),(3,2,'QA Test Office Type','QA Test Office Type Bn',1,1,0,'2021-03-01 23:06:06','2021-03-01 23:06:06'),(4,2,'Nadim Test Office ','Nadim Test Office ',1,1,0,'2021-03-02 01:41:08','2021-03-02 01:41:08'),(5,1,'Test Office Type Badc','Test Office Type Badc bn',1,1,0,'2021-03-03 23:33:43','2021-03-03 23:33:43'),(6,1,'Test Office child office Type Badc','Test Office child office Type Badc bn',1,1,0,'2021-03-03 23:35:20','2021-03-03 23:35:20'),(7,1,'Nadim Office 2','Nadim Office 2',1,1,0,'2021-03-04 05:26:45','2021-03-04 05:26:45'),(8,2,'Hanif Test Office','হানিফ টেস্ট অফিস',1,1,0,'2021-03-05 23:27:54','2021-03-06 00:38:54'),(27,11,'Arif office','Arif office bn',1,1,0,'2021-03-06 04:42:33','2021-03-06 04:42:33'),(42,16,'Arif office1','Arif office bn',1,1,0,'2021-03-06 04:55:48','2021-03-06 04:55:48'),(47,3,'Arif office2','Arif office bn',1,1,0,'2021-03-06 04:59:29','2021-03-06 04:59:29'),(48,4,'lll','lll',1,1,0,'2021-03-06 05:01:10','2021-03-06 05:01:10'),(56,8,'lll','lll',1,1,0,'2021-03-06 05:16:56','2021-03-06 05:16:56'),(57,3,'Head Office','Head Office',1,1,0,'2021-03-06 06:46:40','2021-03-08 04:26:10'),(58,3,'shaun office','shaun office bn',1,1,0,'2021-03-11 04:39:26','2021-03-11 04:39:26');
/*!40000 ALTER TABLE `master_office_types` ENABLE KEYS */;
UNLOCK TABLES;

--
-- Table structure for table `master_offices`
--

DROP TABLE IF EXISTS `master_offices`;
/*!40101 SET @saved_cs_client     = @@character_set_client */;
/*!40101 SET character_set_client = utf8 */;
CREATE TABLE `master_offices` (
  `id` bigint(20) unsigned NOT NULL AUTO_INCREMENT,
  `org_id` bigint(20) unsigned DEFAULT NULL,
  `office_type_id` bigint(20) unsigned DEFAULT NULL,
  `country_id` bigint(20) unsigned DEFAULT NULL,
  `division_id` bigint(20) unsigned DEFAULT NULL,
  `district_id` bigint(20) unsigned DEFAULT NULL,
  `upazilla_id` bigint(20) unsigned DEFAULT NULL,
  `union_id` bigint(20) unsigned DEFAULT NULL,
  `office_name` varchar(100) COLLATE utf8_unicode_ci NOT NULL,
  `office_name_bn` varchar(100) COLLATE utf8_unicode_ci NOT NULL,
  `office_code` varchar(100) COLLATE utf8_unicode_ci DEFAULT NULL,
  `parent_office_type_id` bigint(20) unsigned DEFAULT NULL,
  `parent_office_id` bigint(20) unsigned DEFAULT NULL,
  `created_by` bigint(20) unsigned DEFAULT NULL,
  `updated_by` bigint(20) unsigned DEFAULT NULL,
  `status` int(11) NOT NULL DEFAULT '0' COMMENT '0=active, 1=inactive',
  `created_at` timestamp NULL DEFAULT NULL,
  `updated_at` timestamp NULL DEFAULT NULL,
  PRIMARY KEY (`id`)
) ENGINE=InnoDB AUTO_INCREMENT=11 DEFAULT CHARSET=utf8 COLLATE=utf8_unicode_ci;
/*!40101 SET character_set_client = @saved_cs_client */;

--
-- Dumping data for table `master_offices`
--

LOCK TABLES `master_offices` WRITE;
/*!40000 ALTER TABLE `master_offices` DISABLE KEYS */;
INSERT INTO `master_offices` VALUES (1,3,57,1,1,1,1,1,'Audit Division','Audit Division','5252',0,0,1,1,0,'2021-02-17 02:03:51','2021-03-08 04:17:19'),(2,13,2,1,6,47,365,3271,'Warehouse Office','Warehouse Office','',2,0,1,1,0,'2021-02-24 02:33:15','2021-02-24 02:33:15'),(3,1,2,1,10,65,492,4541,'QA Test Office','QA Test Office Bn','1234',3,3,1,1,0,'2021-03-01 23:07:05','2021-03-06 02:51:52'),(4,3,4,1,6,47,365,3271,'Nadim Office','Nadim Office','000',1,0,1,1,0,'2021-03-02 01:42:29','2021-03-02 01:42:29'),(5,2,1,1,6,47,365,3271,'DAE OFFICE','DAE OFFICE','666',0,0,1,1,0,'2021-03-03 22:37:02','2021-03-03 22:37:02'),(6,3,5,1,1,1,1,1,'Test Office Name Badc','Test Office Name Badc','5252',0,0,1,1,0,'2021-03-03 23:34:40','2021-03-07 05:33:03'),(7,3,5,1,1,1,1,1,'Test Child Office Name','Test Child Office Name bn','1025',5,6,1,1,0,'2021-03-03 23:36:06','2021-03-05 22:31:19'),(8,3,7,1,4,31,239,2172,'Nadim Office 2','Nadim Office 2','1234',4,4,1,1,0,'2021-03-04 05:28:13','2021-03-04 05:28:13'),(9,2,8,1,1,1,1,1,'Test Office Hanif','Test Office Hanif bn','907',1,1,1,1,0,'2021-03-06 02:18:54','2021-03-06 02:18:54'),(10,3,58,1,1,1,1,1,'shaun office name','shaun office name bn','244',0,0,1,1,0,'2021-03-11 04:39:59','2021-03-11 04:39:59');
/*!40000 ALTER TABLE `master_offices` ENABLE KEYS */;
UNLOCK TABLES;

--
-- Table structure for table `master_org_components`
--

DROP TABLE IF EXISTS `master_org_components`;
/*!40101 SET @saved_cs_client     = @@character_set_client */;
/*!40101 SET character_set_client = utf8 */;
CREATE TABLE `master_org_components` (
  `id` bigint(20) unsigned NOT NULL AUTO_INCREMENT,
  `org_id` bigint(20) unsigned NOT NULL,
  `component_id` bigint(20) unsigned NOT NULL,
  `created_by` bigint(20) unsigned DEFAULT NULL,
  `updated_by` bigint(20) unsigned DEFAULT NULL,
  `status` int(11) NOT NULL DEFAULT '0' COMMENT '0=active, 1=inactive',
  `created_at` timestamp NULL DEFAULT NULL,
  `updated_at` timestamp NULL DEFAULT NULL,
  PRIMARY KEY (`id`),
  KEY `master_org_components_component_id_foreign` (`component_id`),
  CONSTRAINT `master_org_components_component_id_foreign` FOREIGN KEY (`component_id`) REFERENCES `master_components` (`id`)
) ENGINE=InnoDB AUTO_INCREMENT=32 DEFAULT CHARSET=utf8 COLLATE=utf8_unicode_ci;
/*!40101 SET character_set_client = @saved_cs_client */;

--
-- Dumping data for table `master_org_components`
--

LOCK TABLES `master_org_components` WRITE;
/*!40000 ALTER TABLE `master_org_components` DISABLE KEYS */;
INSERT INTO `master_org_components` VALUES (5,13,6,NULL,NULL,0,'2021-02-14 02:55:30','2021-02-14 02:55:30'),(6,1,1,NULL,NULL,0,'2021-02-17 01:55:00','2021-02-17 01:55:00'),(7,2,1,NULL,NULL,0,'2021-02-17 01:55:00','2021-02-17 01:55:00'),(8,3,1,NULL,NULL,0,'2021-02-17 01:55:00','2021-02-17 01:55:00'),(9,4,1,NULL,NULL,0,'2021-02-17 01:55:00','2021-02-17 01:55:00'),(10,5,1,NULL,NULL,0,'2021-02-17 01:55:00','2021-02-17 01:55:00'),(11,6,1,NULL,NULL,0,'2021-02-17 01:55:00','2021-02-17 01:55:00'),(12,7,1,NULL,NULL,0,'2021-02-17 01:55:00','2021-02-17 01:55:00'),(13,8,1,NULL,NULL,0,'2021-02-17 01:55:00','2021-02-17 01:55:00'),(14,9,1,NULL,NULL,0,'2021-02-17 01:55:01','2021-02-17 01:55:01'),(15,10,1,NULL,NULL,0,'2021-02-17 01:55:01','2021-02-17 01:55:01'),(16,15,1,NULL,NULL,0,'2021-02-17 01:55:01','2021-02-17 01:55:01'),(17,14,1,NULL,NULL,0,'2021-02-17 01:55:01','2021-02-17 01:55:01'),(18,12,1,NULL,NULL,0,'2021-02-17 01:55:01','2021-02-17 01:55:01'),(19,16,1,NULL,NULL,0,'2021-02-17 01:55:01','2021-02-17 01:55:01'),(20,11,1,NULL,NULL,0,'2021-02-17 01:55:01','2021-02-17 01:55:01'),(21,17,1,NULL,NULL,0,'2021-02-17 01:55:01','2021-02-17 01:55:01'),(22,18,1,NULL,NULL,0,'2021-02-17 01:55:01','2021-02-17 01:55:01'),(23,13,1,NULL,NULL,0,'2021-02-17 01:55:01','2021-02-17 01:55:01'),(24,19,1,NULL,NULL,0,'2021-02-17 01:55:01','2021-02-17 01:55:01'),(25,3,9,NULL,NULL,0,'2021-02-23 02:39:08','2021-02-23 02:39:08'),(26,15,9,NULL,NULL,0,'2021-02-23 02:39:08','2021-02-23 02:39:08'),(27,2,9,NULL,NULL,0,'2021-02-23 02:39:08','2021-02-23 02:39:08'),(28,14,7,NULL,NULL,0,'2021-03-02 04:50:49','2021-03-02 04:50:49'),(29,9,7,NULL,NULL,0,'2021-03-02 04:50:49','2021-03-02 04:50:49'),(30,10,7,NULL,NULL,0,'2021-03-02 04:50:49','2021-03-02 04:50:49'),(31,15,7,NULL,NULL,0,'2021-03-02 04:50:49','2021-03-02 04:50:49');
/*!40000 ALTER TABLE `master_org_components` ENABLE KEYS */;
UNLOCK TABLES;

--
-- Table structure for table `master_org_modules`
--

DROP TABLE IF EXISTS `master_org_modules`;
/*!40101 SET @saved_cs_client     = @@character_set_client */;
/*!40101 SET character_set_client = utf8 */;
CREATE TABLE `master_org_modules` (
  `id` bigint(20) unsigned NOT NULL AUTO_INCREMENT,
  `module_id` bigint(20) unsigned NOT NULL,
  `org_id` bigint(20) unsigned NOT NULL,
  `created_by` bigint(20) unsigned DEFAULT NULL,
  `updated_by` bigint(20) unsigned DEFAULT NULL,
  `status` int(11) NOT NULL DEFAULT '0' COMMENT '0=active, 1=inactive',
  `created_at` timestamp NULL DEFAULT NULL,
  `updated_at` timestamp NULL DEFAULT NULL,
  PRIMARY KEY (`id`),
  KEY `master_org_modules_module_id_foreign` (`module_id`),
  KEY `master_org_modules_org_id_foreign` (`org_id`),
  CONSTRAINT `master_org_modules_module_id_foreign` FOREIGN KEY (`module_id`) REFERENCES `master_modules` (`id`),
  CONSTRAINT `master_org_modules_org_id_foreign` FOREIGN KEY (`org_id`) REFERENCES `master_org_profiless` (`id`)
) ENGINE=InnoDB AUTO_INCREMENT=79 DEFAULT CHARSET=utf8 COLLATE=utf8_unicode_ci;
/*!40101 SET character_set_client = @saved_cs_client */;

--
-- Dumping data for table `master_org_modules`
--

LOCK TABLES `master_org_modules` WRITE;
/*!40000 ALTER TABLE `master_org_modules` DISABLE KEYS */;
INSERT INTO `master_org_modules` VALUES (1,1,1,NULL,NULL,0,'2021-02-14 02:57:19','2021-02-14 02:57:19'),(3,3,1,NULL,NULL,0,'2021-02-14 03:00:08','2021-02-14 03:00:08'),(5,5,1,NULL,NULL,0,'2021-02-14 03:01:46','2021-02-14 03:01:46'),(7,7,1,NULL,NULL,0,'2021-02-14 03:05:20','2021-02-14 03:05:20'),(8,8,1,NULL,NULL,0,'2021-02-14 03:06:01','2021-02-14 03:06:01'),(24,14,2,NULL,NULL,0,'2021-02-14 03:19:46','2021-02-14 03:19:46'),(25,14,3,NULL,NULL,0,'2021-02-14 03:19:46','2021-02-14 03:19:46'),(26,14,15,NULL,NULL,0,'2021-02-14 03:19:46','2021-02-14 03:19:46'),(27,15,3,NULL,NULL,0,'2021-02-14 03:24:33','2021-02-14 03:24:33'),(28,15,2,NULL,NULL,0,'2021-02-14 03:24:34','2021-02-14 03:24:34'),(29,15,15,NULL,NULL,0,'2021-02-14 03:24:34','2021-02-14 03:24:34'),(30,2,1,NULL,NULL,0,'2021-02-14 03:27:03','2021-02-14 03:27:03'),(31,4,1,NULL,NULL,0,'2021-02-14 03:27:29','2021-02-14 03:27:29'),(32,6,1,NULL,NULL,0,'2021-02-14 03:28:05','2021-02-14 03:28:05'),(33,9,3,NULL,NULL,0,'2021-02-14 03:29:21','2021-02-14 03:29:21'),(34,9,15,NULL,NULL,0,'2021-02-14 03:29:21','2021-02-14 03:29:21'),(35,9,2,NULL,NULL,0,'2021-02-14 03:29:22','2021-02-14 03:29:22'),(36,10,2,NULL,NULL,0,'2021-02-14 03:29:34','2021-02-14 03:29:34'),(37,10,3,NULL,NULL,0,'2021-02-14 03:29:34','2021-02-14 03:29:34'),(38,10,15,NULL,NULL,0,'2021-02-14 03:29:34','2021-02-14 03:29:34'),(39,11,3,NULL,NULL,0,'2021-02-14 03:29:55','2021-02-14 03:29:55'),(40,11,2,NULL,NULL,0,'2021-02-14 03:29:55','2021-02-14 03:29:55'),(41,11,15,NULL,NULL,0,'2021-02-14 03:29:55','2021-02-14 03:29:55'),(45,13,2,NULL,NULL,0,'2021-02-14 03:31:08','2021-02-14 03:31:08'),(46,13,3,NULL,NULL,0,'2021-02-14 03:31:08','2021-02-14 03:31:08'),(47,13,15,NULL,NULL,0,'2021-02-14 03:31:08','2021-02-14 03:31:08'),(48,16,13,NULL,NULL,0,'2021-02-14 03:35:44','2021-02-14 03:35:44'),(49,17,13,NULL,NULL,0,'2021-02-14 03:38:33','2021-02-14 03:38:33'),(50,18,13,NULL,NULL,0,'2021-02-14 03:41:28','2021-02-14 03:41:28'),(51,19,13,NULL,NULL,0,'2021-02-14 03:42:21','2021-02-14 03:42:21'),(52,20,13,NULL,NULL,0,'2021-02-14 03:43:09','2021-02-14 03:43:09'),(53,21,13,NULL,NULL,0,'2021-02-14 03:45:00','2021-02-14 03:45:00'),(54,22,1,NULL,NULL,0,'2021-03-02 02:13:19','2021-03-02 02:13:19'),(58,12,2,NULL,NULL,0,'2021-03-02 04:24:43','2021-03-02 04:24:43'),(59,12,15,NULL,NULL,0,'2021-03-02 04:24:43','2021-03-02 04:24:43'),(60,12,3,NULL,NULL,0,'2021-03-02 04:24:43','2021-03-02 04:24:43'),(69,23,1,NULL,NULL,0,'2021-03-02 05:24:57','2021-03-02 05:24:57'),(70,24,1,NULL,NULL,0,'2021-03-03 09:34:20','2021-03-03 09:34:20'),(71,25,6,NULL,NULL,0,'2021-03-09 05:41:03','2021-03-09 05:41:03'),(72,25,3,NULL,NULL,0,'2021-03-09 05:41:03','2021-03-09 05:41:03'),(73,25,13,NULL,NULL,0,'2021-03-09 05:41:03','2021-03-09 05:41:03'),(74,25,17,NULL,NULL,0,'2021-03-09 05:41:03','2021-03-09 05:41:03'),(75,26,6,NULL,NULL,0,'2021-03-09 05:42:10','2021-03-09 05:42:10'),(76,26,17,NULL,NULL,0,'2021-03-09 05:42:10','2021-03-09 05:42:10'),(77,26,3,NULL,NULL,0,'2021-03-09 05:42:10','2021-03-09 05:42:10'),(78,26,13,NULL,NULL,0,'2021-03-09 05:42:10','2021-03-09 05:42:10');
/*!40000 ALTER TABLE `master_org_modules` ENABLE KEYS */;
UNLOCK TABLES;

--
-- Table structure for table `master_org_profiless`
--

DROP TABLE IF EXISTS `master_org_profiless`;
/*!40101 SET @saved_cs_client     = @@character_set_client */;
/*!40101 SET character_set_client = utf8 */;
CREATE TABLE `master_org_profiless` (
  `id` bigint(20) unsigned NOT NULL AUTO_INCREMENT,
  `org_name` varchar(100) COLLATE utf8_unicode_ci NOT NULL,
  `org_name_bn` varchar(255) COLLATE utf8_unicode_ci DEFAULT NULL,
  `abbreviation` varchar(20) COLLATE utf8_unicode_ci DEFAULT NULL,
  `abbreviation_bn` varchar(100) COLLATE utf8_unicode_ci DEFAULT NULL,
  `establishment_year` int(11) DEFAULT NULL,
  `about_org` text COLLATE utf8_unicode_ci,
  `about_org_bn` text COLLATE utf8_unicode_ci,
  `mission` text COLLATE utf8_unicode_ci,
  `mission_bn` text COLLATE utf8_unicode_ci,
  `vision` text COLLATE utf8_unicode_ci,
  `vision_bn` text COLLATE utf8_unicode_ci,
  `logo` varchar(255) COLLATE utf8_unicode_ci DEFAULT NULL,
  `hierarchy` int(11) DEFAULT NULL,
  `website_url` varchar(255) COLLATE utf8_unicode_ci DEFAULT NULL,
  `address` varchar(255) COLLATE utf8_unicode_ci DEFAULT NULL,
  `address_bn` varchar(255) COLLATE utf8_unicode_ci DEFAULT NULL,
  `created_by` bigint(20) unsigned DEFAULT NULL,
  `updated_by` bigint(20) unsigned DEFAULT NULL,
  `status` int(11) NOT NULL DEFAULT '0' COMMENT '0=active, 1=inactive',
  `created_at` timestamp NULL DEFAULT NULL,
  `updated_at` timestamp NULL DEFAULT NULL,
  PRIMARY KEY (`id`)
) ENGINE=InnoDB AUTO_INCREMENT=20 DEFAULT CHARSET=utf8 COLLATE=utf8_unicode_ci;
/*!40101 SET character_set_client = @saved_cs_client */;

--
-- Dumping data for table `master_org_profiless`
--

LOCK TABLES `master_org_profiless` WRITE;
/*!40000 ALTER TABLE `master_org_profiless` DISABLE KEYS */;
INSERT INTO `master_org_profiless` VALUES (1,'Ministry of Agriculture','কৃষি মন্ত্রণালয়','MoA','এমওএ',NULL,NULL,NULL,NULL,NULL,NULL,NULL,NULL,NULL,'moa.gov.bd',NULL,NULL,1,1,0,'2021-02-14 01:16:23','2021-02-14 01:16:23'),(2,'Department of Agricultural Extension (DAE)','কৃষি সম্প্রসারণ অধিদপ্তর','DAE','ডিএই',NULL,NULL,NULL,NULL,NULL,NULL,NULL,NULL,NULL,'www.dae.gov.bd/',NULL,'খামারবাড়ী, ফার্মগেট, ঢাকা-১২১৫',1,1,0,'2021-02-14 01:16:23','2021-02-14 01:16:23'),(3,'Bangladesh Agricultural Development Corporation','বাংলাদেশ কৃষি উন্নয়ন কর্পোরেশন','BADC','বিএডিসি',NULL,NULL,NULL,NULL,NULL,NULL,NULL,NULL,NULL,'badc.gov.bd/',NULL,'কৃষি ভবন ৪৯-৫১, দিলকুশা বাণিজ্যিক এলাকা, ঢাকা-১০০০',1,1,0,'2021-02-14 01:16:23','2021-02-14 01:16:23'),(4,'Bangladesh Agricultural Research Council','বাংলাদেশ কৃষি গবেষণা কাউন্সিল','BARC','বিএআরসি',NULL,NULL,NULL,NULL,NULL,NULL,NULL,NULL,NULL,'www.barc.gov.bd',NULL,'ফার্মগেট, ঢাকা – ১২১৫',1,1,0,'2021-02-14 01:16:23','2021-02-14 01:16:23'),(5,'Bangladesh Agricultural Research Institute','বাংলাদেশ কৃষি গবষেণা ইনস্টিটিউট ','BARI','বারি',NULL,NULL,NULL,NULL,NULL,NULL,NULL,NULL,NULL,'www.bari.gov.bd',NULL,'জয়দেবপুর, গাজীপুর-১৭০১',1,1,0,'2021-02-14 01:16:23','2021-02-14 01:16:23'),(6,'Bangladesh Rice Research Institute','বাংলাদেশ ধান গবেষণা ইনস্টিটউট','BRRI','ব্রি',NULL,NULL,NULL,NULL,NULL,NULL,NULL,NULL,NULL,'www.brri.gov.bd',NULL,'জয়দেবপুর, গাজীপুর-১৭০১',1,1,0,'2021-02-14 01:16:24','2021-02-14 01:16:24'),(7,'Bangladesh Jute Research Institute','বাংলাদেশ পাট গবেষণা ইনস্টিটিউট','BJRI','বিজেআরআই',NULL,NULL,NULL,NULL,NULL,NULL,NULL,NULL,NULL,'www.bjri.gov.bd',NULL,'মানিকমিয়া এভিনিউ, ঢাকা',1,1,0,'2021-02-14 01:16:24','2021-02-14 01:16:24'),(8,'Bangladesh Sugarcrop Research Institute','বাংলাদেশ সুগারক্রপ গবেষণা ইনস্টিটিউট','BSRI','বিএসআরআই',NULL,NULL,NULL,NULL,NULL,NULL,NULL,NULL,NULL,'www.bsri.gov.bd',NULL,'ঈশ্বরদি, পাবনা',1,1,0,'2021-02-14 01:16:24','2021-02-14 01:16:24'),(9,'Bangladesh Institute of Nuclear Agriculture','বাংলাদেশ পরমাণু কৃষি গবেষণা ইনস্টিটিউট','BINA','বিনা',NULL,NULL,NULL,NULL,NULL,NULL,NULL,NULL,NULL,'www.bina.gov.bd',NULL,'বাংলাদেশ কৃষি বিশ্ববিদ্যালয় ক্যাম্পাস, ময়মনসিংহ',1,1,0,'2021-02-14 01:16:24','2021-02-14 01:16:24'),(10,'Cotton Development Board','তুলা উন্নয়ন বোর্ড','CDB','সিডিবি',NULL,NULL,NULL,NULL,NULL,NULL,NULL,NULL,NULL,'www.cdb.gov.bd',NULL,'খামারবাড়ি, ঢাকা',1,1,0,'2021-02-14 01:16:24','2021-02-14 01:16:24'),(11,'Agriculture Information Service','কৃষি তথ্য সার্ভিস','AIS','এআইএস',NULL,NULL,NULL,NULL,NULL,NULL,NULL,NULL,NULL,'www.ais.gov.bd',NULL,'খামারবাড়ি, ঢাকা',1,1,0,'2021-02-14 01:16:24','2021-02-14 01:16:24'),(12,'National Agriculture Training Academy ','জাতীয় কৃষি প্রশিক্ষণ একাডেমি','NATA','নাটা',NULL,NULL,NULL,NULL,NULL,NULL,NULL,NULL,NULL,'www.nata.gov.bd',NULL,'জয়দেবপুর, গাজীপুর',1,1,0,'2021-02-14 01:16:24','2021-02-14 01:16:24'),(13,'Department of Agricultural Marketing','কৃষি বিপণন অধিদপ্তর ','DAM','ড্যাম',NULL,NULL,NULL,NULL,NULL,NULL,NULL,NULL,NULL,'www.dam.gov.bd',NULL,'খামারবাড়ি, ঢাকা',1,1,0,'2021-02-14 01:16:24','2021-02-14 01:16:24'),(14,'Seed Certification Agency','বীজ প্রত্যয়ন এজেন্সী','SCA','এসসিএ',NULL,NULL,NULL,NULL,NULL,NULL,NULL,NULL,NULL,'www.sca.gov.bd',NULL,'জয়দেবপুর, গাজীপুর',1,1,0,'2021-02-14 01:16:24','2021-02-14 01:16:24'),(15,'Barind Mutipurpose Development Authority','বরেন্দ্র বহুমুখী উন্নয়ন কর্তৃপক্ষ','BMDA','বিএমডিএ',NULL,NULL,NULL,NULL,NULL,NULL,NULL,NULL,NULL,'www.bmda.gov.bd',NULL,'বরেন্দ্র ভবন, প্রধান কার্যালয়, সেনানিবাস সড়ক, আমবাগান, জিপিও-৬০০০, রাজশাহী।',1,1,0,'2021-02-14 01:16:24','2021-02-14 01:16:24'),(16,'Bangladesh Institute of Research and Training on Applied Nutrition','বাংলাদেশ ফলিত পুষ্টি গবেষণা ও প্রশিক্ষণ ইনস্টিটিউট ','BIRTAN','বারটান',NULL,NULL,NULL,NULL,NULL,NULL,NULL,NULL,NULL,'www.birtan.gov.bd',NULL,'মানিকমিয়া এভিনিউ, ঢাকা',1,1,0,'2021-02-14 01:16:24','2021-02-14 01:16:24'),(17,'Soil Resource Development Institute','মৃত্তিকা সম্পদ উন্নয়ন ইনস্টিটিউট','SRDI','এসআরডিআই',NULL,NULL,NULL,NULL,NULL,NULL,NULL,NULL,NULL,'www.srdi.gov.bd',NULL,'কৃষি খামার সড়ক, ফার্মগেট, ঢাকা',1,1,0,'2021-02-14 01:16:24','2021-02-14 01:16:24'),(18,'Hortex Foundation','হর্টিকালচার এক্সপোর্ট ডেভেলপমেন্ট ফাউন্ডেশন','HORTEX','হর্টেক্স ফাউন্ডেশন',NULL,NULL,NULL,NULL,NULL,NULL,NULL,NULL,NULL,'hortex.portal.gov.bd',NULL,'মানিকমিয়া এভিনিউ, ঢাকা',1,1,0,'2021-02-14 01:16:24','2021-02-14 01:16:24'),(19,'Bangladesh Wheat and Maize Research Institute','বাংলাদেশ গম ও ভুট্টা গবেষণা ইনস্টিটিউট','BWMRI','বিডব্লিউএমআরআই',NULL,NULL,NULL,NULL,NULL,NULL,NULL,NULL,NULL,'www.bwmri.gov.bd',NULL,'নশিপুর, দিনাজপুর',1,1,0,'2021-02-14 01:16:24','2021-02-14 01:16:24');
/*!40000 ALTER TABLE `master_org_profiless` ENABLE KEYS */;
UNLOCK TABLES;

--
-- Table structure for table `master_payment_services`
--

DROP TABLE IF EXISTS `master_payment_services`;
/*!40101 SET @saved_cs_client     = @@character_set_client */;
/*!40101 SET character_set_client = utf8 */;
CREATE TABLE `master_payment_services` (
  `id` bigint(20) unsigned NOT NULL AUTO_INCREMENT,
  `org_id` bigint(20) unsigned NOT NULL,
  `component_id` bigint(20) unsigned NOT NULL,
  `module_id` bigint(20) unsigned NOT NULL,
  `service_id` bigint(20) unsigned NOT NULL,
  `amount` double(8,2) NOT NULL,
  `created_by` bigint(20) unsigned DEFAULT NULL,
  `updated_by` bigint(20) unsigned DEFAULT NULL,
  `status` int(11) NOT NULL DEFAULT '0' COMMENT '0=active, 1=inactive',
  `created_at` timestamp NULL DEFAULT NULL,
  `updated_at` timestamp NULL DEFAULT NULL,
  PRIMARY KEY (`id`)
) ENGINE=InnoDB AUTO_INCREMENT=4 DEFAULT CHARSET=utf8 COLLATE=utf8_unicode_ci;
/*!40101 SET character_set_client = @saved_cs_client */;

--
-- Dumping data for table `master_payment_services`
--

LOCK TABLES `master_payment_services` WRITE;
/*!40000 ALTER TABLE `master_payment_services` DISABLE KEYS */;
INSERT INTO `master_payment_services` VALUES (1,4,9,14,13,907.00,1,1,0,'2021-03-06 18:00:00','2021-03-07 03:40:57'),(2,11,9,15,1,5000.00,1,NULL,0,'2021-03-06 18:00:00','2021-03-07 03:30:34'),(3,3,9,13,11,36000.00,1,NULL,0,'2021-03-06 18:00:00','2021-03-07 03:31:02');
/*!40000 ALTER TABLE `master_payment_services` ENABLE KEYS */;
UNLOCK TABLES;

--
-- Table structure for table `master_services`
--

DROP TABLE IF EXISTS `master_services`;
/*!40101 SET @saved_cs_client     = @@character_set_client */;
/*!40101 SET character_set_client = utf8 */;
CREATE TABLE `master_services` (
  `id` bigint(20) unsigned NOT NULL AUTO_INCREMENT,
  `service_name` varchar(255) COLLATE utf8_unicode_ci NOT NULL,
  `service_name_bn` varchar(255) COLLATE utf8_unicode_ci NOT NULL,
  `component_id` bigint(20) unsigned DEFAULT NULL,
  `module_id` bigint(20) unsigned DEFAULT NULL,
  `sorting_order` int(11) NOT NULL DEFAULT '0',
  `created_by` bigint(20) unsigned DEFAULT NULL,
  `updated_by` bigint(20) unsigned DEFAULT NULL,
  `status` int(11) NOT NULL DEFAULT '0' COMMENT '0=active, 1=inactive',
  `created_at` timestamp NULL DEFAULT NULL,
  `updated_at` timestamp NULL DEFAULT NULL,
  PRIMARY KEY (`id`),
  KEY `master_services_module_id_foreign` (`module_id`),
  KEY `master_services_component_id_foreign` (`component_id`),
  CONSTRAINT `master_services_component_id_foreign` FOREIGN KEY (`component_id`) REFERENCES `master_components` (`id`),
  CONSTRAINT `master_services_module_id_foreign` FOREIGN KEY (`module_id`) REFERENCES `master_modules` (`id`)
) ENGINE=InnoDB AUTO_INCREMENT=19 DEFAULT CHARSET=utf8 COLLATE=utf8_unicode_ci;
/*!40101 SET character_set_client = @saved_cs_client */;

--
-- Dumping data for table `master_services`
--

LOCK TABLES `master_services` WRITE;
/*!40000 ALTER TABLE `master_services` DISABLE KEYS */;
INSERT INTO `master_services` VALUES (1,'Payment','পেমেন্ট',9,15,0,1,1,0,'2021-02-14 04:22:23','2021-02-14 04:22:23'),(2,'Manage Store','স্টোর পরিচালনা করুন',9,9,0,1,1,0,'2021-02-14 04:23:20','2021-02-14 04:23:20'),(3,'Scheme Management','স্কিম ম্যানেজমেন্ট',9,9,0,1,1,0,'2021-02-14 04:25:53','2021-02-14 04:25:53'),(4,'Pump Installation Requisition','পাম্প স্থাপন চাহিদা',9,9,25,1,1,0,'2021-02-14 04:27:31','2021-03-03 02:59:51'),(5,'Reports','রিপোর্ট',9,9,0,1,1,0,'2021-02-14 04:28:37','2021-02-14 04:28:37'),(6,'Pump Operator Selection ','পাম্প অপারেটর নির্বাচন',9,9,0,1,1,0,'2021-02-14 04:29:16','2021-02-14 04:29:16'),(7,'Reports','রিপোর্ট',9,10,0,1,1,0,'2021-02-14 04:30:33','2021-02-14 04:30:33'),(8,'Reports','রিপোর্ট',9,11,0,1,1,0,'2021-02-14 04:31:16','2021-02-14 04:31:16'),(9,'Applications','আবেদন সমূহ',9,12,2,1,1,0,'2021-02-14 04:32:58','2021-03-04 10:08:28'),(10,'Reports','রিপোর্ট',9,12,0,1,1,0,'2021-02-14 04:33:22','2021-02-14 04:33:22'),(11,'Directory','ডিরেক্টরি',9,13,0,1,1,0,'2021-02-14 04:39:02','2021-02-14 04:39:02'),(12,'Reports','রিপোর্ট',9,13,0,1,1,0,'2021-02-14 04:39:30','2021-02-14 04:39:30'),(13,'Testing Request','পরীক্ষার অনুরোধ ',9,14,0,1,1,0,'2021-02-14 04:42:07','2021-02-14 04:42:07'),(14,'Reports','রিপোর্ট',9,14,0,1,1,0,'2021-02-14 04:42:23','2021-02-14 04:42:23'),(15,'Pump Maintenance Requisition','পাম্প রক্ষণাবেক্ষণের চাহিদা',9,13,20,1,1,0,'2021-03-03 03:02:43','2021-03-03 03:03:05'),(16,'Configuration','কনফিগারেশন',8,25,1,1,1,0,'2021-03-09 05:43:31','2021-03-09 05:43:31'),(17,'Configuration','কনফিগারেশন',8,26,1,1,1,0,'2021-03-09 05:43:43','2021-03-09 05:43:43'),(18,'Test service name for comp','Test service name for comp bn',1,1,1,1,1,0,'2021-03-09 23:30:22','2021-03-09 23:30:22');
/*!40000 ALTER TABLE `master_services` ENABLE KEYS */;
UNLOCK TABLES;

--
-- Table structure for table `master_unions`
--

DROP TABLE IF EXISTS `master_unions`;
/*!40101 SET @saved_cs_client     = @@character_set_client */;
/*!40101 SET character_set_client = utf8 */;
CREATE TABLE `master_unions` (
  `id` bigint(20) unsigned NOT NULL AUTO_INCREMENT,
  `union_name` varchar(100) COLLATE utf8_unicode_ci NOT NULL,
  `union_name_bn` varchar(100) COLLATE utf8_unicode_ci DEFAULT NULL,
  `upazilla_id` bigint(20) unsigned NOT NULL,
  `created_by` bigint(20) unsigned DEFAULT NULL,
  `updated_by` bigint(20) unsigned DEFAULT NULL,
  `status` int(11) NOT NULL DEFAULT '0' COMMENT '0=active, 1=inactive',
  `created_at` timestamp NULL DEFAULT NULL,
  `updated_at` timestamp NULL DEFAULT NULL,
  PRIMARY KEY (`id`),
  KEY `master_unions_upazilla_id_foreign` (`upazilla_id`),
  CONSTRAINT `master_unions_upazilla_id_foreign` FOREIGN KEY (`upazilla_id`) REFERENCES `master_upazillas` (`id`)
) ENGINE=InnoDB AUTO_INCREMENT=4542 DEFAULT CHARSET=utf8 COLLATE=utf8_unicode_ci;
/*!40101 SET character_set_client = @saved_cs_client */;

--
-- Dumping data for table `master_unions`
--

LOCK TABLES `master_unions` WRITE;
/*!40000 ALTER TABLE `master_unions` DISABLE KEYS */;
INSERT INTO `master_unions` VALUES (1,'Subil','সুবিল',1,1,1,0,'2021-02-14 01:17:03','2021-02-14 01:17:03'),(2,'North Gunaighor','উত্তর গুনাইঘর',1,1,1,0,'2021-02-14 01:17:03','2021-02-14 01:17:03'),(3,'South Gunaighor','দক্ষিণ গুনাইঘর',1,1,1,0,'2021-02-14 01:17:03','2021-02-14 01:17:03'),(4,'Boroshalghor','বড়শালঘর',1,1,1,0,'2021-02-14 01:17:03','2021-02-14 01:17:03'),(5,'Rajameher','রাজামেহার',1,1,1,0,'2021-02-14 01:17:03','2021-02-14 01:17:03'),(6,'Yousufpur','ইউসুফপুর',1,1,1,0,'2021-02-14 01:17:03','2021-02-14 01:17:03'),(7,'Rasulpur','রসুলপুর',1,1,1,0,'2021-02-14 01:17:03','2021-02-14 01:17:03'),(8,'Fatehabad','ফতেহাবাদ',1,1,1,0,'2021-02-14 01:17:03','2021-02-14 01:17:03'),(9,'Elahabad','এলাহাবাদ',1,1,1,0,'2021-02-14 01:17:03','2021-02-14 01:17:03'),(10,'Jafargonj','জাফরগঞ্জ',1,1,1,0,'2021-02-14 01:17:03','2021-02-14 01:17:03'),(11,'Dhampti','ধামতী',1,1,1,0,'2021-02-14 01:17:03','2021-02-14 01:17:03'),(12,'Mohanpur','মোহনপুর',1,1,1,0,'2021-02-14 01:17:03','2021-02-14 01:17:03'),(13,'Vani','ভানী',1,1,1,0,'2021-02-14 01:17:03','2021-02-14 01:17:03'),(14,'Barkamta','বরকামতা',1,1,1,0,'2021-02-14 01:17:04','2021-02-14 01:17:04'),(15,'Sultanpur','সুলতানপুর',1,1,1,0,'2021-02-14 01:17:04','2021-02-14 01:17:04'),(16,'Aganagar','আগানগর',2,1,1,0,'2021-02-14 01:17:04','2021-02-14 01:17:04'),(17,'Bhabanipur','ভবানীপুর',2,1,1,0,'2021-02-14 01:17:04','2021-02-14 01:17:04'),(18,'North Khoshbas','উত্তর খোশবাস',2,1,1,0,'2021-02-14 01:17:04','2021-02-14 01:17:04'),(19,'South Khoshbas','দক্ষিন খোশবাস',2,1,1,0,'2021-02-14 01:17:04','2021-02-14 01:17:04'),(20,'Jhalam','ঝলম',2,1,1,0,'2021-02-14 01:17:04','2021-02-14 01:17:04'),(21,'Chitodda','চিতড্ডা',2,1,1,0,'2021-02-14 01:17:04','2021-02-14 01:17:04'),(22,'North Shilmuri','উত্তর শিলমুড়ি',2,1,1,0,'2021-02-14 01:17:04','2021-02-14 01:17:04'),(23,'South Shilmuri','দক্ষিন শিলমুড়ি',2,1,1,0,'2021-02-14 01:17:04','2021-02-14 01:17:04'),(24,'Galimpur','গালিমপুর',2,1,1,0,'2021-02-14 01:17:04','2021-02-14 01:17:04'),(25,'Shakpur','শাকপুর',2,1,1,0,'2021-02-14 01:17:04','2021-02-14 01:17:04'),(26,'Bhaukshar','ভাউকসার',2,1,1,0,'2021-02-14 01:17:04','2021-02-14 01:17:04'),(27,'Adda','আড্ডা',2,1,1,0,'2021-02-14 01:17:04','2021-02-14 01:17:04'),(28,'Adra','আদ্রা',2,1,1,0,'2021-02-14 01:17:04','2021-02-14 01:17:04'),(29,'Payalgacha','পয়ালগাছা',2,1,1,0,'2021-02-14 01:17:04','2021-02-14 01:17:04'),(30,'Laxmipur','লক্ষীপুর',2,1,1,0,'2021-02-14 01:17:04','2021-02-14 01:17:04'),(31,'Shidli','শিদলাই',3,1,1,0,'2021-02-14 01:17:04','2021-02-14 01:17:04'),(32,'Chandla','চান্দলা',3,1,1,0,'2021-02-14 01:17:04','2021-02-14 01:17:04'),(33,'Shashidal','শশীদল',3,1,1,0,'2021-02-14 01:17:04','2021-02-14 01:17:04'),(34,'Dulalpur','দুলালপুর',3,1,1,0,'2021-02-14 01:17:04','2021-02-14 01:17:04'),(35,'Brahmanpara Sadar','ব্রাহ্মনপাড়া সদর',3,1,1,0,'2021-02-14 01:17:04','2021-02-14 01:17:04'),(36,'Shahebabad','সাহেবাবাদ',3,1,1,0,'2021-02-14 01:17:04','2021-02-14 01:17:04'),(37,'Malapara','মালাপাড়া',3,1,1,0,'2021-02-14 01:17:04','2021-02-14 01:17:04'),(38,'Madhabpur','মাধবপুর',3,1,1,0,'2021-02-14 01:17:05','2021-02-14 01:17:05'),(39,'Shuhilpur','সুহিলপুর',4,1,1,0,'2021-02-14 01:17:05','2021-02-14 01:17:05'),(40,'Bataghashi','বাতাঘাসি',4,1,1,0,'2021-02-14 01:17:05','2021-02-14 01:17:05'),(41,'Joag','জোয়াগ',4,1,1,0,'2021-02-14 01:17:05','2021-02-14 01:17:05'),(42,'Borcarai','বরকরই',4,1,1,0,'2021-02-14 01:17:05','2021-02-14 01:17:05'),(43,'Madhaiya','মাধাইয়া',4,1,1,0,'2021-02-14 01:17:05','2021-02-14 01:17:05'),(44,'Dollai Nowabpur','দোল্লাই নবাবপুর',4,1,1,0,'2021-02-14 01:17:05','2021-02-14 01:17:05'),(45,'Mohichial','মহিচাইল',4,1,1,0,'2021-02-14 01:17:05','2021-02-14 01:17:05'),(46,'Gollai','গল্লাই',4,1,1,0,'2021-02-14 01:17:05','2021-02-14 01:17:05'),(47,'Keronkhal','কেরণখাল',4,1,1,0,'2021-02-14 01:17:05','2021-02-14 01:17:05'),(48,'Maijkhar','মাইজখার',4,1,1,0,'2021-02-14 01:17:05','2021-02-14 01:17:05'),(49,'Etberpur','এতবারপুর',4,1,1,0,'2021-02-14 01:17:05','2021-02-14 01:17:05'),(50,'Barera','বাড়েরা',4,1,1,0,'2021-02-14 01:17:05','2021-02-14 01:17:05'),(51,'Borcoit','বরকইট',4,1,1,0,'2021-02-14 01:17:05','2021-02-14 01:17:05'),(52,'Sreepur','শ্রীপুর',5,1,1,0,'2021-02-14 01:17:05','2021-02-14 01:17:05'),(53,'Kashinagar','কাশিনগর',5,1,1,0,'2021-02-14 01:17:05','2021-02-14 01:17:05'),(54,'Kalikapur','কালিকাপুর',5,1,1,0,'2021-02-14 01:17:05','2021-02-14 01:17:05'),(55,'Shuvapur','শুভপুর',5,1,1,0,'2021-02-14 01:17:05','2021-02-14 01:17:05'),(56,'Ghulpasha','ঘোলপাশা',5,1,1,0,'2021-02-14 01:17:05','2021-02-14 01:17:05'),(57,'Moonshirhat','মুন্সীরহাট',5,1,1,0,'2021-02-14 01:17:05','2021-02-14 01:17:05'),(58,'Batisha','বাতিসা',5,1,1,0,'2021-02-14 01:17:05','2021-02-14 01:17:05'),(59,'Kankapait','কনকাপৈত',5,1,1,0,'2021-02-14 01:17:05','2021-02-14 01:17:05'),(60,'Cheora','চিওড়া',5,1,1,0,'2021-02-14 01:17:05','2021-02-14 01:17:05'),(61,'Jagannatdighi','জগন্নাথদিঘী',5,1,1,0,'2021-02-14 01:17:05','2021-02-14 01:17:05'),(62,'Goonabati','গুনবতী',5,1,1,0,'2021-02-14 01:17:06','2021-02-14 01:17:06'),(63,'Alkara','আলকরা',5,1,1,0,'2021-02-14 01:17:06','2021-02-14 01:17:06'),(64,'Doulotpur','দৌলতপুর',6,1,1,0,'2021-02-14 01:17:06','2021-02-14 01:17:06'),(65,'Daudkandi','দাউদকান্দি',6,1,1,0,'2021-02-14 01:17:06','2021-02-14 01:17:06'),(66,'North Eliotgonj','উত্তর ইলিয়টগঞ্জ',6,1,1,0,'2021-02-14 01:17:06','2021-02-14 01:17:06'),(67,'South Eliotgonj','দক্ষিন ইলিয়টগঞ্জ',6,1,1,0,'2021-02-14 01:17:06','2021-02-14 01:17:06'),(68,'Zinglatoli','জিংলাতলী',6,1,1,0,'2021-02-14 01:17:06','2021-02-14 01:17:06'),(69,'Sundolpur','সুন্দলপুর',6,1,1,0,'2021-02-14 01:17:06','2021-02-14 01:17:06'),(70,'Gouripur','গৌরীপুর',6,1,1,0,'2021-02-14 01:17:06','2021-02-14 01:17:06'),(71,'East Mohammadpur','পুর্ব মোহাম্মদপুর',6,1,1,0,'2021-02-14 01:17:06','2021-02-14 01:17:06'),(72,'West Mohammadpur','পশ্চিম মোহাম্মদপুর',6,1,1,0,'2021-02-14 01:17:06','2021-02-14 01:17:06'),(73,'Goalmari','গোয়ালমারী',6,1,1,0,'2021-02-14 01:17:06','2021-02-14 01:17:06'),(74,'Maruka','মারুকা',6,1,1,0,'2021-02-14 01:17:06','2021-02-14 01:17:06'),(75,'Betessor','বিটেশ্বর',6,1,1,0,'2021-02-14 01:17:06','2021-02-14 01:17:06'),(76,'Podua','পদুয়া',6,1,1,0,'2021-02-14 01:17:06','2021-02-14 01:17:06'),(77,'West Passgacia','পশ্চিম পাচঁগাছিয়া',6,1,1,0,'2021-02-14 01:17:06','2021-02-14 01:17:06'),(78,'Baropara','বারপাড়া',6,1,1,0,'2021-02-14 01:17:06','2021-02-14 01:17:06'),(79,'Mathabanga','মাথাভাঙ্গা',7,1,1,0,'2021-02-14 01:17:06','2021-02-14 01:17:06'),(80,'Gagutiea','ঘাগুটিয়া',7,1,1,0,'2021-02-14 01:17:06','2021-02-14 01:17:06'),(81,'Asadpur','আছাদপুর',7,1,1,0,'2021-02-14 01:17:06','2021-02-14 01:17:06'),(82,'Chanderchor','চান্দেরচর',7,1,1,0,'2021-02-14 01:17:06','2021-02-14 01:17:06'),(83,'Vashania','ভাষানিয়া',7,1,1,0,'2021-02-14 01:17:07','2021-02-14 01:17:07'),(84,'Nilokhi','নিলখী',7,1,1,0,'2021-02-14 01:17:07','2021-02-14 01:17:07'),(85,'Garmora','ঘারমোড়া',7,1,1,0,'2021-02-14 01:17:07','2021-02-14 01:17:07'),(86,'Joypur','জয়পুর',7,1,1,0,'2021-02-14 01:17:07','2021-02-14 01:17:07'),(87,'Dulalpur','দুলালপুর',7,1,1,0,'2021-02-14 01:17:07','2021-02-14 01:17:07'),(88,'Bakoi','বাকই',8,1,1,0,'2021-02-14 01:17:07','2021-02-14 01:17:07'),(89,'Mudafargonj','মুদাফফর গঞ্জ',8,1,1,0,'2021-02-14 01:17:07','2021-02-14 01:17:07'),(90,'Kandirpar','কান্দিরপাড়',8,1,1,0,'2021-02-14 01:17:07','2021-02-14 01:17:07'),(91,'Gobindapur','গোবিন্দপুর',8,1,1,0,'2021-02-14 01:17:07','2021-02-14 01:17:07'),(92,'Uttarda','উত্তরদা',8,1,1,0,'2021-02-14 01:17:07','2021-02-14 01:17:07'),(93,'Laksam Purba','লাকসাম পুর্ব',8,1,1,0,'2021-02-14 01:17:07','2021-02-14 01:17:07'),(94,'Azgora','আজগরা',8,1,1,0,'2021-02-14 01:17:07','2021-02-14 01:17:07'),(95,'Sreekil','শ্রীকাইল',9,1,1,0,'2021-02-14 01:17:07','2021-02-14 01:17:07'),(96,'Akubpur','আকুবপুর',9,1,1,0,'2021-02-14 01:17:07','2021-02-14 01:17:07'),(97,'Andicot','আন্দিকোট',9,1,1,0,'2021-02-14 01:17:07','2021-02-14 01:17:07'),(98,'Purbadair (East)','পুর্বধৈইর (পুর্ব)',9,1,1,0,'2021-02-14 01:17:07','2021-02-14 01:17:07'),(99,'Purbadair (West)','পুর্বধৈইর (পশ্চিম)',9,1,1,0,'2021-02-14 01:17:07','2021-02-14 01:17:07'),(100,'Bangara (East)','বাঙ্গরা (পূর্ব)',9,1,1,0,'2021-02-14 01:17:07','2021-02-14 01:17:07'),(101,'Bangara (West)','বাঙ্গরা (পশ্চিম)',9,1,1,0,'2021-02-14 01:17:07','2021-02-14 01:17:07'),(102,'Chapitala','চাপিতলা',9,1,1,0,'2021-02-14 01:17:07','2021-02-14 01:17:07'),(103,'Camalla','কামাল্লা',9,1,1,0,'2021-02-14 01:17:07','2021-02-14 01:17:07'),(104,'Jatrapur','যাত্রাপুর',9,1,1,0,'2021-02-14 01:17:08','2021-02-14 01:17:08'),(105,'Ramachandrapur (North)','রামচন্দ্রপুর (উত্তর)',9,1,1,0,'2021-02-14 01:17:08','2021-02-14 01:17:08'),(106,'Ramachandrapur (South)','রামচন্দ্রপুর (দক্ষিন)',9,1,1,0,'2021-02-14 01:17:08','2021-02-14 01:17:08'),(107,'Muradnagar Sadar','মুরাদনগর সদর',9,1,1,0,'2021-02-14 01:17:08','2021-02-14 01:17:08'),(108,'Nobipur (East)','নবীপুর (পুর্ব)',9,1,1,0,'2021-02-14 01:17:08','2021-02-14 01:17:08'),(109,'Nobipur (West)','নবীপুর (পশ্চিম)',9,1,1,0,'2021-02-14 01:17:08','2021-02-14 01:17:08'),(110,'Damgar','ধামঘর',9,1,1,0,'2021-02-14 01:17:08','2021-02-14 01:17:08'),(111,'Jahapur','জাহাপুর',9,1,1,0,'2021-02-14 01:17:08','2021-02-14 01:17:08'),(112,'Salikandi','ছালিয়াকান্দি',9,1,1,0,'2021-02-14 01:17:08','2021-02-14 01:17:08'),(113,'Darura','দারোরা',9,1,1,0,'2021-02-14 01:17:08','2021-02-14 01:17:08'),(114,'Paharpur','পাহাড়পুর',9,1,1,0,'2021-02-14 01:17:08','2021-02-14 01:17:08'),(115,'Babutipara','বাবুটিপাড়া',9,1,1,0,'2021-02-14 01:17:08','2021-02-14 01:17:08'),(116,'Tanki','টনকী',9,1,1,0,'2021-02-14 01:17:08','2021-02-14 01:17:08'),(117,'Bangadda','বাঙ্গড্ডা',10,1,1,0,'2021-02-14 01:17:08','2021-02-14 01:17:08'),(118,'Paria','পেরিয়া',10,1,1,0,'2021-02-14 01:17:08','2021-02-14 01:17:08'),(119,'Raykot','রায়কোট',10,1,1,0,'2021-02-14 01:17:08','2021-02-14 01:17:08'),(120,'Mokara','মোকরা',10,1,1,0,'2021-02-14 01:17:08','2021-02-14 01:17:08'),(121,'Makrabpur','মক্রবপুর',10,1,1,0,'2021-02-14 01:17:08','2021-02-14 01:17:08'),(122,'Heshakhal','হেসাখাল',10,1,1,0,'2021-02-14 01:17:08','2021-02-14 01:17:08'),(123,'Adra','আদ্রা',10,1,1,0,'2021-02-14 01:17:08','2021-02-14 01:17:08'),(124,'Judda','জোড্ডা',10,1,1,0,'2021-02-14 01:17:08','2021-02-14 01:17:08'),(125,'Dhalua','ঢালুয়া',10,1,1,0,'2021-02-14 01:17:08','2021-02-14 01:17:08'),(126,'Doulkha','দৌলখাঁড়',10,1,1,0,'2021-02-14 01:17:08','2021-02-14 01:17:08'),(127,'Boxgonj','বক্সগঞ্জ',10,1,1,0,'2021-02-14 01:17:08','2021-02-14 01:17:08'),(128,'Satbaria','সাতবাড়ীয়া',10,1,1,0,'2021-02-14 01:17:08','2021-02-14 01:17:08'),(129,'Kalirbazer','কালীর বাজার',11,1,1,0,'2021-02-14 01:17:08','2021-02-14 01:17:08'),(130,'North Durgapur','উত্তর দুর্গাপুর',11,1,1,0,'2021-02-14 01:17:09','2021-02-14 01:17:09'),(131,'South Durgapur','দক্ষিন দুর্গাপুর',11,1,1,0,'2021-02-14 01:17:09','2021-02-14 01:17:09'),(132,'Amratoli','আমড়াতলী',11,1,1,0,'2021-02-14 01:17:09','2021-02-14 01:17:09'),(133,'Panchthubi','পাঁচথুবী',11,1,1,0,'2021-02-14 01:17:09','2021-02-14 01:17:09'),(134,'Jagannatpur','জগন্নাথপুর',11,1,1,0,'2021-02-14 01:17:09','2021-02-14 01:17:09'),(135,'Chandanpur','চন্দনপুর',12,1,1,0,'2021-02-14 01:17:09','2021-02-14 01:17:09'),(136,'Chalibanga','চালিভাঙ্গা',12,1,1,0,'2021-02-14 01:17:09','2021-02-14 01:17:09'),(137,'Radanagar','রাধানগর',12,1,1,0,'2021-02-14 01:17:09','2021-02-14 01:17:09'),(138,'Manikarchar','মানিকারচর',12,1,1,0,'2021-02-14 01:17:09','2021-02-14 01:17:09'),(139,'Barakanda','বড়কান্দা',12,1,1,0,'2021-02-14 01:17:09','2021-02-14 01:17:09'),(140,'Govindapur','গোবিন্দপুর',12,1,1,0,'2021-02-14 01:17:09','2021-02-14 01:17:09'),(141,'Luterchar','লুটেরচর',12,1,1,0,'2021-02-14 01:17:09','2021-02-14 01:17:09'),(142,'Vaorkhola','ভাওরখোলা',12,1,1,0,'2021-02-14 01:17:09','2021-02-14 01:17:09'),(143,'Baishgaon','বাইশগাঁও',13,1,1,0,'2021-02-14 01:17:09','2021-02-14 01:17:09'),(144,'Shoroshpur','সরসপুর',13,1,1,0,'2021-02-14 01:17:09','2021-02-14 01:17:09'),(145,'Hasnabad','হাসনাবাদ',13,1,1,0,'2021-02-14 01:17:09','2021-02-14 01:17:09'),(146,'Jholam (North)','ঝলম (উত্তর)',13,1,1,0,'2021-02-14 01:17:09','2021-02-14 01:17:09'),(147,'Jholam (South)','ঝলম (দক্ষিন)',13,1,1,0,'2021-02-14 01:17:09','2021-02-14 01:17:09'),(148,'Moishatua','মৈশাতুয়া',13,1,1,0,'2021-02-14 01:17:09','2021-02-14 01:17:09'),(149,'Lokkhanpur','লক্ষনপুর',13,1,1,0,'2021-02-14 01:17:09','2021-02-14 01:17:09'),(150,'Khela','খিলা',13,1,1,0,'2021-02-14 01:17:09','2021-02-14 01:17:09'),(151,'Uttarhowla','উত্তর হাওলা',13,1,1,0,'2021-02-14 01:17:09','2021-02-14 01:17:09'),(152,'Natherpetua','নাথেরপেটুয়া',13,1,1,0,'2021-02-14 01:17:09','2021-02-14 01:17:09'),(153,'Bipulashar','বিপুলাসার',13,1,1,0,'2021-02-14 01:17:09','2021-02-14 01:17:09'),(154,'Chuwara','চৌয়ারা',14,1,1,0,'2021-02-14 01:17:09','2021-02-14 01:17:09'),(155,'Baropara','বারপাড়া',14,1,1,0,'2021-02-14 01:17:09','2021-02-14 01:17:09'),(156,'Jorkanoneast','জোড়কানন (পুর্ব)',14,1,1,0,'2021-02-14 01:17:10','2021-02-14 01:17:10'),(157,'Goliara','গলিয়ারা',14,1,1,0,'2021-02-14 01:17:10','2021-02-14 01:17:10'),(158,'Jorkanonwest','জোড়কানন (পশ্চিম)',14,1,1,0,'2021-02-14 01:17:10','2021-02-14 01:17:10'),(159,'Bagmara (North)','বাগমারা (উত্তর)',14,1,1,0,'2021-02-14 01:17:10','2021-02-14 01:17:10'),(160,'Bagmara (South)','বাগমারা (দক্ষিন)',14,1,1,0,'2021-02-14 01:17:10','2021-02-14 01:17:10'),(161,'Bhuloin (North)','ভূলইন (উত্তর)',14,1,1,0,'2021-02-14 01:17:10','2021-02-14 01:17:10'),(162,'Bhuloin (South)','ভূলইন (দক্ষিন)',14,1,1,0,'2021-02-14 01:17:10','2021-02-14 01:17:10'),(163,'Belgor (North)','বেলঘর (উত্তর)',14,1,1,0,'2021-02-14 01:17:10','2021-02-14 01:17:10'),(164,'Belgor (South)','বেলঘর (দক্ষিন)',14,1,1,0,'2021-02-14 01:17:10','2021-02-14 01:17:10'),(165,'Perul (North)','পেরুল (উত্তর)',14,1,1,0,'2021-02-14 01:17:10','2021-02-14 01:17:10'),(166,'Perul (South)','পেরুল (দক্ষিন)',14,1,1,0,'2021-02-14 01:17:10','2021-02-14 01:17:10'),(167,'Bijoypur','বিজয়পুর',14,1,1,0,'2021-02-14 01:17:10','2021-02-14 01:17:10'),(168,'Satani','সাতানী',15,1,1,0,'2021-02-14 01:17:10','2021-02-14 01:17:10'),(169,'Jagatpur','জগতপুর',15,1,1,0,'2021-02-14 01:17:10','2021-02-14 01:17:10'),(170,'Balorampur','বলরামপুর',15,1,1,0,'2021-02-14 01:17:10','2021-02-14 01:17:10'),(171,'Karikandi','কড়িকান্দি',15,1,1,0,'2021-02-14 01:17:10','2021-02-14 01:17:10'),(172,'Kalakandi','কলাকান্দি',15,1,1,0,'2021-02-14 01:17:10','2021-02-14 01:17:10'),(173,'Vitikandi','ভিটিকান্দি',15,1,1,0,'2021-02-14 01:17:10','2021-02-14 01:17:10'),(174,'Narayandia','নারান্দিয়া',15,1,1,0,'2021-02-14 01:17:10','2021-02-14 01:17:10'),(175,'Zearkandi','জিয়ারকান্দি',15,1,1,0,'2021-02-14 01:17:10','2021-02-14 01:17:10'),(176,'Majidpur','মজিদপুর',15,1,1,0,'2021-02-14 01:17:10','2021-02-14 01:17:10'),(177,'Moynamoti','ময়নামতি',16,1,1,0,'2021-02-14 01:17:10','2021-02-14 01:17:10'),(178,'Varella','ভারেল্লা',16,1,1,0,'2021-02-14 01:17:10','2021-02-14 01:17:10'),(179,'Mokam','মোকাম',16,1,1,0,'2021-02-14 01:17:10','2021-02-14 01:17:10'),(180,'Burichang Sadar','বুড়িচং সদর',16,1,1,0,'2021-02-14 01:17:10','2021-02-14 01:17:10'),(181,'Bakshimul','বাকশীমূল',16,1,1,0,'2021-02-14 01:17:11','2021-02-14 01:17:11'),(182,'Pirjatrapur','পীরযাত্রাপুর',16,1,1,0,'2021-02-14 01:17:11','2021-02-14 01:17:11'),(183,'Sholonal','ষোলনল',16,1,1,0,'2021-02-14 01:17:11','2021-02-14 01:17:11'),(184,'Rajapur','রাজাপুর',16,1,1,0,'2021-02-14 01:17:11','2021-02-14 01:17:11'),(185,'Bagmara (North)','বাগমারা (উত্তর)',17,1,1,0,'2021-02-14 01:17:11','2021-02-14 01:17:11'),(186,'Bagmara (South)','বাগমারা (দক্ষিন)',17,1,1,0,'2021-02-14 01:17:11','2021-02-14 01:17:11'),(187,'Bhuloin (North)','ভূলইন (উত্তর)',17,1,1,0,'2021-02-14 01:17:11','2021-02-14 01:17:11'),(188,'Bhuloin (South)','ভূলইন (দক্ষিন)',17,1,1,0,'2021-02-14 01:17:11','2021-02-14 01:17:11'),(189,'Belgor (North)','বেলঘর (উত্তর)',17,1,1,0,'2021-02-14 01:17:11','2021-02-14 01:17:11'),(190,'Belgor (South)','বেলঘর (দক্ষিন)',17,1,1,0,'2021-02-14 01:17:11','2021-02-14 01:17:11'),(191,'Perul (North)','পেরুল (উত্তর)',17,1,1,0,'2021-02-14 01:17:11','2021-02-14 01:17:11'),(192,'Perul (South)','পেরুল (দক্ষিন)',17,1,1,0,'2021-02-14 01:17:11','2021-02-14 01:17:11'),(193,'Mohamaya','মহামায়া',18,1,1,0,'2021-02-14 01:17:11','2021-02-14 01:17:11'),(194,'Pathannagar','পাঠাননগর',18,1,1,0,'2021-02-14 01:17:11','2021-02-14 01:17:11'),(195,'Subhapur','শুভপুর',18,1,1,0,'2021-02-14 01:17:11','2021-02-14 01:17:11'),(196,'Radhanagar','রাধানগর',18,1,1,0,'2021-02-14 01:17:11','2021-02-14 01:17:11'),(197,'Gopal','ঘোপাল',18,1,1,0,'2021-02-14 01:17:11','2021-02-14 01:17:11'),(198,'Sarishadi','শর্শদি',19,1,1,0,'2021-02-14 01:17:11','2021-02-14 01:17:11'),(199,'Panchgachia','পাঁচগাছিয়া',19,1,1,0,'2021-02-14 01:17:11','2021-02-14 01:17:11'),(200,'Dhormapur','ধর্মপুর',19,1,1,0,'2021-02-14 01:17:11','2021-02-14 01:17:11'),(201,'Kazirbag','কাজিরবাগ',19,1,1,0,'2021-02-14 01:17:11','2021-02-14 01:17:11'),(202,'Kalidah','কালিদহ',19,1,1,0,'2021-02-14 01:17:11','2021-02-14 01:17:11'),(203,'Baligaon','বালিগাঁও',19,1,1,0,'2021-02-14 01:17:11','2021-02-14 01:17:11'),(204,'Dholia','ধলিয়া',19,1,1,0,'2021-02-14 01:17:11','2021-02-14 01:17:11'),(205,'Lemua','লেমুয়া',19,1,1,0,'2021-02-14 01:17:11','2021-02-14 01:17:11'),(206,'Chonua','ছনুয়া',19,1,1,0,'2021-02-14 01:17:11','2021-02-14 01:17:11'),(207,'Motobi','মোটবী',19,1,1,0,'2021-02-14 01:17:11','2021-02-14 01:17:11'),(208,'Fazilpur','ফাজিলপুর',19,1,1,0,'2021-02-14 01:17:11','2021-02-14 01:17:11'),(209,'Forhadnogor','ফরহাদনগর',19,1,1,0,'2021-02-14 01:17:12','2021-02-14 01:17:12'),(210,'Charmozlishpur','চরমজলিশপুর',20,1,1,0,'2021-02-14 01:17:12','2021-02-14 01:17:12'),(211,'Bogadana','বগাদানা',20,1,1,0,'2021-02-14 01:17:12','2021-02-14 01:17:12'),(212,'Motigonj','মতিগঞ্জ',20,1,1,0,'2021-02-14 01:17:12','2021-02-14 01:17:12'),(213,'Mongolkandi','মঙ্গলকান্দি',20,1,1,0,'2021-02-14 01:17:12','2021-02-14 01:17:12'),(214,'Chardorbesh','চরদরবেশ',20,1,1,0,'2021-02-14 01:17:12','2021-02-14 01:17:12'),(215,'Chorchandia','চরচান্দিয়া',20,1,1,0,'2021-02-14 01:17:12','2021-02-14 01:17:12'),(216,'Sonagazi','সোনাগাজী',20,1,1,0,'2021-02-14 01:17:12','2021-02-14 01:17:12'),(217,'Amirabad','আমিরাবাদ',20,1,1,0,'2021-02-14 01:17:12','2021-02-14 01:17:12'),(218,'Nababpur','নবাবপুর',20,1,1,0,'2021-02-14 01:17:12','2021-02-14 01:17:12'),(219,'Fulgazi','ফুলগাজী',21,1,1,0,'2021-02-14 01:17:12','2021-02-14 01:17:12'),(220,'Munshirhat','মুন্সিরহাট',21,1,1,0,'2021-02-14 01:17:12','2021-02-14 01:17:12'),(221,'Dorbarpur','দরবারপুর',21,1,1,0,'2021-02-14 01:17:12','2021-02-14 01:17:12'),(222,'Anandopur','আনন্দপুর',21,1,1,0,'2021-02-14 01:17:12','2021-02-14 01:17:12'),(223,'Amzadhat','আমজাদহাট',21,1,1,0,'2021-02-14 01:17:12','2021-02-14 01:17:12'),(224,'Gmhat','জি,এম, হাট',21,1,1,0,'2021-02-14 01:17:12','2021-02-14 01:17:12'),(225,'Mizanagar','মির্জানগর',22,1,1,0,'2021-02-14 01:17:12','2021-02-14 01:17:12'),(226,'Ctholia','চিথলিয়া',22,1,1,0,'2021-02-14 01:17:12','2021-02-14 01:17:12'),(227,'Boxmahmmud','বক্সমাহমুদ',22,1,1,0,'2021-02-14 01:17:12','2021-02-14 01:17:12'),(228,'Sindurpur','সিন্দুরপুর',23,1,1,0,'2021-02-14 01:17:12','2021-02-14 01:17:12'),(229,'Rajapur','রাজাপুর',23,1,1,0,'2021-02-14 01:17:12','2021-02-14 01:17:12'),(230,'Purbachandrapur','পূর্বচন্দ্রপুর',23,1,1,0,'2021-02-14 01:17:12','2021-02-14 01:17:12'),(231,'Ramnagar','রামনগর',23,1,1,0,'2021-02-14 01:17:13','2021-02-14 01:17:13'),(232,'Yeakubpur','ইয়াকুবপুর',23,1,1,0,'2021-02-14 01:17:13','2021-02-14 01:17:13'),(233,'Daganbhuiyan','দাগনভূঞা',23,1,1,0,'2021-02-14 01:17:13','2021-02-14 01:17:13'),(234,'Matubhuiyan','মাতুভূঞা',23,1,1,0,'2021-02-14 01:17:13','2021-02-14 01:17:13'),(235,'Jayloskor','জায়লস্কর',23,1,1,0,'2021-02-14 01:17:13','2021-02-14 01:17:13'),(236,'Basudeb','বাসুদেব',24,1,1,0,'2021-02-14 01:17:13','2021-02-14 01:17:13'),(237,'Machihata','মাছিহাতা',24,1,1,0,'2021-02-14 01:17:13','2021-02-14 01:17:13'),(238,'Sultanpur','সুলতানপুর',24,1,1,0,'2021-02-14 01:17:13','2021-02-14 01:17:13'),(239,'Ramrail','রামরাইল',24,1,1,0,'2021-02-14 01:17:13','2021-02-14 01:17:13'),(240,'Sadekpur','সাদেকপুর',24,1,1,0,'2021-02-14 01:17:13','2021-02-14 01:17:13'),(241,'Talsahar','তালশহর',24,1,1,0,'2021-02-14 01:17:13','2021-02-14 01:17:13'),(242,'Natai','নাটাই (দক্ষিন)',24,1,1,0,'2021-02-14 01:17:13','2021-02-14 01:17:13'),(243,'Natai','নাটাই (উত্তর)',24,1,1,0,'2021-02-14 01:17:13','2021-02-14 01:17:13'),(244,'Shuhilpur','সুহিলপুর',24,1,1,0,'2021-02-14 01:17:13','2021-02-14 01:17:13'),(245,'Bodhal','বুধল',24,1,1,0,'2021-02-14 01:17:13','2021-02-14 01:17:13'),(246,'Majlishpur','মজলিশপুর',24,1,1,0,'2021-02-14 01:17:13','2021-02-14 01:17:13'),(247,'Mulagram','মূলগ্রাম',25,1,1,0,'2021-02-14 01:17:13','2021-02-14 01:17:13'),(248,'Mehari','মেহারী',25,1,1,0,'2021-02-14 01:17:13','2021-02-14 01:17:13'),(249,'Badair','বাদৈর',25,1,1,0,'2021-02-14 01:17:13','2021-02-14 01:17:13'),(250,'Kharera','খাড়েরা',25,1,1,0,'2021-02-14 01:17:13','2021-02-14 01:17:13'),(251,'Benauty','বিনাউটি',25,1,1,0,'2021-02-14 01:17:13','2021-02-14 01:17:13'),(252,'Gopinathpur','গোপীনাথপুর',25,1,1,0,'2021-02-14 01:17:13','2021-02-14 01:17:13'),(253,'Kasbaw','কসবা',25,1,1,0,'2021-02-14 01:17:13','2021-02-14 01:17:13'),(254,'Kuti','কুটি',25,1,1,0,'2021-02-14 01:17:13','2021-02-14 01:17:13'),(255,'Kayempur','কাইমপুর',25,1,1,0,'2021-02-14 01:17:13','2021-02-14 01:17:13'),(256,'Bayek','বায়েক',25,1,1,0,'2021-02-14 01:17:14','2021-02-14 01:17:14'),(257,'Chatalpar','চাতলপাড়',26,1,1,0,'2021-02-14 01:17:14','2021-02-14 01:17:14'),(258,'Bhalakut','ভলাকুট',26,1,1,0,'2021-02-14 01:17:14','2021-02-14 01:17:14'),(259,'Kunda','কুন্ডা',26,1,1,0,'2021-02-14 01:17:14','2021-02-14 01:17:14'),(260,'Goalnagar','গোয়ালনগর',26,1,1,0,'2021-02-14 01:17:14','2021-02-14 01:17:14'),(261,'Nasirnagar','নাসিরনগর',26,1,1,0,'2021-02-14 01:17:14','2021-02-14 01:17:14'),(262,'Burishwar','বুড়িশ্বর',26,1,1,0,'2021-02-14 01:17:14','2021-02-14 01:17:14'),(263,'Fandauk','ফান্দাউক',26,1,1,0,'2021-02-14 01:17:14','2021-02-14 01:17:14'),(264,'Goniauk','গুনিয়াউক',26,1,1,0,'2021-02-14 01:17:14','2021-02-14 01:17:14'),(265,'Chapartala','চাপৈরতলা',26,1,1,0,'2021-02-14 01:17:14','2021-02-14 01:17:14'),(266,'Dharnondol','ধরমন্ডল',26,1,1,0,'2021-02-14 01:17:14','2021-02-14 01:17:14'),(267,'Haripur','হরিপুর',26,1,1,0,'2021-02-14 01:17:14','2021-02-14 01:17:14'),(268,'Purbabhag','পূর্বভাগ',26,1,1,0,'2021-02-14 01:17:14','2021-02-14 01:17:14'),(269,'Gokarna','গোকর্ণ',26,1,1,0,'2021-02-14 01:17:14','2021-02-14 01:17:14'),(270,'Auraol','অরুয়াইল',27,1,1,0,'2021-02-14 01:17:14','2021-02-14 01:17:14'),(271,'Pakshimuul','পাকশিমুল',27,1,1,0,'2021-02-14 01:17:14','2021-02-14 01:17:14'),(272,'Chunta','চুন্টা',27,1,1,0,'2021-02-14 01:17:14','2021-02-14 01:17:14'),(273,'Kalikaccha','কালীকচ্ছ',27,1,1,0,'2021-02-14 01:17:14','2021-02-14 01:17:14'),(274,'Panishor','পানিশ্বর',27,1,1,0,'2021-02-14 01:17:14','2021-02-14 01:17:14'),(275,'Sarail','সরাইল সদর',27,1,1,0,'2021-02-14 01:17:14','2021-02-14 01:17:14'),(276,'Noagoun','নোয়াগাঁও',27,1,1,0,'2021-02-14 01:17:14','2021-02-14 01:17:14'),(277,'Shahajadapur','শাহজাদাপুর',27,1,1,0,'2021-02-14 01:17:14','2021-02-14 01:17:14'),(278,'Shahbazpur','শাহবাজপুর',27,1,1,0,'2021-02-14 01:17:14','2021-02-14 01:17:14'),(279,'Ashuganj','আশুগঞ্জ সদর',28,1,1,0,'2021-02-14 01:17:14','2021-02-14 01:17:14'),(280,'Charchartala','চরচারতলা',28,1,1,0,'2021-02-14 01:17:14','2021-02-14 01:17:14'),(281,'Durgapur','দুর্গাপুর',28,1,1,0,'2021-02-14 01:17:14','2021-02-14 01:17:14'),(282,'Araishidha','আড়াইসিধা',28,1,1,0,'2021-02-14 01:17:14','2021-02-14 01:17:14'),(283,'Talshaharw','তালশহর(পঃ)',28,1,1,0,'2021-02-14 01:17:15','2021-02-14 01:17:15'),(284,'Sarifpur','শরীফপুর',28,1,1,0,'2021-02-14 01:17:15','2021-02-14 01:17:15'),(285,'Lalpur','লালপুর',28,1,1,0,'2021-02-14 01:17:15','2021-02-14 01:17:15'),(286,'Tarua','তারুয়া',28,1,1,0,'2021-02-14 01:17:15','2021-02-14 01:17:15'),(287,'Monionda','মনিয়ন্দ',29,1,1,0,'2021-02-14 01:17:15','2021-02-14 01:17:15'),(288,'Dharkhar','ধরখার',29,1,1,0,'2021-02-14 01:17:15','2021-02-14 01:17:15'),(289,'Mogra','মোগড়া',29,1,1,0,'2021-02-14 01:17:15','2021-02-14 01:17:15'),(290,'Akhauran','আখাউড়া (উঃ)',29,1,1,0,'2021-02-14 01:17:15','2021-02-14 01:17:15'),(291,'Akhauras','আখাউড়া (দঃ)',29,1,1,0,'2021-02-14 01:17:15','2021-02-14 01:17:15'),(292,'Barail','বড়াইল',30,1,1,0,'2021-02-14 01:17:15','2021-02-14 01:17:15'),(293,'Birgaon','বীরগাঁও',30,1,1,0,'2021-02-14 01:17:15','2021-02-14 01:17:15'),(294,'Krishnanagar','কৃষ্ণনগর',30,1,1,0,'2021-02-14 01:17:15','2021-02-14 01:17:15'),(295,'Nathghar','নাটঘর',30,1,1,0,'2021-02-14 01:17:15','2021-02-14 01:17:15'),(296,'Biddayakut','বিদ্যাকুট',30,1,1,0,'2021-02-14 01:17:15','2021-02-14 01:17:15'),(297,'Nabinagare','নবীনগর (পূর্ব)',30,1,1,0,'2021-02-14 01:17:15','2021-02-14 01:17:15'),(298,'Nabinagarw','নবীনগর(পশ্চিম)',30,1,1,0,'2021-02-14 01:17:15','2021-02-14 01:17:15'),(299,'Bitghar','বিটঘর',30,1,1,0,'2021-02-14 01:17:15','2021-02-14 01:17:15'),(300,'Shibpur','শিবপুর',30,1,1,0,'2021-02-14 01:17:15','2021-02-14 01:17:15'),(301,'Sreerampur','শ্রীরামপুর',30,1,1,0,'2021-02-14 01:17:15','2021-02-14 01:17:15'),(302,'Jinudpur','জিনোদপুর',30,1,1,0,'2021-02-14 01:17:15','2021-02-14 01:17:15'),(303,'Laurfatehpur','লাউরফতেপুর',30,1,1,0,'2021-02-14 01:17:15','2021-02-14 01:17:15'),(304,'Ibrahimpur','ইব্রাহিমপুর',30,1,1,0,'2021-02-14 01:17:15','2021-02-14 01:17:15'),(305,'Satmura','সাতমোড়া',30,1,1,0,'2021-02-14 01:17:15','2021-02-14 01:17:15'),(306,'Shamogram','শ্যামগ্রাম',30,1,1,0,'2021-02-14 01:17:15','2021-02-14 01:17:15'),(307,'Rasullabad','রসুল্লাবাদ',30,1,1,0,'2021-02-14 01:17:15','2021-02-14 01:17:15'),(308,'Barikandi','বড়িকান্দি',30,1,1,0,'2021-02-14 01:17:16','2021-02-14 01:17:16'),(309,'Salimganj','ছলিমগঞ্জ',30,1,1,0,'2021-02-14 01:17:16','2021-02-14 01:17:16'),(310,'Ratanpur','রতনপুর',30,1,1,0,'2021-02-14 01:17:16','2021-02-14 01:17:16'),(311,'Kaitala (North)','কাইতলা (উত্তর)',30,1,1,0,'2021-02-14 01:17:16','2021-02-14 01:17:16'),(312,'Kaitala (South)','কাইতলা (দক্ষিন)',30,1,1,0,'2021-02-14 01:17:16','2021-02-14 01:17:16'),(313,'Tazkhali','তেজখালী',31,1,1,0,'2021-02-14 01:17:16','2021-02-14 01:17:16'),(314,'Pahariya Kandi','পাহাড়িয়া কান্দি',31,1,1,0,'2021-02-14 01:17:16','2021-02-14 01:17:16'),(315,'Dariadulat','দরিয়াদৌলত',31,1,1,0,'2021-02-14 01:17:16','2021-02-14 01:17:16'),(316,'Sonarampur','সোনারামপুর',31,1,1,0,'2021-02-14 01:17:16','2021-02-14 01:17:16'),(317,'Darikandi','দড়িকান্দি',31,1,1,0,'2021-02-14 01:17:16','2021-02-14 01:17:16'),(318,'Saifullyakandi','ছয়ফুল্লাকান্দি',31,1,1,0,'2021-02-14 01:17:16','2021-02-14 01:17:16'),(319,'Bancharampur','বাঞ্ছারামপুর',31,1,1,0,'2021-02-14 01:17:16','2021-02-14 01:17:16'),(320,'Ayabpur','আইয়ুবপুর',31,1,1,0,'2021-02-14 01:17:16','2021-02-14 01:17:16'),(321,'Fardabad','ফরদাবাদ',31,1,1,0,'2021-02-14 01:17:16','2021-02-14 01:17:16'),(322,'Rupushdi','রুপসদী পশ্চিম',31,1,1,0,'2021-02-14 01:17:16','2021-02-14 01:17:16'),(323,'Salimabad','ছলিমাবাদ',31,1,1,0,'2021-02-14 01:17:16','2021-02-14 01:17:16'),(324,'Ujanchar','উজানচর পূর্ব',31,1,1,0,'2021-02-14 01:17:16','2021-02-14 01:17:16'),(325,'Manikpur','মানিকপুর',31,1,1,0,'2021-02-14 01:17:16','2021-02-14 01:17:16'),(326,'Bhudanty','বুধন্তি',32,1,1,0,'2021-02-14 01:17:16','2021-02-14 01:17:16'),(327,'Chandura','চান্দুরা',32,1,1,0,'2021-02-14 01:17:16','2021-02-14 01:17:16'),(328,'Ichapura','ইছাপুরা',32,1,1,0,'2021-02-14 01:17:16','2021-02-14 01:17:16'),(329,'Champaknagar','চম্পকনগর',32,1,1,0,'2021-02-14 01:17:16','2021-02-14 01:17:16'),(330,'Harashpur','হরষপুর',32,1,1,0,'2021-02-14 01:17:16','2021-02-14 01:17:16'),(331,'Pattan','পত্তন',32,1,1,0,'2021-02-14 01:17:16','2021-02-14 01:17:16'),(332,'Singerbil','সিংগারবিল',32,1,1,0,'2021-02-14 01:17:16','2021-02-14 01:17:16'),(333,'Bishupor','বিষ্ণুপুর',32,1,1,0,'2021-02-14 01:17:16','2021-02-14 01:17:16'),(334,'Charislampur','চর-ইসলামপুর',32,1,1,0,'2021-02-14 01:17:16','2021-02-14 01:17:16'),(335,'Paharpur','পাহাড়পুর',32,1,1,0,'2021-02-14 01:17:17','2021-02-14 01:17:17'),(336,'Jibtali','জীবতলি',33,1,1,0,'2021-02-14 01:17:17','2021-02-14 01:17:17'),(337,'Sapchari','সাপছড়ি',33,1,1,0,'2021-02-14 01:17:17','2021-02-14 01:17:17'),(338,'Kutukchari','কুতুকছড়ি',33,1,1,0,'2021-02-14 01:17:17','2021-02-14 01:17:17'),(339,'Bandukbhanga','বন্দুকভাঙ্গা',33,1,1,0,'2021-02-14 01:17:17','2021-02-14 01:17:17'),(340,'Balukhali','বালুখালী',33,1,1,0,'2021-02-14 01:17:17','2021-02-14 01:17:17'),(341,'Mogban','মগবান',33,1,1,0,'2021-02-14 01:17:17','2021-02-14 01:17:17'),(342,'Raikhali','রাইখালী',34,1,1,0,'2021-02-14 01:17:17','2021-02-14 01:17:17'),(343,'Kaptai','কাপ্তাই',34,1,1,0,'2021-02-14 01:17:17','2021-02-14 01:17:17'),(344,'Wagga','ওয়াজ্ঞা',34,1,1,0,'2021-02-14 01:17:17','2021-02-14 01:17:17'),(345,'Chandraghona','চন্দ্রঘোনা',34,1,1,0,'2021-02-14 01:17:17','2021-02-14 01:17:17'),(346,'Chitmorom','চিৎমরম',34,1,1,0,'2021-02-14 01:17:17','2021-02-14 01:17:17'),(347,'Ghagra','ঘাগড়া',35,1,1,0,'2021-02-14 01:17:17','2021-02-14 01:17:17'),(348,'Fatikchari','ফটিকছড়ি',35,1,1,0,'2021-02-14 01:17:17','2021-02-14 01:17:17'),(349,'Betbunia','বেতবুনিয়া',35,1,1,0,'2021-02-14 01:17:17','2021-02-14 01:17:17'),(350,'Kalampati','কলমপতি',35,1,1,0,'2021-02-14 01:17:17','2021-02-14 01:17:17'),(351,'Sajek','সাজেক',36,1,1,0,'2021-02-14 01:17:17','2021-02-14 01:17:17'),(352,'Amtali','আমতলী',36,1,1,0,'2021-02-14 01:17:17','2021-02-14 01:17:17'),(353,'Bongoltali','বঙ্গলতলী',36,1,1,0,'2021-02-14 01:17:17','2021-02-14 01:17:17'),(354,'Rupokari','রুপকারী',36,1,1,0,'2021-02-14 01:17:17','2021-02-14 01:17:17'),(355,'Marisha','মারিশ্যা',36,1,1,0,'2021-02-14 01:17:17','2021-02-14 01:17:17'),(356,'Khedarmara','খেদারমারা',36,1,1,0,'2021-02-14 01:17:17','2021-02-14 01:17:17'),(357,'Sharoyatali','সারোয়াতলী',36,1,1,0,'2021-02-14 01:17:17','2021-02-14 01:17:17'),(358,'Baghaichari','বাঘাইছড়ি',36,1,1,0,'2021-02-14 01:17:18','2021-02-14 01:17:18'),(359,'Subalong','সুবলং',37,1,1,0,'2021-02-14 01:17:18','2021-02-14 01:17:18'),(360,'Barkal','বরকল',37,1,1,0,'2021-02-14 01:17:18','2021-02-14 01:17:18'),(361,'Bushanchara','ভূষনছড়া',37,1,1,0,'2021-02-14 01:17:18','2021-02-14 01:17:18'),(362,'Aimachara','আইমাছড়া',37,1,1,0,'2021-02-14 01:17:18','2021-02-14 01:17:18'),(363,'Borohorina','বড় হরিণা',37,1,1,0,'2021-02-14 01:17:18','2021-02-14 01:17:18'),(364,'Langad','লংগদু',38,1,1,0,'2021-02-14 01:17:18','2021-02-14 01:17:18'),(365,'Maeinimukh','মাইনীমুখ',38,1,1,0,'2021-02-14 01:17:18','2021-02-14 01:17:18'),(366,'Vasannadam','ভাসান্যাদম',38,1,1,0,'2021-02-14 01:17:18','2021-02-14 01:17:18'),(367,'Bogachattar','বগাচতর',38,1,1,0,'2021-02-14 01:17:18','2021-02-14 01:17:18'),(368,'Gulshakhali','গুলশাখালী',38,1,1,0,'2021-02-14 01:17:18','2021-02-14 01:17:18'),(369,'Kalapakujja','কালাপাকুজ্যা',38,1,1,0,'2021-02-14 01:17:18','2021-02-14 01:17:18'),(370,'Atarakchara','আটারকছড়া',38,1,1,0,'2021-02-14 01:17:18','2021-02-14 01:17:18'),(371,'Ghilachari','ঘিলাছড়ি',39,1,1,0,'2021-02-14 01:17:18','2021-02-14 01:17:18'),(372,'Gaindya','গাইন্দ্যা',39,1,1,0,'2021-02-14 01:17:18','2021-02-14 01:17:18'),(373,'Bangalhalia','বাঙ্গালহালিয়া',39,1,1,0,'2021-02-14 01:17:18','2021-02-14 01:17:18'),(374,'Kengrachari','কেংড়াছড়ি',40,1,1,0,'2021-02-14 01:17:18','2021-02-14 01:17:18'),(375,'Belaichari','বিলাইছড়ি',40,1,1,0,'2021-02-14 01:17:18','2021-02-14 01:17:18'),(376,'Farua','ফারুয়া',40,1,1,0,'2021-02-14 01:17:18','2021-02-14 01:17:18'),(377,'Juraichari','জুরাছড়ি',41,1,1,0,'2021-02-14 01:17:18','2021-02-14 01:17:18'),(378,'Banajogichara','বনযোগীছড়া',41,1,1,0,'2021-02-14 01:17:18','2021-02-14 01:17:18'),(379,'Moidong','মৈদং',41,1,1,0,'2021-02-14 01:17:18','2021-02-14 01:17:18'),(380,'Dumdumya','দুমদুম্যা',41,1,1,0,'2021-02-14 01:17:18','2021-02-14 01:17:18'),(381,'Sabekkhong','সাবেক্ষ্যং',42,1,1,0,'2021-02-14 01:17:18','2021-02-14 01:17:18'),(382,'Naniarchar','নানিয়ারচর',42,1,1,0,'2021-02-14 01:17:18','2021-02-14 01:17:18'),(383,'Burighat','বুড়িঘাট',42,1,1,0,'2021-02-14 01:17:18','2021-02-14 01:17:18'),(384,'Ghilachhari','ঘিলাছড়ি',42,1,1,0,'2021-02-14 01:17:19','2021-02-14 01:17:19'),(385,'Charmatua','চরমটুয়া',43,1,1,0,'2021-02-14 01:17:19','2021-02-14 01:17:19'),(386,'Dadpur','দাদপুর',43,1,1,0,'2021-02-14 01:17:19','2021-02-14 01:17:19'),(387,'Noannoi','নোয়ান্নই',43,1,1,0,'2021-02-14 01:17:19','2021-02-14 01:17:19'),(388,'Kadirhanif','কাদির হানিফ',43,1,1,0,'2021-02-14 01:17:19','2021-02-14 01:17:19'),(389,'Binodpur','বিনোদপুর',43,1,1,0,'2021-02-14 01:17:19','2021-02-14 01:17:19'),(390,'Dharmapur','ধর্মপুর',43,1,1,0,'2021-02-14 01:17:19','2021-02-14 01:17:19'),(391,'Aujbalia','এওজবালিয়া',43,1,1,0,'2021-02-14 01:17:19','2021-02-14 01:17:19'),(392,'Kaladara','কালাদরপ',43,1,1,0,'2021-02-14 01:17:19','2021-02-14 01:17:19'),(393,'Ashwadia','অশ্বদিয়া',43,1,1,0,'2021-02-14 01:17:19','2021-02-14 01:17:19'),(394,'Newajpur','নিয়াজপুর',43,1,1,0,'2021-02-14 01:17:19','2021-02-14 01:17:19'),(395,'East Charmatua','পূর্ব চরমটুয়া',43,1,1,0,'2021-02-14 01:17:19','2021-02-14 01:17:19'),(396,'Andarchar','আন্ডারচর',43,1,1,0,'2021-02-14 01:17:19','2021-02-14 01:17:19'),(397,'Noakhali','নোয়াখালী',43,1,1,0,'2021-02-14 01:17:19','2021-02-14 01:17:19'),(398,'Sirajpur','সিরাজপুর',44,1,1,0,'2021-02-14 01:17:19','2021-02-14 01:17:19'),(399,'Charparboti','চরপার্বতী',44,1,1,0,'2021-02-14 01:17:19','2021-02-14 01:17:19'),(400,'Charhazari','চরহাজারী',44,1,1,0,'2021-02-14 01:17:19','2021-02-14 01:17:19'),(401,'Charkakra','চরকাঁকড়া',44,1,1,0,'2021-02-14 01:17:19','2021-02-14 01:17:19'),(402,'Charfakira','চরফকিরা',44,1,1,0,'2021-02-14 01:17:19','2021-02-14 01:17:19'),(403,'Musapur','মুসাপুর',44,1,1,0,'2021-02-14 01:17:19','2021-02-14 01:17:19'),(404,'Charelahi','চরএলাহী',44,1,1,0,'2021-02-14 01:17:19','2021-02-14 01:17:19'),(405,'Rampur','রামপুর',44,1,1,0,'2021-02-14 01:17:19','2021-02-14 01:17:19'),(406,'Amanullapur','আমানউল্ল্যাপুর',45,1,1,0,'2021-02-14 01:17:19','2021-02-14 01:17:19'),(407,'Gopalpur','গোপালপুর',45,1,1,0,'2021-02-14 01:17:19','2021-02-14 01:17:19'),(408,'Jirtali','জিরতলী',45,1,1,0,'2021-02-14 01:17:19','2021-02-14 01:17:19'),(409,'Kutubpur','কুতবপুর',45,1,1,0,'2021-02-14 01:17:20','2021-02-14 01:17:20'),(410,'Alyearpur','আলাইয়ারপুর',45,1,1,0,'2021-02-14 01:17:20','2021-02-14 01:17:20'),(411,'Chayani','ছয়ানী',45,1,1,0,'2021-02-14 01:17:20','2021-02-14 01:17:20'),(412,'Rajganj','রাজগঞ্জ',45,1,1,0,'2021-02-14 01:17:20','2021-02-14 01:17:20'),(413,'Eklashpur','একলাশপুর',45,1,1,0,'2021-02-14 01:17:20','2021-02-14 01:17:20'),(414,'Begumganj','বেগমগঞ্জ',45,1,1,0,'2021-02-14 01:17:20','2021-02-14 01:17:20'),(415,'Mirwarishpur','মিরওয়ারিশপুর',45,1,1,0,'2021-02-14 01:17:20','2021-02-14 01:17:20'),(416,'Narottampur','নরোত্তমপুর',45,1,1,0,'2021-02-14 01:17:20','2021-02-14 01:17:20'),(417,'Durgapur','দূর্গাপুর',45,1,1,0,'2021-02-14 01:17:20','2021-02-14 01:17:20'),(418,'Rasulpur','রসুলপুর',45,1,1,0,'2021-02-14 01:17:20','2021-02-14 01:17:20'),(419,'Hajipur','হাজীপুর',45,1,1,0,'2021-02-14 01:17:20','2021-02-14 01:17:20'),(420,'Sharifpur','শরীফপুর',45,1,1,0,'2021-02-14 01:17:20','2021-02-14 01:17:20'),(421,'Kadirpur','কাদিরপুর',45,1,1,0,'2021-02-14 01:17:20','2021-02-14 01:17:20'),(422,'Sukhchar','সুখচর',46,1,1,0,'2021-02-14 01:17:20','2021-02-14 01:17:20'),(423,'Nolchira','নলচিরা',46,1,1,0,'2021-02-14 01:17:20','2021-02-14 01:17:20'),(424,'Charishwar','চরঈশ্বর',46,1,1,0,'2021-02-14 01:17:20','2021-02-14 01:17:20'),(425,'Charking','চরকিং',46,1,1,0,'2021-02-14 01:17:20','2021-02-14 01:17:20'),(426,'Tomoroddi','তমরদ্দি',46,1,1,0,'2021-02-14 01:17:20','2021-02-14 01:17:20'),(427,'Sonadiya','সোনাদিয়া',46,1,1,0,'2021-02-14 01:17:20','2021-02-14 01:17:20'),(428,'Burirchar','বুড়িরচর',46,1,1,0,'2021-02-14 01:17:20','2021-02-14 01:17:20'),(429,'Jahajmara','জাহাজমারা',46,1,1,0,'2021-02-14 01:17:20','2021-02-14 01:17:20'),(430,'Nijhumdwi','নিঝুমদ্বীপ',46,1,1,0,'2021-02-14 01:17:20','2021-02-14 01:17:20'),(431,'Charjabbar','চরজাব্বার',47,1,1,0,'2021-02-14 01:17:20','2021-02-14 01:17:20'),(432,'Charbata','চরবাটা',47,1,1,0,'2021-02-14 01:17:20','2021-02-14 01:17:20'),(433,'Charclerk','চরক্লার্ক',47,1,1,0,'2021-02-14 01:17:20','2021-02-14 01:17:20'),(434,'Charwapda','চরওয়াপদা',47,1,1,0,'2021-02-14 01:17:20','2021-02-14 01:17:20'),(435,'Charjubilee','চরজুবলী',47,1,1,0,'2021-02-14 01:17:20','2021-02-14 01:17:20'),(436,'Charaman Ullah','চরআমান উল্যা',47,1,1,0,'2021-02-14 01:17:20','2021-02-14 01:17:20'),(437,'East Charbata','পূর্ব চরবাটা',47,1,1,0,'2021-02-14 01:17:20','2021-02-14 01:17:20'),(438,'Mohammadpur','মোহাম্মদপুর',47,1,1,0,'2021-02-14 01:17:21','2021-02-14 01:17:21'),(439,'Narottampur','নরোত্তমপুর',48,1,1,0,'2021-02-14 01:17:21','2021-02-14 01:17:21'),(440,'Dhanshiri','ধানসিঁড়ি',48,1,1,0,'2021-02-14 01:17:21','2021-02-14 01:17:21'),(441,'Sundalpur','সুন্দলপুর',48,1,1,0,'2021-02-14 01:17:21','2021-02-14 01:17:21'),(442,'Ghoshbag','ঘোষবাগ',48,1,1,0,'2021-02-14 01:17:21','2021-02-14 01:17:21'),(443,'Chaprashirhat','চাপরাশিরহাট',48,1,1,0,'2021-02-14 01:17:21','2021-02-14 01:17:21'),(444,'Dhanshalik','ধানশালিক',48,1,1,0,'2021-02-14 01:17:21','2021-02-14 01:17:21'),(445,'Batoiya','বাটইয়া',48,1,1,0,'2021-02-14 01:17:21','2021-02-14 01:17:21'),(446,'Chhatarpaia','ছাতারপাইয়া',49,1,1,0,'2021-02-14 01:17:21','2021-02-14 01:17:21'),(447,'Kesharpar','কেশরপাড়া',49,1,1,0,'2021-02-14 01:17:21','2021-02-14 01:17:21'),(448,'Dumurua','ডুমুরুয়া',49,1,1,0,'2021-02-14 01:17:21','2021-02-14 01:17:21'),(449,'Kadra','কাদরা',49,1,1,0,'2021-02-14 01:17:21','2021-02-14 01:17:21'),(450,'Arjuntala','অর্জুনতলা',49,1,1,0,'2021-02-14 01:17:21','2021-02-14 01:17:21'),(451,'Kabilpur','কাবিলপুর',49,1,1,0,'2021-02-14 01:17:21','2021-02-14 01:17:21'),(452,'Mohammadpur','মোহাম্মদপুর',49,1,1,0,'2021-02-14 01:17:21','2021-02-14 01:17:21'),(453,'Nabipur','নবীপুর',49,1,1,0,'2021-02-14 01:17:21','2021-02-14 01:17:21'),(454,'Bejbagh','বিজবাগ',49,1,1,0,'2021-02-14 01:17:21','2021-02-14 01:17:21'),(455,'Sahapur','সাহাপুর',50,1,1,0,'2021-02-14 01:17:21','2021-02-14 01:17:21'),(456,'Ramnarayanpur','রামনারায়নপুর',50,1,1,0,'2021-02-14 01:17:21','2021-02-14 01:17:21'),(457,'Porokote','পরকোট',50,1,1,0,'2021-02-14 01:17:21','2021-02-14 01:17:21'),(458,'Badalkot','বাদলকোট',50,1,1,0,'2021-02-14 01:17:21','2021-02-14 01:17:21'),(459,'Panchgaon','পাঁচগাঁও',50,1,1,0,'2021-02-14 01:17:21','2021-02-14 01:17:21'),(460,'Hat-Pukuria Ghatlabag','হাট-পুকুরিয়া ঘাটলাবাগ',50,1,1,0,'2021-02-14 01:17:21','2021-02-14 01:17:21'),(461,'Noakhala','নোয়াখলা',50,1,1,0,'2021-02-14 01:17:21','2021-02-14 01:17:21'),(462,'Khilpara','খিলপাড়া',50,1,1,0,'2021-02-14 01:17:21','2021-02-14 01:17:21'),(463,'Mohammadpur','মোহাম্মদপুর',50,1,1,0,'2021-02-14 01:17:21','2021-02-14 01:17:21'),(464,'Joyag','জয়াগ',51,1,1,0,'2021-02-14 01:17:21','2021-02-14 01:17:21'),(465,'Nodona','নদনা',51,1,1,0,'2021-02-14 01:17:21','2021-02-14 01:17:21'),(466,'Chashirhat','চাষীরহাট',51,1,1,0,'2021-02-14 01:17:22','2021-02-14 01:17:22'),(467,'Barogaon','বারগাঁও',51,1,1,0,'2021-02-14 01:17:22','2021-02-14 01:17:22'),(468,'Ambarnagor','অম্বরনগর',51,1,1,0,'2021-02-14 01:17:22','2021-02-14 01:17:22'),(469,'Nateshwar','নাটেশ্বর',51,1,1,0,'2021-02-14 01:17:22','2021-02-14 01:17:22'),(470,'Bajra','বজরা',51,1,1,0,'2021-02-14 01:17:22','2021-02-14 01:17:22'),(471,'Sonapur','সোনাপুর',51,1,1,0,'2021-02-14 01:17:22','2021-02-14 01:17:22'),(472,'Deoti','দেওটি',51,1,1,0,'2021-02-14 01:17:22','2021-02-14 01:17:22'),(473,'Amishapara','আমিশাপাড়া',51,1,1,0,'2021-02-14 01:17:22','2021-02-14 01:17:22'),(474,'Gazipur','গাজীপুর',52,1,1,0,'2021-02-14 01:17:22','2021-02-14 01:17:22'),(475,'Algidurgapur (North)','আলগী দুর্গাপুর (উত্তর)',52,1,1,0,'2021-02-14 01:17:22','2021-02-14 01:17:22'),(476,'Algidurgapur (South)','আলগী দুর্গাপুর (দক্ষিণ)',52,1,1,0,'2021-02-14 01:17:22','2021-02-14 01:17:22'),(477,'Nilkamal','নীলকমল',52,1,1,0,'2021-02-14 01:17:22','2021-02-14 01:17:22'),(478,'Haimchar','হাইমচর',52,1,1,0,'2021-02-14 01:17:22','2021-02-14 01:17:22'),(479,'Charbhairabi','চরভৈরবী',52,1,1,0,'2021-02-14 01:17:22','2021-02-14 01:17:22'),(480,'Pathair','পাথৈর',53,1,1,0,'2021-02-14 01:17:22','2021-02-14 01:17:22'),(481,'Bitara','বিতারা',53,1,1,0,'2021-02-14 01:17:22','2021-02-14 01:17:22'),(482,'Shohodebpur (East)','সহদেবপুর (পূর্ব)',53,1,1,0,'2021-02-14 01:17:22','2021-02-14 01:17:22'),(483,'Shohodebpur (West)','সহদেবপুর (পশ্চিম)',53,1,1,0,'2021-02-14 01:17:22','2021-02-14 01:17:22'),(484,'Kachua (North)','কচুয়া (উত্তর)',53,1,1,0,'2021-02-14 01:17:22','2021-02-14 01:17:22'),(485,'Kachua (South)','কচুয়া (দক্ষিণ)',53,1,1,0,'2021-02-14 01:17:22','2021-02-14 01:17:22'),(486,'Gohat (North)','গোহাট (উত্তর)',53,1,1,0,'2021-02-14 01:17:22','2021-02-14 01:17:22'),(487,'Kadla','কাদলা',53,1,1,0,'2021-02-14 01:17:22','2021-02-14 01:17:22'),(488,'Ashrafpur','আসরাফপুর',53,1,1,0,'2021-02-14 01:17:22','2021-02-14 01:17:22'),(489,'Gohat (South)','গোহাট (দক্ষিণ)',53,1,1,0,'2021-02-14 01:17:22','2021-02-14 01:17:22'),(490,'Sachar','সাচার',53,1,1,0,'2021-02-14 01:17:22','2021-02-14 01:17:22'),(491,'Koroia','কড়ইয়া',53,1,1,0,'2021-02-14 01:17:22','2021-02-14 01:17:22'),(492,'Tamta (South)','টামটা (দক্ষিণ)',54,1,1,0,'2021-02-14 01:17:22','2021-02-14 01:17:22'),(493,'Tamta (North)','টামটা (উত্তর)',54,1,1,0,'2021-02-14 01:17:23','2021-02-14 01:17:23'),(494,'Meher (North)','মেহের (উত্তর)',54,1,1,0,'2021-02-14 01:17:23','2021-02-14 01:17:23'),(495,'Meher (South)','মেহের (দক্ষিণ)',54,1,1,0,'2021-02-14 01:17:23','2021-02-14 01:17:23'),(496,'Suchipara (North)','সুচিপাড়া (উত্তর)',54,1,1,0,'2021-02-14 01:17:23','2021-02-14 01:17:23'),(497,'Suchipara (South)','সুচিপাড়া (দক্ষিণ)',54,1,1,0,'2021-02-14 01:17:23','2021-02-14 01:17:23'),(498,'Chitoshi (East)','চিতষী (পূর্ব)',54,1,1,0,'2021-02-14 01:17:23','2021-02-14 01:17:23'),(499,'Raysree (South)','রায়শ্রী (দক্ষিন)',54,1,1,0,'2021-02-14 01:17:23','2021-02-14 01:17:23'),(500,'Raysree (North)','রায়শ্রী (উত্তর)',54,1,1,0,'2021-02-14 01:17:23','2021-02-14 01:17:23'),(501,'Chitoshiwest','চিতষী (পশ্চিম)',54,1,1,0,'2021-02-14 01:17:23','2021-02-14 01:17:23'),(502,'Bishnapur','বিষ্ণপুর',55,1,1,0,'2021-02-14 01:17:23','2021-02-14 01:17:23'),(503,'Ashikati','আশিকাটি',55,1,1,0,'2021-02-14 01:17:23','2021-02-14 01:17:23'),(504,'Shahmahmudpur','শাহ্‌ মাহমুদপুর',55,1,1,0,'2021-02-14 01:17:23','2021-02-14 01:17:23'),(505,'Kalyanpur','কল্যাণপুর',55,1,1,0,'2021-02-14 01:17:23','2021-02-14 01:17:23'),(506,'Rampur','রামপুর',55,1,1,0,'2021-02-14 01:17:23','2021-02-14 01:17:23'),(507,'Maishadi','মৈশাদী',55,1,1,0,'2021-02-14 01:17:23','2021-02-14 01:17:23'),(508,'Tarpurchandi','তরপুচন্ডী',55,1,1,0,'2021-02-14 01:17:23','2021-02-14 01:17:23'),(509,'Baghadi','বাগাদী',55,1,1,0,'2021-02-14 01:17:23','2021-02-14 01:17:23'),(510,'Laxmipur Model','লক্ষীপুর মডেল',55,1,1,0,'2021-02-14 01:17:23','2021-02-14 01:17:23'),(511,'Hanarchar','হানারচর',55,1,1,0,'2021-02-14 01:17:23','2021-02-14 01:17:23'),(512,'Chandra','চান্দ্রা',55,1,1,0,'2021-02-14 01:17:23','2021-02-14 01:17:23'),(513,'Rajrajeshwar','রাজরাজেশ্বর',55,1,1,0,'2021-02-14 01:17:23','2021-02-14 01:17:23'),(514,'Ibrahimpur','ইব্রাহীমপুর',55,1,1,0,'2021-02-14 01:17:23','2021-02-14 01:17:23'),(515,'Balia','বালিয়া',55,1,1,0,'2021-02-14 01:17:23','2021-02-14 01:17:23'),(516,'Nayergaon (North)','নায়েরগাঁও (উত্তর)',56,1,1,0,'2021-02-14 01:17:23','2021-02-14 01:17:23'),(517,'Nayergaon (South)','নায়েরগাঁও (দক্ষিন)',56,1,1,0,'2021-02-14 01:17:23','2021-02-14 01:17:23'),(518,'Khadergaon','খাদেরগাঁও',56,1,1,0,'2021-02-14 01:17:24','2021-02-14 01:17:24'),(519,'Narayanpur','নারায়নপুর',56,1,1,0,'2021-02-14 01:17:24','2021-02-14 01:17:24'),(520,'Upadi (South)','উপাদী (দক্ষিণ)',56,1,1,0,'2021-02-14 01:17:24','2021-02-14 01:17:24'),(521,'Upadi (North)','উপাদী (উত্তর)',56,1,1,0,'2021-02-14 01:17:24','2021-02-14 01:17:24'),(522,'Rajargaon (North)','রাজারগাঁও (উত্তর)',57,1,1,0,'2021-02-14 01:17:24','2021-02-14 01:17:24'),(523,'Bakila','বাকিলা',57,1,1,0,'2021-02-14 01:17:24','2021-02-14 01:17:24'),(524,'Kalocho (North)','কালচোঁ (উত্তর)',57,1,1,0,'2021-02-14 01:17:24','2021-02-14 01:17:24'),(525,'Hajiganj Sadar','হাজীগঞ্জ সদর',57,1,1,0,'2021-02-14 01:17:24','2021-02-14 01:17:24'),(526,'Kalocho (South)','কালচোঁ (দক্ষিণ)',57,1,1,0,'2021-02-14 01:17:24','2021-02-14 01:17:24'),(527,'Barkul (East)','বড়কুল (পূর্ব)',57,1,1,0,'2021-02-14 01:17:24','2021-02-14 01:17:24'),(528,'Barkul (West)','বড়কুল (পশ্চিম)',57,1,1,0,'2021-02-14 01:17:24','2021-02-14 01:17:24'),(529,'Hatila (East)','হাটিলা (পূর্ব)',57,1,1,0,'2021-02-14 01:17:24','2021-02-14 01:17:24'),(530,'Hatila (West)','হাটিলা (পশ্চিম)',57,1,1,0,'2021-02-14 01:17:25','2021-02-14 01:17:25'),(531,'Gandharbapur (North)','গন্ধর্ব্যপুর (উত্তর)',57,1,1,0,'2021-02-14 01:17:25','2021-02-14 01:17:25'),(532,'Gandharbapur (South)','গন্ধর্ব্যপুর (দক্ষিণ)',57,1,1,0,'2021-02-14 01:17:25','2021-02-14 01:17:25'),(533,'Satnal','ষাটনল',58,1,1,0,'2021-02-14 01:17:25','2021-02-14 01:17:25'),(534,'Banganbari','বাগানবাড়ী',58,1,1,0,'2021-02-14 01:17:25','2021-02-14 01:17:25'),(535,'Sadullapur','সাদুল্ল্যাপুর',58,1,1,0,'2021-02-14 01:17:25','2021-02-14 01:17:25'),(536,'Durgapur','দূর্গাপুর',58,1,1,0,'2021-02-14 01:17:25','2021-02-14 01:17:25'),(537,'Kalakanda','কালাকান্দা',58,1,1,0,'2021-02-14 01:17:25','2021-02-14 01:17:25'),(538,'Mohanpur','মোহনপুর',58,1,1,0,'2021-02-14 01:17:25','2021-02-14 01:17:25'),(539,'Eklaspur','এখলাছপুর',58,1,1,0,'2021-02-14 01:17:25','2021-02-14 01:17:25'),(540,'Jahirabad','জহিরাবাদ',58,1,1,0,'2021-02-14 01:17:25','2021-02-14 01:17:25'),(541,'Fatehpur (East)','ফতেহপুর (পূর্ব)',58,1,1,0,'2021-02-14 01:17:25','2021-02-14 01:17:25'),(542,'Fatehpur (West)','ফতেহপুর (পশ্চিম)',58,1,1,0,'2021-02-14 01:17:25','2021-02-14 01:17:25'),(543,'Farajikandi','ফরাজীকান্দি',58,1,1,0,'2021-02-14 01:17:25','2021-02-14 01:17:25'),(544,'Islamabad','ইসলামাবাদ',58,1,1,0,'2021-02-14 01:17:25','2021-02-14 01:17:25'),(545,'Sultanabad','সুলতানাবাদ',58,1,1,0,'2021-02-14 01:17:25','2021-02-14 01:17:25'),(546,'Gazra','গজরা',58,1,1,0,'2021-02-14 01:17:25','2021-02-14 01:17:25'),(547,'Balithuba (West)','বালিথুবা (পশ্চিম)',59,1,1,0,'2021-02-14 01:17:25','2021-02-14 01:17:25'),(548,'Balithuba (East)','বালিথুবা (পূর্ব)',59,1,1,0,'2021-02-14 01:17:25','2021-02-14 01:17:25'),(549,'Subidpur (East)','সুবিদপুর (পূর্ব)',59,1,1,0,'2021-02-14 01:17:25','2021-02-14 01:17:25'),(550,'Subidpur (West)','সুবিদপুর (পশ্চিম)',59,1,1,0,'2021-02-14 01:17:25','2021-02-14 01:17:25'),(551,'Gupti (West)','গুপ্তি (পশ্চিম)',59,1,1,0,'2021-02-14 01:17:25','2021-02-14 01:17:25'),(552,'Gupti (East)','গুপ্তি (পূর্ব)',59,1,1,0,'2021-02-14 01:17:25','2021-02-14 01:17:25'),(553,'Paikpara (North)','পাইকপাড়া (উত্তর)',59,1,1,0,'2021-02-14 01:17:25','2021-02-14 01:17:25'),(554,'Paikpara (South)','পাইকপাড়া (দক্ষিণ)',59,1,1,0,'2021-02-14 01:17:25','2021-02-14 01:17:25'),(555,'Gobindapur (North)','গবিন্দপুর (উত্তর)',59,1,1,0,'2021-02-14 01:17:25','2021-02-14 01:17:25'),(556,'Gobindapur (South)','গবিন্দপুর (দক্ষিণ)',59,1,1,0,'2021-02-14 01:17:25','2021-02-14 01:17:25'),(557,'Chardukhia (East)','চরদুখিয়া (পূর্ব)',59,1,1,0,'2021-02-14 01:17:25','2021-02-14 01:17:25'),(558,'Chardukhia (West)','চরদুঃখিয়া (পশ্চিম)',59,1,1,0,'2021-02-14 01:17:26','2021-02-14 01:17:26'),(559,'Faridgonj (South)','ফরিদ্গঞ্জ (দক্ষিণ)',59,1,1,0,'2021-02-14 01:17:26','2021-02-14 01:17:26'),(560,'Rupsha (South)','রুপসা (দক্ষিণ)',59,1,1,0,'2021-02-14 01:17:26','2021-02-14 01:17:26'),(561,'Rupsha (North)','রুপসা (উত্তর)',59,1,1,0,'2021-02-14 01:17:26','2021-02-14 01:17:26'),(562,'Hamsadi (North)','হামছাদী (উত্তর)',60,1,1,0,'2021-02-14 01:17:26','2021-02-14 01:17:26'),(563,'Hamsadi (South)','হামছাদী (দক্ষিন)',60,1,1,0,'2021-02-14 01:17:26','2021-02-14 01:17:26'),(564,'Dalalbazar','দালাল বাজার',60,1,1,0,'2021-02-14 01:17:26','2021-02-14 01:17:26'),(565,'Charruhita','চররুহিতা',60,1,1,0,'2021-02-14 01:17:26','2021-02-14 01:17:26'),(566,'Parbotinagar','পার্বতীনগর',60,1,1,0,'2021-02-14 01:17:26','2021-02-14 01:17:26'),(567,'Bangakha','বাঙ্গাখাঁ',60,1,1,0,'2021-02-14 01:17:26','2021-02-14 01:17:26'),(568,'Dattapara','দত্তপাড়া',60,1,1,0,'2021-02-14 01:17:26','2021-02-14 01:17:26'),(569,'Basikpur','বশিকপুর',60,1,1,0,'2021-02-14 01:17:26','2021-02-14 01:17:26'),(570,'Chandrogonj','চন্দ্রগঞ্জ',60,1,1,0,'2021-02-14 01:17:26','2021-02-14 01:17:26'),(571,'Nourthjoypur','উত্তর জয়পুর',60,1,1,0,'2021-02-14 01:17:26','2021-02-14 01:17:26'),(572,'Hazirpara','হাজিরপাড়া',60,1,1,0,'2021-02-14 01:17:26','2021-02-14 01:17:26'),(573,'Charshahi','চরশাহী',60,1,1,0,'2021-02-14 01:17:26','2021-02-14 01:17:26'),(574,'Digli','দিঘলী',60,1,1,0,'2021-02-14 01:17:26','2021-02-14 01:17:26'),(575,'Laharkandi','লাহারকান্দি',60,1,1,0,'2021-02-14 01:17:26','2021-02-14 01:17:26'),(576,'Vobanigonj','ভবানীগঞ্জ',60,1,1,0,'2021-02-14 01:17:26','2021-02-14 01:17:26'),(577,'Kusakhali','কুশাখালী',60,1,1,0,'2021-02-14 01:17:26','2021-02-14 01:17:26'),(578,'Sakchor','শাকচর',60,1,1,0,'2021-02-14 01:17:26','2021-02-14 01:17:26'),(579,'Tearigonj','তেয়ারীগঞ্জ',60,1,1,0,'2021-02-14 01:17:26','2021-02-14 01:17:26'),(580,'Tumchor','টুমচর',60,1,1,0,'2021-02-14 01:17:26','2021-02-14 01:17:26'),(581,'Charramoni Mohon','চররমনী মোহন',60,1,1,0,'2021-02-14 01:17:26','2021-02-14 01:17:26'),(582,'Charkalkini','চর কালকিনি',61,1,1,0,'2021-02-14 01:17:26','2021-02-14 01:17:26'),(583,'Shaheberhat','সাহেবেরহাট',61,1,1,0,'2021-02-14 01:17:26','2021-02-14 01:17:26'),(584,'Char Martin','চর মার্টিন',61,1,1,0,'2021-02-14 01:17:26','2021-02-14 01:17:26'),(585,'Char Folcon','চর ফলকন',61,1,1,0,'2021-02-14 01:17:26','2021-02-14 01:17:26'),(586,'Patarirhat','পাটারীরহাট',61,1,1,0,'2021-02-14 01:17:26','2021-02-14 01:17:26'),(587,'Hajirhat','হাজিরহাট',61,1,1,0,'2021-02-14 01:17:27','2021-02-14 01:17:27'),(588,'Char Kadira','চর কাদিরা',61,1,1,0,'2021-02-14 01:17:27','2021-02-14 01:17:27'),(589,'Torabgonj','তোরাবগঞ্জ',61,1,1,0,'2021-02-14 01:17:27','2021-02-14 01:17:27'),(590,'Charlorench','চর লরেঞ্চ',61,1,1,0,'2021-02-14 01:17:27','2021-02-14 01:17:27'),(591,'North Char Ababil','উত্তর চর আবাবিল',62,1,1,0,'2021-02-14 01:17:27','2021-02-14 01:17:27'),(592,'North Char Bangshi','উত্তর চর বংশী',62,1,1,0,'2021-02-14 01:17:27','2021-02-14 01:17:27'),(593,'Char Mohana','চর মোহনা',62,1,1,0,'2021-02-14 01:17:27','2021-02-14 01:17:27'),(594,'Sonapur','সোনাপুর',62,1,1,0,'2021-02-14 01:17:27','2021-02-14 01:17:27'),(595,'Charpata','চর পাতা',62,1,1,0,'2021-02-14 01:17:27','2021-02-14 01:17:27'),(596,'Bamni','বামনী',62,1,1,0,'2021-02-14 01:17:27','2021-02-14 01:17:27'),(597,'South Char Bangshi','দক্ষিন চর বংশী',62,1,1,0,'2021-02-14 01:17:27','2021-02-14 01:17:27'),(598,'South Char Ababil','দক্ষিন চর আবাবিল',62,1,1,0,'2021-02-14 01:17:27','2021-02-14 01:17:27'),(599,'Raipur','রায়পুর',62,1,1,0,'2021-02-14 01:17:27','2021-02-14 01:17:27'),(600,'Keora','কেরোয়া',62,1,1,0,'2021-02-14 01:17:27','2021-02-14 01:17:27'),(601,'Char Poragacha','চর পোড়াগাছা',63,1,1,0,'2021-02-14 01:17:27','2021-02-14 01:17:27'),(602,'Charbadam','চর বাদাম',63,1,1,0,'2021-02-14 01:17:27','2021-02-14 01:17:27'),(603,'Char Abdullah','চর আবদুল্যাহ',63,1,1,0,'2021-02-14 01:17:27','2021-02-14 01:17:27'),(604,'Alxendar','আলেকজান্ডার',63,1,1,0,'2021-02-14 01:17:27','2021-02-14 01:17:27'),(605,'Char Algi','চর আলগী',63,1,1,0,'2021-02-14 01:17:27','2021-02-14 01:17:27'),(606,'Char Ramiz','চর রমিজ',63,1,1,0,'2021-02-14 01:17:27','2021-02-14 01:17:27'),(607,'Borokheri','বড়খেড়ী',63,1,1,0,'2021-02-14 01:17:27','2021-02-14 01:17:27'),(608,'Chargazi','চরগাজী',63,1,1,0,'2021-02-14 01:17:27','2021-02-14 01:17:27'),(609,'Kanchanpur','কাঞ্চনপুর',64,1,1,0,'2021-02-14 01:17:27','2021-02-14 01:17:27'),(610,'Noagaon','নোয়াগাঁও',64,1,1,0,'2021-02-14 01:17:27','2021-02-14 01:17:27'),(611,'Bhadur','ভাদুর',64,1,1,0,'2021-02-14 01:17:27','2021-02-14 01:17:27'),(612,'Ichhapur','ইছাপুর',64,1,1,0,'2021-02-14 01:17:27','2021-02-14 01:17:27'),(613,'Chandipur','চন্ডিপুর',64,1,1,0,'2021-02-14 01:17:27','2021-02-14 01:17:27'),(614,'Lamchar','লামচর',64,1,1,0,'2021-02-14 01:17:27','2021-02-14 01:17:27'),(615,'Darbeshpur','দরবেশপুর',64,1,1,0,'2021-02-14 01:17:28','2021-02-14 01:17:28'),(616,'Karpara','করপাড়া',64,1,1,0,'2021-02-14 01:17:28','2021-02-14 01:17:28'),(617,'Bholakot','ভোলাকোট',64,1,1,0,'2021-02-14 01:17:28','2021-02-14 01:17:28'),(618,'Bhatra','ভাটরা',64,1,1,0,'2021-02-14 01:17:28','2021-02-14 01:17:28'),(619,'Rajanagar','রাজানগর',65,1,1,0,'2021-02-14 01:17:28','2021-02-14 01:17:28'),(620,'Hosnabad','হোছনাবাদ',65,1,1,0,'2021-02-14 01:17:28','2021-02-14 01:17:28'),(621,'Swanirbor Rangunia','স্বনির্ভর রাঙ্গুনিয়া',65,1,1,0,'2021-02-14 01:17:28','2021-02-14 01:17:28'),(622,'Mariumnagar','মরিয়মনগর',65,1,1,0,'2021-02-14 01:17:28','2021-02-14 01:17:28'),(623,'Parua','পারুয়া',65,1,1,0,'2021-02-14 01:17:28','2021-02-14 01:17:28'),(624,'Pomra','পোমরা',65,1,1,0,'2021-02-14 01:17:28','2021-02-14 01:17:28'),(625,'Betagi','বেতাগী',65,1,1,0,'2021-02-14 01:17:28','2021-02-14 01:17:28'),(626,'Sharafbhata','সরফভাটা',65,1,1,0,'2021-02-14 01:17:28','2021-02-14 01:17:28'),(627,'Shilok','শিলক',65,1,1,0,'2021-02-14 01:17:28','2021-02-14 01:17:28'),(628,'Chandraghona','চন্দ্রঘোনা',65,1,1,0,'2021-02-14 01:17:28','2021-02-14 01:17:28'),(629,'Kodala','কোদালা',65,1,1,0,'2021-02-14 01:17:28','2021-02-14 01:17:28'),(630,'Islampur','ইসলামপুর',65,1,1,0,'2021-02-14 01:17:28','2021-02-14 01:17:28'),(631,'South Rajanagar','দক্ষিণ রাজানগর',65,1,1,0,'2021-02-14 01:17:28','2021-02-14 01:17:28'),(632,'Lalanagar','লালানগর',65,1,1,0,'2021-02-14 01:17:28','2021-02-14 01:17:28'),(633,'Kumira','কুমিরা',66,1,1,0,'2021-02-14 01:17:28','2021-02-14 01:17:28'),(634,'Banshbaria','বাঁশবারীয়া',66,1,1,0,'2021-02-14 01:17:28','2021-02-14 01:17:28'),(635,'Barabkunda','বারবকুন্ড',66,1,1,0,'2021-02-14 01:17:28','2021-02-14 01:17:28'),(636,'Bariadyala','বাড়িয়াডিয়ালা',66,1,1,0,'2021-02-14 01:17:28','2021-02-14 01:17:28'),(637,'Muradpur','মুরাদপুর',66,1,1,0,'2021-02-14 01:17:29','2021-02-14 01:17:29'),(638,'Saidpur','সাঈদপুর',66,1,1,0,'2021-02-14 01:17:29','2021-02-14 01:17:29'),(639,'Salimpur','সালিমপুর',66,1,1,0,'2021-02-14 01:17:29','2021-02-14 01:17:29'),(640,'Sonaichhari','সোনাইছড়ি',66,1,1,0,'2021-02-14 01:17:29','2021-02-14 01:17:29'),(641,'Bhatiari','ভাটিয়ারী',66,1,1,0,'2021-02-14 01:17:29','2021-02-14 01:17:29'),(642,'Korerhat','করেরহাট',67,1,1,0,'2021-02-14 01:17:29','2021-02-14 01:17:29'),(643,'Hinguli','হিংগুলি',67,1,1,0,'2021-02-14 01:17:29','2021-02-14 01:17:29'),(644,'Jorarganj','জোরারগঞ্জ',67,1,1,0,'2021-02-14 01:17:29','2021-02-14 01:17:29'),(645,'Dhoom','ধুম',67,1,1,0,'2021-02-14 01:17:29','2021-02-14 01:17:29'),(646,'Osmanpur','ওসমানপুর',67,1,1,0,'2021-02-14 01:17:29','2021-02-14 01:17:29'),(647,'Ichakhali','ইছাখালী',67,1,1,0,'2021-02-14 01:17:29','2021-02-14 01:17:29'),(648,'Katachhara','কাটাছরা',67,1,1,0,'2021-02-14 01:17:29','2021-02-14 01:17:29'),(649,'Durgapur','দূর্গাপুর',67,1,1,0,'2021-02-14 01:17:29','2021-02-14 01:17:29'),(650,'Mirsharai','মীরসরাই',67,1,1,0,'2021-02-14 01:17:29','2021-02-14 01:17:29'),(651,'Mithanala','মিঠানালা',67,1,1,0,'2021-02-14 01:17:29','2021-02-14 01:17:29'),(652,'Maghadia','মঘাদিয়া',67,1,1,0,'2021-02-14 01:17:29','2021-02-14 01:17:29'),(653,'Khaiyachhara','খৈয়াছরা',67,1,1,0,'2021-02-14 01:17:29','2021-02-14 01:17:29'),(654,'Mayani','মায়ানী',67,1,1,0,'2021-02-14 01:17:29','2021-02-14 01:17:29'),(655,'Haitkandi','হাইতকান্দি',67,1,1,0,'2021-02-14 01:17:30','2021-02-14 01:17:30'),(656,'Wahedpur','ওয়াহেদপুর',67,1,1,0,'2021-02-14 01:17:30','2021-02-14 01:17:30'),(657,'Saherkhali','সাহেরখালী',67,1,1,0,'2021-02-14 01:17:30','2021-02-14 01:17:30'),(658,'Asia','আশিয়া',68,1,1,0,'2021-02-14 01:17:30','2021-02-14 01:17:30'),(659,'Kachuai','কাচুয়াই',68,1,1,0,'2021-02-14 01:17:30','2021-02-14 01:17:30'),(660,'Kasiais','কাশিয়াইশ',68,1,1,0,'2021-02-14 01:17:30','2021-02-14 01:17:30'),(661,'Kusumpura','কুসুমপুরা',68,1,1,0,'2021-02-14 01:17:30','2021-02-14 01:17:30'),(662,'Kelishahar','কেলিশহর',68,1,1,0,'2021-02-14 01:17:30','2021-02-14 01:17:30'),(663,'Kolagaon','কোলাগাঁও',68,1,1,0,'2021-02-14 01:17:30','2021-02-14 01:17:30'),(664,'Kharana','খরনা',68,1,1,0,'2021-02-14 01:17:30','2021-02-14 01:17:30'),(665,'Char Patharghata','চর পাথরঘাটা',68,1,1,0,'2021-02-14 01:17:30','2021-02-14 01:17:30'),(666,'Char Lakshya','চর লক্ষ্যা',68,1,1,0,'2021-02-14 01:17:30','2021-02-14 01:17:30'),(667,'Chanhara','ছনহরা',68,1,1,0,'2021-02-14 01:17:30','2021-02-14 01:17:30'),(668,'Janglukhain','জঙ্গলখাইন',68,1,1,0,'2021-02-14 01:17:30','2021-02-14 01:17:30'),(669,'Jiri','জিরি',68,1,1,0,'2021-02-14 01:17:30','2021-02-14 01:17:30'),(670,'Juldha','জুলধা',68,1,1,0,'2021-02-14 01:17:30','2021-02-14 01:17:30'),(671,'Dakkhin Bhurshi','দক্ষিণ ভূর্ষি',68,1,1,0,'2021-02-14 01:17:30','2021-02-14 01:17:30'),(672,'Dhalghat','ধলঘাট',68,1,1,0,'2021-02-14 01:17:30','2021-02-14 01:17:30'),(673,'Bara Uthan','বড় উঠান',68,1,1,0,'2021-02-14 01:17:31','2021-02-14 01:17:31'),(674,'Baralia','বরলিয়া',68,1,1,0,'2021-02-14 01:17:31','2021-02-14 01:17:31'),(675,'Bhatikhain','ভাটিখাইন',68,1,1,0,'2021-02-14 01:17:31','2021-02-14 01:17:31'),(676,'Sikalbaha','শিকলবাহা',68,1,1,0,'2021-02-14 01:17:31','2021-02-14 01:17:31'),(677,'Sobhandandi','শোভনদন্ডী',68,1,1,0,'2021-02-14 01:17:31','2021-02-14 01:17:31'),(678,'Habilasdwi','হাবিলাসদ্বীপ',68,1,1,0,'2021-02-14 01:17:31','2021-02-14 01:17:31'),(679,'Haidgaon','হাইদগাঁও',68,1,1,0,'2021-02-14 01:17:31','2021-02-14 01:17:31'),(680,'Rahmatpur','রহমতপুর',69,1,1,0,'2021-02-14 01:17:31','2021-02-14 01:17:31'),(681,'Harispur','হরিশপুর',69,1,1,0,'2021-02-14 01:17:31','2021-02-14 01:17:31'),(682,'Kalapania','কালাপানিয়া',69,1,1,0,'2021-02-14 01:17:31','2021-02-14 01:17:31'),(683,'Amanullah','আমানউল্যা',69,1,1,0,'2021-02-14 01:17:31','2021-02-14 01:17:31'),(684,'Santoshpur','সন্তোষপুর',69,1,1,0,'2021-02-14 01:17:31','2021-02-14 01:17:31'),(685,'Gachhua','গাছুয়া',69,1,1,0,'2021-02-14 01:17:31','2021-02-14 01:17:31'),(686,'Bauria','বাউরিয়া',69,1,1,0,'2021-02-14 01:17:31','2021-02-14 01:17:31'),(687,'Haramia','হারামিয়া',69,1,1,0,'2021-02-14 01:17:31','2021-02-14 01:17:31'),(688,'Magdhara','মগধরা',69,1,1,0,'2021-02-14 01:17:31','2021-02-14 01:17:31'),(689,'Maitbhanga','মাইটভাঙ্গা',69,1,1,0,'2021-02-14 01:17:31','2021-02-14 01:17:31'),(690,'Sarikait','সারিকাইত',69,1,1,0,'2021-02-14 01:17:31','2021-02-14 01:17:31'),(691,'Musapur','মুছাপুর',69,1,1,0,'2021-02-14 01:17:31','2021-02-14 01:17:31'),(692,'Azimpur','আজিমপুর',69,1,1,0,'2021-02-14 01:17:31','2021-02-14 01:17:31'),(693,'Urirchar','উড়িরচর',69,1,1,0,'2021-02-14 01:17:31','2021-02-14 01:17:31'),(694,'Pukuria','পুকুরিয়া',70,1,1,0,'2021-02-14 01:17:31','2021-02-14 01:17:31'),(695,'Sadhanpur','সাধনপুর',70,1,1,0,'2021-02-14 01:17:31','2021-02-14 01:17:31'),(696,'Khankhanabad','খানখানাবাদ',70,1,1,0,'2021-02-14 01:17:31','2021-02-14 01:17:31'),(697,'Baharchhara','বাহারছড়া',70,1,1,0,'2021-02-14 01:17:31','2021-02-14 01:17:31'),(698,'Kalipur','কালীপুর',70,1,1,0,'2021-02-14 01:17:31','2021-02-14 01:17:31'),(699,'Bailchhari','বৈলছড়ি',70,1,1,0,'2021-02-14 01:17:31','2021-02-14 01:17:31'),(700,'Katharia','কাথরিয়া',70,1,1,0,'2021-02-14 01:17:31','2021-02-14 01:17:31'),(701,'Saral','সরল',70,1,1,0,'2021-02-14 01:17:31','2021-02-14 01:17:31'),(702,'Silk','শীলকুপ',70,1,1,0,'2021-02-14 01:17:32','2021-02-14 01:17:32'),(703,'Chambal','চাম্বল',70,1,1,0,'2021-02-14 01:17:32','2021-02-14 01:17:32'),(704,'Gandamara','গন্ডামারা',70,1,1,0,'2021-02-14 01:17:32','2021-02-14 01:17:32'),(705,'Sekherkhil','শেখেরখীল',70,1,1,0,'2021-02-14 01:17:32','2021-02-14 01:17:32'),(706,'Puichhari','পুঁইছড়ি',70,1,1,0,'2021-02-14 01:17:32','2021-02-14 01:17:32'),(707,'Chhanua','ছনুয়া',70,1,1,0,'2021-02-14 01:17:32','2021-02-14 01:17:32'),(708,'Kandhurkhil','কধুরখীল',71,1,1,0,'2021-02-14 01:17:32','2021-02-14 01:17:32'),(709,'Pashchim Gamdandi','পশ্চিম গোমদন্ডী',71,1,1,0,'2021-02-14 01:17:32','2021-02-14 01:17:32'),(710,'Purba Gomdandi','পুর্ব গোমদন্ডী',71,1,1,0,'2021-02-14 01:17:32','2021-02-14 01:17:32'),(711,'Sakpura','শাকপুরা',71,1,1,0,'2021-02-14 01:17:32','2021-02-14 01:17:32'),(712,'Saroatali','সারোয়াতলী',71,1,1,0,'2021-02-14 01:17:32','2021-02-14 01:17:32'),(713,'Popadia','পোপাদিয়া',71,1,1,0,'2021-02-14 01:17:32','2021-02-14 01:17:32'),(714,'Charandwi','চরনদ্বীপ',71,1,1,0,'2021-02-14 01:17:32','2021-02-14 01:17:32'),(715,'Sreepur-Kharandwi','শ্রীপুর-খরন্দীপ',71,1,1,0,'2021-02-14 01:17:32','2021-02-14 01:17:32'),(716,'Amuchia','আমুচিয়া',71,1,1,0,'2021-02-14 01:17:32','2021-02-14 01:17:32'),(717,'Ahla Karaldenga','আহল্লা করলডেঙ্গা',71,1,1,0,'2021-02-14 01:17:32','2021-02-14 01:17:32'),(718,'Boirag','বৈরাগ',72,1,1,0,'2021-02-14 01:17:32','2021-02-14 01:17:32'),(719,'Barasat','বারশত',72,1,1,0,'2021-02-14 01:17:32','2021-02-14 01:17:32'),(720,'Raipur','রায়পুর',72,1,1,0,'2021-02-14 01:17:32','2021-02-14 01:17:32'),(721,'Battali','বটতলী',72,1,1,0,'2021-02-14 01:17:32','2021-02-14 01:17:32'),(722,'Barumchara','বরম্নমচড়া',72,1,1,0,'2021-02-14 01:17:32','2021-02-14 01:17:32'),(723,'Baroakhan','বারখাইন',72,1,1,0,'2021-02-14 01:17:32','2021-02-14 01:17:32'),(724,'Anwara','আনোয়ারা',72,1,1,0,'2021-02-14 01:17:32','2021-02-14 01:17:32'),(725,'Chatari','চাতরী',72,1,1,0,'2021-02-14 01:17:32','2021-02-14 01:17:32'),(726,'Paraikora','পরৈকোড়া',72,1,1,0,'2021-02-14 01:17:32','2021-02-14 01:17:32'),(727,'Haildhar','হাইলধর',72,1,1,0,'2021-02-14 01:17:32','2021-02-14 01:17:32'),(728,'Juidandi','জুঁইদন্ডী',72,1,1,0,'2021-02-14 01:17:32','2021-02-14 01:17:32'),(729,'Kanchanabad','কাঞ্চনাবাদ',73,1,1,0,'2021-02-14 01:17:32','2021-02-14 01:17:32'),(730,'Joara','জোয়ারা',73,1,1,0,'2021-02-14 01:17:32','2021-02-14 01:17:32'),(731,'Barkal','বরকল',73,1,1,0,'2021-02-14 01:17:33','2021-02-14 01:17:33'),(732,'Barama','বরমা',73,1,1,0,'2021-02-14 01:17:33','2021-02-14 01:17:33'),(733,'Bailtali','বৈলতলী',73,1,1,0,'2021-02-14 01:17:33','2021-02-14 01:17:33'),(734,'Satbaria','সাতবাড়িয়া',73,1,1,0,'2021-02-14 01:17:33','2021-02-14 01:17:33'),(735,'Hashimpur','হাশিমপুর',73,1,1,0,'2021-02-14 01:17:33','2021-02-14 01:17:33'),(736,'Dohazari','দোহাজারী',73,1,1,0,'2021-02-14 01:17:33','2021-02-14 01:17:33'),(737,'Dhopachhari','ধোপাছড়ী',73,1,1,0,'2021-02-14 01:17:33','2021-02-14 01:17:33'),(738,'Charati','চরতী',74,1,1,0,'2021-02-14 01:17:33','2021-02-14 01:17:33'),(739,'Khagaria','খাগরিয়া',74,1,1,0,'2021-02-14 01:17:33','2021-02-14 01:17:33'),(740,'Nalua','নলুয়া',74,1,1,0,'2021-02-14 01:17:33','2021-02-14 01:17:33'),(741,'Kanchana','কাঞ্চনা',74,1,1,0,'2021-02-14 01:17:33','2021-02-14 01:17:33'),(742,'Amilaisi','আমিলাইশ',74,1,1,0,'2021-02-14 01:17:33','2021-02-14 01:17:33'),(743,'Eochiai','এওচিয়া',74,1,1,0,'2021-02-14 01:17:33','2021-02-14 01:17:33'),(744,'Madarsa','মাদার্শা',74,1,1,0,'2021-02-14 01:17:33','2021-02-14 01:17:33'),(745,'Dhemsa','ঢেমশা',74,1,1,0,'2021-02-14 01:17:33','2021-02-14 01:17:33'),(746,'Paschim Dhemsa','পশ্চিম ঢেমশা',74,1,1,0,'2021-02-14 01:17:33','2021-02-14 01:17:33'),(747,'Keochia','কেঁওচিয়া',74,1,1,0,'2021-02-14 01:17:33','2021-02-14 01:17:33'),(748,'Kaliais','কালিয়াইশ',74,1,1,0,'2021-02-14 01:17:33','2021-02-14 01:17:33'),(749,'Bazalia','বাজালিয়া',74,1,1,0,'2021-02-14 01:17:33','2021-02-14 01:17:33'),(750,'Puranagar','পুরানগড়',74,1,1,0,'2021-02-14 01:17:33','2021-02-14 01:17:33'),(751,'Sadaha','ছদাহা',74,1,1,0,'2021-02-14 01:17:33','2021-02-14 01:17:33'),(752,'Satkania','সাতকানিয়া',74,1,1,0,'2021-02-14 01:17:33','2021-02-14 01:17:33'),(753,'Sonakania','সোনাকানিয়া',74,1,1,0,'2021-02-14 01:17:33','2021-02-14 01:17:33'),(754,'Padua','পদুয়া',75,1,1,0,'2021-02-14 01:17:33','2021-02-14 01:17:33'),(755,'Barahatia','বড়হাতিয়া',75,1,1,0,'2021-02-14 01:17:33','2021-02-14 01:17:33'),(756,'Amirabad','আমিরাবাদ',75,1,1,0,'2021-02-14 01:17:34','2021-02-14 01:17:34'),(757,'Charamba','চরম্বা',75,1,1,0,'2021-02-14 01:17:34','2021-02-14 01:17:34'),(758,'Kalauzan','কলাউজান',75,1,1,0,'2021-02-14 01:17:34','2021-02-14 01:17:34'),(759,'Lohagara','লোহাগাড়া',75,1,1,0,'2021-02-14 01:17:34','2021-02-14 01:17:34'),(760,'Putibila','পুটিবিলা',75,1,1,0,'2021-02-14 01:17:34','2021-02-14 01:17:34'),(761,'Chunati','চুনতি',75,1,1,0,'2021-02-14 01:17:34','2021-02-14 01:17:34'),(762,'Adhunagar','আধুনগর',75,1,1,0,'2021-02-14 01:17:34','2021-02-14 01:17:34'),(763,'Farhadabad','ফরহাদাবাদ',76,1,1,0,'2021-02-14 01:17:34','2021-02-14 01:17:34'),(764,'Dhalai','ধলই',76,1,1,0,'2021-02-14 01:17:34','2021-02-14 01:17:34'),(765,'Mirjapur','মির্জাপুর',76,1,1,0,'2021-02-14 01:17:34','2021-02-14 01:17:34'),(766,'Nangolmora','নাঙ্গলমোরা',76,1,1,0,'2021-02-14 01:17:34','2021-02-14 01:17:34'),(767,'Gomanmordan','গুমানমর্দ্দন',76,1,1,0,'2021-02-14 01:17:34','2021-02-14 01:17:34'),(768,'Chipatali','ছিপাতলী',76,1,1,0,'2021-02-14 01:17:34','2021-02-14 01:17:34'),(769,'Mekhal','মেখল',76,1,1,0,'2021-02-14 01:17:34','2021-02-14 01:17:34'),(770,'Garduara','গড়দুয়ারা',76,1,1,0,'2021-02-14 01:17:34','2021-02-14 01:17:34'),(771,'Fathepur','ফতেপুর',76,1,1,0,'2021-02-14 01:17:34','2021-02-14 01:17:34'),(772,'Chikondandi','চিকনদন্ডী',76,1,1,0,'2021-02-14 01:17:34','2021-02-14 01:17:34'),(773,'Uttar Madrasha','উত্তর মাদার্শা',76,1,1,0,'2021-02-14 01:17:34','2021-02-14 01:17:34'),(774,'Dakkin Madrasha','দক্ষিন মাদার্শা',76,1,1,0,'2021-02-14 01:17:34','2021-02-14 01:17:34'),(775,'Sikarpur','শিকারপুর',76,1,1,0,'2021-02-14 01:17:34','2021-02-14 01:17:34'),(776,'Budirchar','বুডিরশ্চর',76,1,1,0,'2021-02-14 01:17:34','2021-02-14 01:17:34'),(777,'Hathazari','হাটহাজারী',76,1,1,0,'2021-02-14 01:17:34','2021-02-14 01:17:34'),(778,'Dharmapur','ধর্মপুর',77,1,1,0,'2021-02-14 01:17:34','2021-02-14 01:17:34'),(779,'Baganbazar','বাগান বাজার',77,1,1,0,'2021-02-14 01:17:34','2021-02-14 01:17:34'),(780,'Dantmara','দাঁতমারা',77,1,1,0,'2021-02-14 01:17:35','2021-02-14 01:17:35'),(781,'Narayanhat','নারায়নহাট',77,1,1,0,'2021-02-14 01:17:35','2021-02-14 01:17:35'),(782,'Bhujpur','ভূজপুর',77,1,1,0,'2021-02-14 01:17:35','2021-02-14 01:17:35'),(783,'Harualchari','হারুয়ালছড়ি',77,1,1,0,'2021-02-14 01:17:35','2021-02-14 01:17:35'),(784,'Paindong','পাইনদং',77,1,1,0,'2021-02-14 01:17:35','2021-02-14 01:17:35'),(785,'Kanchannagor','কাঞ্চনগর',77,1,1,0,'2021-02-14 01:17:35','2021-02-14 01:17:35'),(786,'Sunderpur','সুনদরপুর',77,1,1,0,'2021-02-14 01:17:35','2021-02-14 01:17:35'),(787,'Suabil','সুয়াবিল',77,1,1,0,'2021-02-14 01:17:35','2021-02-14 01:17:35'),(788,'Abdullapur','আবদুল্লাপুর',77,1,1,0,'2021-02-14 01:17:35','2021-02-14 01:17:35'),(789,'Samitirhat','সমিতির হাট',77,1,1,0,'2021-02-14 01:17:35','2021-02-14 01:17:35'),(790,'Jafathagar','জাফতনগর',77,1,1,0,'2021-02-14 01:17:35','2021-02-14 01:17:35'),(791,'Bokhtapur','বক্তপুর',77,1,1,0,'2021-02-14 01:17:35','2021-02-14 01:17:35'),(792,'Roshangiri','রোসাংগিরী',77,1,1,0,'2021-02-14 01:17:35','2021-02-14 01:17:35'),(793,'Nanupur','নানুপুর',77,1,1,0,'2021-02-14 01:17:35','2021-02-14 01:17:35'),(794,'Lelang','লেলাং',77,1,1,0,'2021-02-14 01:17:35','2021-02-14 01:17:35'),(795,'Daulatpur','দৌলতপুর',77,1,1,0,'2021-02-14 01:17:35','2021-02-14 01:17:35'),(796,'Raozan','রাউজান',78,1,1,0,'2021-02-14 01:17:35','2021-02-14 01:17:35'),(797,'Bagoan','বাগোয়ান',78,1,1,0,'2021-02-14 01:17:35','2021-02-14 01:17:35'),(798,'Binajuri','বিনাজুরী',78,1,1,0,'2021-02-14 01:17:35','2021-02-14 01:17:35'),(799,'Chikdair','চিকদাইর',78,1,1,0,'2021-02-14 01:17:35','2021-02-14 01:17:35'),(800,'Dabua','ডাবুয়া',78,1,1,0,'2021-02-14 01:17:35','2021-02-14 01:17:35'),(801,'Purbagujra','পূর্ব গুজরা',78,1,1,0,'2021-02-14 01:17:35','2021-02-14 01:17:35'),(802,'Paschim Gujra','পশ্চিম গুজরা',78,1,1,0,'2021-02-14 01:17:35','2021-02-14 01:17:35'),(803,'Gohira','গহিরা',78,1,1,0,'2021-02-14 01:17:35','2021-02-14 01:17:35'),(804,'Holdia','হলদিয়া',78,1,1,0,'2021-02-14 01:17:35','2021-02-14 01:17:35'),(805,'Kodolpur','কদলপূর',78,1,1,0,'2021-02-14 01:17:35','2021-02-14 01:17:35'),(806,'Noapara','নোয়াপাড়া',78,1,1,0,'2021-02-14 01:17:35','2021-02-14 01:17:35'),(807,'Pahartali','পাহাড়তলী',78,1,1,0,'2021-02-14 01:17:35','2021-02-14 01:17:35'),(808,'Urkirchar','উড়কিরচর',78,1,1,0,'2021-02-14 01:17:35','2021-02-14 01:17:35'),(809,'Nowajushpur','নওয়াজিশপুর',78,1,1,0,'2021-02-14 01:17:36','2021-02-14 01:17:36'),(810,'Char Patharghata','চর পাথরঘাটা',79,1,1,0,'2021-02-14 01:17:36','2021-02-14 01:17:36'),(811,'Char Lakshya','চর লক্ষ্যা',79,1,1,0,'2021-02-14 01:17:36','2021-02-14 01:17:36'),(812,'Juldha','জুলধা',79,1,1,0,'2021-02-14 01:17:36','2021-02-14 01:17:36'),(813,'Barauthan','বড় উঠান',79,1,1,0,'2021-02-14 01:17:36','2021-02-14 01:17:36'),(814,'Sikalbaha','শিকলবাহা',79,1,1,0,'2021-02-14 01:17:36','2021-02-14 01:17:36'),(815,'Islamabad','ইসলামাবাদ',80,1,1,0,'2021-02-14 01:17:36','2021-02-14 01:17:36'),(816,'Islampur','ইসলামপুর',80,1,1,0,'2021-02-14 01:17:36','2021-02-14 01:17:36'),(817,'Pokkhali','পোকখালী',80,1,1,0,'2021-02-14 01:17:36','2021-02-14 01:17:36'),(818,'Eidgaon','ঈদগাঁও',80,1,1,0,'2021-02-14 01:17:36','2021-02-14 01:17:36'),(819,'Jalalabad','জালালাবাদ',80,1,1,0,'2021-02-14 01:17:36','2021-02-14 01:17:36'),(820,'Chowfaldandi','চৌফলদন্ডী',80,1,1,0,'2021-02-14 01:17:36','2021-02-14 01:17:36'),(821,'Varuakhali','ভারুয়াখালী',80,1,1,0,'2021-02-14 01:17:36','2021-02-14 01:17:36'),(822,'Pmkhali','পিএমখালী',80,1,1,0,'2021-02-14 01:17:36','2021-02-14 01:17:36'),(823,'Khurushkhul','খুরুশকুল',80,1,1,0,'2021-02-14 01:17:36','2021-02-14 01:17:36'),(824,'Jhilongjha','ঝিলংঝা',80,1,1,0,'2021-02-14 01:17:36','2021-02-14 01:17:36'),(825,'Kakhara','কাকারা',81,1,1,0,'2021-02-14 01:17:36','2021-02-14 01:17:36'),(826,'Kaiar Bil','কাইয়ার বিল',81,1,1,0,'2021-02-14 01:17:36','2021-02-14 01:17:36'),(827,'Konakhali','কোনাখালী',81,1,1,0,'2021-02-14 01:17:36','2021-02-14 01:17:36'),(828,'Khuntakhali','খুটাখালী',81,1,1,0,'2021-02-14 01:17:36','2021-02-14 01:17:36'),(829,'Chiringa','চিরিঙ্গা',81,1,1,0,'2021-02-14 01:17:36','2021-02-14 01:17:36'),(830,'Demusia','ঢেমুশিয়া',81,1,1,0,'2021-02-14 01:17:36','2021-02-14 01:17:36'),(831,'Dulahazara','ডুলাহাজারা',81,1,1,0,'2021-02-14 01:17:36','2021-02-14 01:17:36'),(832,'Paschim Bara Bheola','পশ্চিম বড় ভেওলা',81,1,1,0,'2021-02-14 01:17:36','2021-02-14 01:17:36'),(833,'Badarkhali','বদরখালী',81,1,1,0,'2021-02-14 01:17:36','2021-02-14 01:17:36'),(834,'Bamobil Chari','বামু বিলছড়ি',81,1,1,0,'2021-02-14 01:17:36','2021-02-14 01:17:36'),(835,'Baraitali','বড়ইতলী',81,1,1,0,'2021-02-14 01:17:37','2021-02-14 01:17:37'),(836,'Bheola Manik Char','ভেওলা মানিক চর',81,1,1,0,'2021-02-14 01:17:37','2021-02-14 01:17:37'),(837,'Saharbil','শাহারবিল',81,1,1,0,'2021-02-14 01:17:37','2021-02-14 01:17:37'),(838,'Surajpur Manikpur','সুরজপুর মানিকপুর',81,1,1,0,'2021-02-14 01:17:37','2021-02-14 01:17:37'),(839,'Harbang','হারবাঙ্গ',81,1,1,0,'2021-02-14 01:17:37','2021-02-14 01:17:37'),(840,'Fashiakhali','ফাঁসিয়াখালী',81,1,1,0,'2021-02-14 01:17:37','2021-02-14 01:17:37'),(841,'Ali Akbar Deil','আলি আকবর ডেইল',82,1,1,0,'2021-02-14 01:17:37','2021-02-14 01:17:37'),(842,'Uttar Dhurung','উত্তর ধুরুং',82,1,1,0,'2021-02-14 01:17:37','2021-02-14 01:17:37'),(843,'Kaiyarbil','কৈয়ারবিল',82,1,1,0,'2021-02-14 01:17:37','2021-02-14 01:17:37'),(844,'Dakshi Dhurung','দক্ষিণ ধুরুং',82,1,1,0,'2021-02-14 01:17:37','2021-02-14 01:17:37'),(845,'Baragho','বড়ঘোপ',82,1,1,0,'2021-02-14 01:17:37','2021-02-14 01:17:37'),(846,'Lemsikhali','লেমসিখালী',82,1,1,0,'2021-02-14 01:17:37','2021-02-14 01:17:37'),(847,'Rajapalong','রাজাপালং',83,1,1,0,'2021-02-14 01:17:37','2021-02-14 01:17:37'),(848,'Jaliapalong','জালিয়াপালং',83,1,1,0,'2021-02-14 01:17:37','2021-02-14 01:17:37'),(849,'Holdiapalong','হলদিয়াপালং',83,1,1,0,'2021-02-14 01:17:37','2021-02-14 01:17:37'),(850,'Ratnapalong','রত্নাপালং',83,1,1,0,'2021-02-14 01:17:37','2021-02-14 01:17:37'),(851,'Palongkhali','পালংখালী',83,1,1,0,'2021-02-14 01:17:37','2021-02-14 01:17:37'),(852,'Boro Moheshkhali','বড় মহেশখালী',84,1,1,0,'2021-02-14 01:17:37','2021-02-14 01:17:37'),(853,'Choto Moheshkhali','ছোট মহেশখালী',84,1,1,0,'2021-02-14 01:17:37','2021-02-14 01:17:37'),(854,'Shaplapur','শাপলাপুর',84,1,1,0,'2021-02-14 01:17:37','2021-02-14 01:17:37'),(855,'Kutubjum','কুতুবজোম',84,1,1,0,'2021-02-14 01:17:37','2021-02-14 01:17:37'),(856,'Hoanak','হোয়ানক',84,1,1,0,'2021-02-14 01:17:37','2021-02-14 01:17:37'),(857,'Kalarmarchhara','কালারমারছড়া',84,1,1,0,'2021-02-14 01:17:37','2021-02-14 01:17:37'),(858,'Matarbari','মাতারবাড়ী',84,1,1,0,'2021-02-14 01:17:37','2021-02-14 01:17:37'),(859,'Dhalghata','ধলঘাটা',84,1,1,0,'2021-02-14 01:17:37','2021-02-14 01:17:37'),(860,'Ujantia','উজানটিয়া',85,1,1,0,'2021-02-14 01:17:37','2021-02-14 01:17:37'),(861,'Taitong','টাইটং',85,1,1,0,'2021-02-14 01:17:38','2021-02-14 01:17:38'),(862,'Pekua','পেকুয়া',85,1,1,0,'2021-02-14 01:17:38','2021-02-14 01:17:38'),(863,'Barabakia','বড় বাকিয়া',85,1,1,0,'2021-02-14 01:17:38','2021-02-14 01:17:38'),(864,'Magnama','মগনামা',85,1,1,0,'2021-02-14 01:17:38','2021-02-14 01:17:38'),(865,'Rajakhali','রাজাখালী',85,1,1,0,'2021-02-14 01:17:38','2021-02-14 01:17:38'),(866,'Shilkhali','শীলখালী',85,1,1,0,'2021-02-14 01:17:38','2021-02-14 01:17:38'),(867,'Fotekharkul','ফতেখাঁরকুল',86,1,1,0,'2021-02-14 01:17:38','2021-02-14 01:17:38'),(868,'Rajarkul','রাজারকুল',86,1,1,0,'2021-02-14 01:17:38','2021-02-14 01:17:38'),(869,'Rashidnagar','রশীদনগর',86,1,1,0,'2021-02-14 01:17:38','2021-02-14 01:17:38'),(870,'Khuniapalong','খুনিয়াপালং',86,1,1,0,'2021-02-14 01:17:38','2021-02-14 01:17:38'),(871,'Eidghar','ঈদগড়',86,1,1,0,'2021-02-14 01:17:38','2021-02-14 01:17:38'),(872,'Chakmarkul','চাকমারকুল',86,1,1,0,'2021-02-14 01:17:38','2021-02-14 01:17:38'),(873,'Kacchapia','কচ্ছপিয়া',86,1,1,0,'2021-02-14 01:17:38','2021-02-14 01:17:38'),(874,'Kauwarkho','কাউয়ারখোপ',86,1,1,0,'2021-02-14 01:17:38','2021-02-14 01:17:38'),(875,'Dakkhin Mithachhari','দক্ষিণ মিঠাছড়ি',86,1,1,0,'2021-02-14 01:17:38','2021-02-14 01:17:38'),(876,'Jouarianala','জোয়ারিয়া নালা',86,1,1,0,'2021-02-14 01:17:38','2021-02-14 01:17:38'),(877,'Garjoniya','গর্জনিয়া',86,1,1,0,'2021-02-14 01:17:39','2021-02-14 01:17:39'),(878,'Subrang','সাবরাং',87,1,1,0,'2021-02-14 01:17:39','2021-02-14 01:17:39'),(879,'Baharchara','বাহারছড়া',87,1,1,0,'2021-02-14 01:17:39','2021-02-14 01:17:39'),(880,'Hnila','হ্নীলা',87,1,1,0,'2021-02-14 01:17:39','2021-02-14 01:17:39'),(881,'Whykong','হোয়াইক্যং',87,1,1,0,'2021-02-14 01:17:39','2021-02-14 01:17:39'),(882,'Saintmartin','সেন্ট মার্টিন',87,1,1,0,'2021-02-14 01:17:39','2021-02-14 01:17:39'),(883,'Teknaf Sadar','টেকনাফ সদর',87,1,1,0,'2021-02-14 01:17:39','2021-02-14 01:17:39'),(884,'Khagrachhari Sadar','খাগরাছড়ি সদর',88,1,1,0,'2021-02-14 01:17:39','2021-02-14 01:17:39'),(885,'Golabari','গোলাবাড়ী',88,1,1,0,'2021-02-14 01:17:39','2021-02-14 01:17:39'),(886,'Parachara','পেরাছড়া',88,1,1,0,'2021-02-14 01:17:39','2021-02-14 01:17:39'),(887,'Kamalchari','কমলছড়ি',88,1,1,0,'2021-02-14 01:17:39','2021-02-14 01:17:39'),(888,'Merung','মেরুং',89,1,1,0,'2021-02-14 01:17:39','2021-02-14 01:17:39'),(889,'Boalkhali','বোয়ালখালী',89,1,1,0,'2021-02-14 01:17:39','2021-02-14 01:17:39'),(890,'Kabakhali','কবাখালী',89,1,1,0,'2021-02-14 01:17:39','2021-02-14 01:17:39'),(891,'Dighinala','দিঘীনালা',89,1,1,0,'2021-02-14 01:17:39','2021-02-14 01:17:39'),(892,'Babuchara','বাবুছড়া',89,1,1,0,'2021-02-14 01:17:40','2021-02-14 01:17:40'),(893,'Logang','লোগাং',90,1,1,0,'2021-02-14 01:17:40','2021-02-14 01:17:40'),(894,'Changi','চেংগী',90,1,1,0,'2021-02-14 01:17:40','2021-02-14 01:17:40'),(895,'Panchari','পানছড়ি',90,1,1,0,'2021-02-14 01:17:40','2021-02-14 01:17:40'),(896,'Latiban','লতিবান',90,1,1,0,'2021-02-14 01:17:40','2021-02-14 01:17:40'),(897,'Dullyatali','দুল্যাতলী',91,1,1,0,'2021-02-14 01:17:40','2021-02-14 01:17:40'),(898,'Barmachari','বর্মাছড়ি',91,1,1,0,'2021-02-14 01:17:40','2021-02-14 01:17:40'),(899,'Laxmichhari','লক্ষীছড়ি',91,1,1,0,'2021-02-14 01:17:40','2021-02-14 01:17:40'),(900,'Bhaibonchara','ভাইবোনছড়া',92,1,1,0,'2021-02-14 01:17:40','2021-02-14 01:17:40'),(901,'Mahalchari','মহালছড়ি',92,1,1,0,'2021-02-14 01:17:40','2021-02-14 01:17:40'),(902,'Mobachari','মুবাছড়ি',92,1,1,0,'2021-02-14 01:17:40','2021-02-14 01:17:40'),(903,'Kayanghat','ক্যায়াংঘাট',92,1,1,0,'2021-02-14 01:17:40','2021-02-14 01:17:40'),(904,'Maischari','মাইসছড়ি',92,1,1,0,'2021-02-14 01:17:40','2021-02-14 01:17:40'),(905,'Manikchari','মানিকছড়ি',93,1,1,0,'2021-02-14 01:17:40','2021-02-14 01:17:40'),(906,'Batnatali','বাটনাতলী',93,1,1,0,'2021-02-14 01:17:40','2021-02-14 01:17:40'),(907,'Jogyachola','যোগ্যছোলা',93,1,1,0,'2021-02-14 01:17:40','2021-02-14 01:17:40'),(908,'Tintahari','তিনটহরী',93,1,1,0,'2021-02-14 01:17:40','2021-02-14 01:17:40'),(909,'Ramgarh','রামগড়',94,1,1,0,'2021-02-14 01:17:40','2021-02-14 01:17:40'),(910,'Patachara','পাতাছড়া',94,1,1,0,'2021-02-14 01:17:40','2021-02-14 01:17:40'),(911,'Hafchari','হাফছড়ি',94,1,1,0,'2021-02-14 01:17:40','2021-02-14 01:17:40'),(912,'Taindong','তাইন্দং',95,1,1,0,'2021-02-14 01:17:40','2021-02-14 01:17:40'),(913,'Tabalchari','তবলছড়ি',95,1,1,0,'2021-02-14 01:17:40','2021-02-14 01:17:40'),(914,'Barnal','বর্ণাল',95,1,1,0,'2021-02-14 01:17:40','2021-02-14 01:17:40'),(915,'Gomti','গোমতি',95,1,1,0,'2021-02-14 01:17:40','2021-02-14 01:17:40'),(916,'Balchari','বেলছড়ি',95,1,1,0,'2021-02-14 01:17:40','2021-02-14 01:17:40'),(917,'Matiranga','মাটিরাঙ্গা',95,1,1,0,'2021-02-14 01:17:41','2021-02-14 01:17:41'),(918,'Guimara','গুইমারা',95,1,1,0,'2021-02-14 01:17:41','2021-02-14 01:17:41'),(919,'Amtali','আমতলি',95,1,1,0,'2021-02-14 01:17:41','2021-02-14 01:17:41'),(920,'Rajbila','রাজবিলা',97,1,1,0,'2021-02-14 01:17:41','2021-02-14 01:17:41'),(921,'Tongkaboty','টংকাবতী',97,1,1,0,'2021-02-14 01:17:41','2021-02-14 01:17:41'),(922,'Suwalok','সুয়ালক',97,1,1,0,'2021-02-14 01:17:41','2021-02-14 01:17:41'),(923,'Bandarban Sadar','বান্দরবান সদর',97,1,1,0,'2021-02-14 01:17:41','2021-02-14 01:17:41'),(924,'Kuhalong','কুহালং',97,1,1,0,'2021-02-14 01:17:41','2021-02-14 01:17:41'),(925,'Alikadam Sadar','আলীকদম সদর',98,1,1,0,'2021-02-14 01:17:41','2021-02-14 01:17:41'),(926,'Chwekhyong','চৈক্ষ্যং',98,1,1,0,'2021-02-14 01:17:41','2021-02-14 01:17:41'),(927,'Naikhyongchari Sadar','নাইক্ষ্যংছড়ি সদর',99,1,1,0,'2021-02-14 01:17:41','2021-02-14 01:17:41'),(928,'Gumdhum','ঘুমধুম',99,1,1,0,'2021-02-14 01:17:41','2021-02-14 01:17:41'),(929,'Baishari','বাইশারী',99,1,1,0,'2021-02-14 01:17:41','2021-02-14 01:17:41'),(930,'Sonaychari','সোনাইছড়ি',99,1,1,0,'2021-02-14 01:17:41','2021-02-14 01:17:41'),(931,'Duwchari','দোছড়ি',99,1,1,0,'2021-02-14 01:17:41','2021-02-14 01:17:41'),(932,'Rowangchari Sadar','রোয়াংছড়ি সদর',100,1,1,0,'2021-02-14 01:17:41','2021-02-14 01:17:41'),(933,'Taracha','তারাছা',100,1,1,0,'2021-02-14 01:17:41','2021-02-14 01:17:41'),(934,'Alekyong','আলেক্ষ্যং',100,1,1,0,'2021-02-14 01:17:41','2021-02-14 01:17:41'),(935,'Nawapotong','নোয়াপতং',100,1,1,0,'2021-02-14 01:17:41','2021-02-14 01:17:41'),(936,'Gajalia','গজালিয়া',101,1,1,0,'2021-02-14 01:17:41','2021-02-14 01:17:41'),(937,'Lama Sadar','লামা সদর',101,1,1,0,'2021-02-14 01:17:41','2021-02-14 01:17:41'),(938,'Fasiakhali','ফাসিয়াখালী',101,1,1,0,'2021-02-14 01:17:41','2021-02-14 01:17:41'),(939,'Fythong','ফাইতং',101,1,1,0,'2021-02-14 01:17:41','2021-02-14 01:17:41'),(940,'Rupushipara','রূপসীপাড়া',101,1,1,0,'2021-02-14 01:17:41','2021-02-14 01:17:41'),(941,'Sarai','সরই',101,1,1,0,'2021-02-14 01:17:41','2021-02-14 01:17:41'),(942,'Aziznagar','আজিজনগর',101,1,1,0,'2021-02-14 01:17:41','2021-02-14 01:17:41'),(943,'Paind','পাইন্দু',102,1,1,0,'2021-02-14 01:17:42','2021-02-14 01:17:42'),(944,'Ruma Sadar','রুমা সদর',102,1,1,0,'2021-02-14 01:17:42','2021-02-14 01:17:42'),(945,'Ramakreprangsa','রেমাক্রীপ্রাংসা',102,1,1,0,'2021-02-14 01:17:42','2021-02-14 01:17:42'),(946,'Galanggya','গ্যালেংগ্যা',102,1,1,0,'2021-02-14 01:17:42','2021-02-14 01:17:42'),(947,'Remakre','রেমাক্রী',103,1,1,0,'2021-02-14 01:17:42','2021-02-14 01:17:42'),(948,'Tind','তিন্দু',103,1,1,0,'2021-02-14 01:17:42','2021-02-14 01:17:42'),(949,'Thanchi Sadar','থানচি সদর',103,1,1,0,'2021-02-14 01:17:42','2021-02-14 01:17:42'),(950,'Balipara','বলিপাড়া',103,1,1,0,'2021-02-14 01:17:42','2021-02-14 01:17:42'),(951,'Rajapur','রাজাপুর',104,1,1,0,'2021-02-14 01:17:42','2021-02-14 01:17:42'),(952,'Baradhul','বড়ধুল',104,1,1,0,'2021-02-14 01:17:42','2021-02-14 01:17:42'),(953,'Belkuchi Sadar','বেলকুচি সদর',104,1,1,0,'2021-02-14 01:17:42','2021-02-14 01:17:42'),(954,'Dhukuriabera','ধুকুরিয়া বেড়া',104,1,1,0,'2021-02-14 01:17:42','2021-02-14 01:17:42'),(955,'Doulatpur','দৌলতপুর',104,1,1,0,'2021-02-14 01:17:42','2021-02-14 01:17:42'),(956,'Bhangabari','ভাঙ্গাবাড়ী',104,1,1,0,'2021-02-14 01:17:42','2021-02-14 01:17:42'),(957,'Baghutia','বাঘুটিয়া',105,1,1,0,'2021-02-14 01:17:42','2021-02-14 01:17:42'),(958,'Gharjan','ঘোরজান',105,1,1,0,'2021-02-14 01:17:42','2021-02-14 01:17:42'),(959,'Khaskaulia','খাসকাউলিয়া',105,1,1,0,'2021-02-14 01:17:42','2021-02-14 01:17:42'),(960,'Khaspukuria','খাসপুকুরিয়া',105,1,1,0,'2021-02-14 01:17:42','2021-02-14 01:17:42'),(961,'Omarpur','উমারপুর',105,1,1,0,'2021-02-14 01:17:42','2021-02-14 01:17:42'),(962,'Sadia Chandpur','সদিয়া চাঁদপুর',105,1,1,0,'2021-02-14 01:17:42','2021-02-14 01:17:42'),(963,'Sthal','স্থল',105,1,1,0,'2021-02-14 01:17:42','2021-02-14 01:17:42'),(964,'Bhadraghat','ভদ্রঘাট',106,1,1,0,'2021-02-14 01:17:42','2021-02-14 01:17:42'),(965,'Jamtail','জামতৈল',106,1,1,0,'2021-02-14 01:17:42','2021-02-14 01:17:42'),(966,'Jhawail','ঝাঐল',106,1,1,0,'2021-02-14 01:17:42','2021-02-14 01:17:42'),(967,'Roydaulatpur','রায়দৌলতপুর',106,1,1,0,'2021-02-14 01:17:42','2021-02-14 01:17:42'),(968,'Chalitadangha','চালিতাডাঙ্গা',107,1,1,0,'2021-02-14 01:17:43','2021-02-14 01:17:43'),(969,'Chargirish','চরগিরিশ',107,1,1,0,'2021-02-14 01:17:43','2021-02-14 01:17:43'),(970,'Gandail','গান্ধাইল',107,1,1,0,'2021-02-14 01:17:43','2021-02-14 01:17:43'),(971,'Kazipur Sadar','কাজিপুর সদর',107,1,1,0,'2021-02-14 01:17:43','2021-02-14 01:17:43'),(972,'Khasrajbari','খাসরাজবাড়ী',107,1,1,0,'2021-02-14 01:17:43','2021-02-14 01:17:43'),(973,'Maijbari','মাইজবাড়ী',107,1,1,0,'2021-02-14 01:17:43','2021-02-14 01:17:43'),(974,'Monsur Nagar','মনসুর নগর',107,1,1,0,'2021-02-14 01:17:43','2021-02-14 01:17:43'),(975,'Natuarpara','নাটুয়ারপাড়া',107,1,1,0,'2021-02-14 01:17:43','2021-02-14 01:17:43'),(976,'Nishchintapur','নিশ্চিন্তপুর',107,1,1,0,'2021-02-14 01:17:43','2021-02-14 01:17:43'),(977,'Sonamukhi','সোনামুখী',107,1,1,0,'2021-02-14 01:17:43','2021-02-14 01:17:43'),(978,'Subhagacha','শুভগাছা',107,1,1,0,'2021-02-14 01:17:43','2021-02-14 01:17:43'),(979,'Tekani','তেকানী',107,1,1,0,'2021-02-14 01:17:43','2021-02-14 01:17:43'),(980,'Brommogacha','ব্রহ্মগাছা',108,1,1,0,'2021-02-14 01:17:43','2021-02-14 01:17:43'),(981,'Chandaikona','চান্দাইকোনা',108,1,1,0,'2021-02-14 01:17:43','2021-02-14 01:17:43'),(982,'Dhamainagar','ধামাইনগর',108,1,1,0,'2021-02-14 01:17:43','2021-02-14 01:17:43'),(983,'Dhangora','ধানগড়া',108,1,1,0,'2021-02-14 01:17:43','2021-02-14 01:17:43'),(984,'Dhubil','ধুবিল',108,1,1,0,'2021-02-14 01:17:43','2021-02-14 01:17:43'),(985,'Ghurka','ঘুড়কা',108,1,1,0,'2021-02-14 01:17:43','2021-02-14 01:17:43'),(986,'Nalka','নলকা',108,1,1,0,'2021-02-14 01:17:43','2021-02-14 01:17:43'),(987,'Pangashi','পাঙ্গাসী',108,1,1,0,'2021-02-14 01:17:43','2021-02-14 01:17:43'),(988,'Sonakhara','সোনাখাড়া',108,1,1,0,'2021-02-14 01:17:43','2021-02-14 01:17:43'),(989,'Beltail','বেলতৈল',109,1,1,0,'2021-02-14 01:17:43','2021-02-14 01:17:43'),(990,'Jalalpur','জালালপুর',109,1,1,0,'2021-02-14 01:17:43','2021-02-14 01:17:43'),(991,'Kayempure','কায়েমপুর',109,1,1,0,'2021-02-14 01:17:43','2021-02-14 01:17:43'),(992,'Garadah','গাড়াদহ',109,1,1,0,'2021-02-14 01:17:43','2021-02-14 01:17:43'),(993,'Potazia','পোতাজিয়া',109,1,1,0,'2021-02-14 01:17:43','2021-02-14 01:17:43'),(994,'Rupbati','রূপবাটি',109,1,1,0,'2021-02-14 01:17:44','2021-02-14 01:17:44'),(995,'Gala','গালা',109,1,1,0,'2021-02-14 01:17:44','2021-02-14 01:17:44'),(996,'Porzona','পোরজনা',109,1,1,0,'2021-02-14 01:17:44','2021-02-14 01:17:44'),(997,'Habibullah Nagar','হাবিবুল্লাহ নগর',109,1,1,0,'2021-02-14 01:17:44','2021-02-14 01:17:44'),(998,'Khukni','খুকনী',109,1,1,0,'2021-02-14 01:17:44','2021-02-14 01:17:44'),(999,'Koizuri','কৈজুরী',109,1,1,0,'2021-02-14 01:17:44','2021-02-14 01:17:44'),(1000,'Sonatoni','সোনাতনী',109,1,1,0,'2021-02-14 01:17:44','2021-02-14 01:17:44'),(1001,'Narina','নরিনা',109,1,1,0,'2021-02-14 01:17:44','2021-02-14 01:17:44'),(1002,'Bagbati','বাগবাটি',110,1,1,0,'2021-02-14 01:17:44','2021-02-14 01:17:44'),(1003,'Ratankandi','রতনকান্দি',110,1,1,0,'2021-02-14 01:17:44','2021-02-14 01:17:44'),(1004,'Bohuli','বহুলী',110,1,1,0,'2021-02-14 01:17:44','2021-02-14 01:17:44'),(1005,'Sheyalkol','শিয়ালকোল',110,1,1,0,'2021-02-14 01:17:44','2021-02-14 01:17:44'),(1006,'Khokshabari','খোকশাবাড়ী',110,1,1,0,'2021-02-14 01:17:44','2021-02-14 01:17:44'),(1007,'Songacha','ছোনগাছা',110,1,1,0,'2021-02-14 01:17:44','2021-02-14 01:17:44'),(1008,'Mesra','মেছড়া',110,1,1,0,'2021-02-14 01:17:44','2021-02-14 01:17:44'),(1009,'Kowakhola','কাওয়াখোলা',110,1,1,0,'2021-02-14 01:17:44','2021-02-14 01:17:44'),(1010,'Kaliahoripur','কালিয়াহরিপুর',110,1,1,0,'2021-02-14 01:17:44','2021-02-14 01:17:44'),(1011,'Soydabad','সয়দাবাদ',110,1,1,0,'2021-02-14 01:17:44','2021-02-14 01:17:44'),(1012,'Baruhas','বারুহাস',111,1,1,0,'2021-02-14 01:17:44','2021-02-14 01:17:44'),(1013,'Talam','তালম',111,1,1,0,'2021-02-14 01:17:44','2021-02-14 01:17:44'),(1014,'Soguna','সগুনা',111,1,1,0,'2021-02-14 01:17:44','2021-02-14 01:17:44'),(1015,'Magura Binod','মাগুড়া বিনোদ',111,1,1,0,'2021-02-14 01:17:44','2021-02-14 01:17:44'),(1016,'Naogaon','নওগাঁ',111,1,1,0,'2021-02-14 01:17:44','2021-02-14 01:17:44'),(1017,'Tarash Sadar','তাড়াশ সদর',111,1,1,0,'2021-02-14 01:17:45','2021-02-14 01:17:45'),(1018,'Madhainagar','মাধাইনগর',111,1,1,0,'2021-02-14 01:17:45','2021-02-14 01:17:45'),(1019,'Deshigram','দেশীগ্রাম',111,1,1,0,'2021-02-14 01:17:45','2021-02-14 01:17:45'),(1020,'Ullapara Sadar','উল্লাপাড়া সদর',112,1,1,0,'2021-02-14 01:17:45','2021-02-14 01:17:45'),(1021,'Ramkrisnopur','রামকৃষ্ণপুর',112,1,1,0,'2021-02-14 01:17:45','2021-02-14 01:17:45'),(1022,'Bangala','বাঙ্গালা',112,1,1,0,'2021-02-14 01:17:45','2021-02-14 01:17:45'),(1023,'Udhunia','উধুনিয়া',112,1,1,0,'2021-02-14 01:17:45','2021-02-14 01:17:45'),(1024,'Boropangashi','বড়পাঙ্গাসী',112,1,1,0,'2021-02-14 01:17:45','2021-02-14 01:17:45'),(1025,'Durga Nagar','দুর্গা নগর',112,1,1,0,'2021-02-14 01:17:45','2021-02-14 01:17:45'),(1026,'Purnimagati','পূর্ণিমাগাতী',112,1,1,0,'2021-02-14 01:17:45','2021-02-14 01:17:45'),(1027,'Salanga','সলঙ্গা',112,1,1,0,'2021-02-14 01:17:45','2021-02-14 01:17:45'),(1028,'Hatikumrul','হটিকুমরুল',112,1,1,0,'2021-02-14 01:17:45','2021-02-14 01:17:45'),(1029,'Borohor','বড়হর',112,1,1,0,'2021-02-14 01:17:46','2021-02-14 01:17:46'),(1030,'Ponchocroshi','পঞ্চক্রোশী',112,1,1,0,'2021-02-14 01:17:46','2021-02-14 01:17:46'),(1031,'Salo','সলপ',112,1,1,0,'2021-02-14 01:17:46','2021-02-14 01:17:46'),(1032,'Mohonpur','মোহনপুর',112,1,1,0,'2021-02-14 01:17:46','2021-02-14 01:17:46'),(1033,'Vaina','ভায়না',113,1,1,0,'2021-02-14 01:17:46','2021-02-14 01:17:46'),(1034,'Tantibonda','তাঁতিবন্দ',113,1,1,0,'2021-02-14 01:17:46','2021-02-14 01:17:46'),(1035,'Manikhat','মানিকহাট',113,1,1,0,'2021-02-14 01:17:46','2021-02-14 01:17:46'),(1036,'Dulai','দুলাই',113,1,1,0,'2021-02-14 01:17:46','2021-02-14 01:17:46'),(1037,'Ahammadpur','আহম্মদপুর',113,1,1,0,'2021-02-14 01:17:46','2021-02-14 01:17:46'),(1038,'Raninagar','রাণীনগর',113,1,1,0,'2021-02-14 01:17:46','2021-02-14 01:17:46'),(1039,'Satbaria','সাতবাড়ীয়া',113,1,1,0,'2021-02-14 01:17:46','2021-02-14 01:17:46'),(1040,'Hatkhali','হাটখালী',113,1,1,0,'2021-02-14 01:17:46','2021-02-14 01:17:46'),(1041,'Nazirganj','নাজিরগঞ্জ',113,1,1,0,'2021-02-14 01:17:46','2021-02-14 01:17:46'),(1042,'Sagorkandi','সাগরকান্দি',113,1,1,0,'2021-02-14 01:17:46','2021-02-14 01:17:46'),(1043,'Sara','সাঁড়া',114,1,1,0,'2021-02-14 01:17:46','2021-02-14 01:17:46'),(1044,'Pakshi','পাকশী',114,1,1,0,'2021-02-14 01:17:46','2021-02-14 01:17:46'),(1045,'Muladuli','মুলাডুলি',114,1,1,0,'2021-02-14 01:17:46','2021-02-14 01:17:46'),(1046,'Dashuria','দাশুরিয়া',114,1,1,0,'2021-02-14 01:17:46','2021-02-14 01:17:46'),(1047,'Silimpur','ছলিমপুর',114,1,1,0,'2021-02-14 01:17:46','2021-02-14 01:17:46'),(1048,'Sahapur','সাহাপুর',114,1,1,0,'2021-02-14 01:17:46','2021-02-14 01:17:46'),(1049,'Luxmikunda','লক্ষীকুন্ডা',114,1,1,0,'2021-02-14 01:17:46','2021-02-14 01:17:46'),(1050,'Bhangura','ভাঙ্গুড়া',115,1,1,0,'2021-02-14 01:17:46','2021-02-14 01:17:46'),(1051,'Khanmarich','খানমরিচ',115,1,1,0,'2021-02-14 01:17:46','2021-02-14 01:17:46'),(1052,'Ashtamanisha','অষ্টমণিষা',115,1,1,0,'2021-02-14 01:17:46','2021-02-14 01:17:46'),(1053,'Dilpasar','দিলপাশার',115,1,1,0,'2021-02-14 01:17:46','2021-02-14 01:17:46'),(1054,'Parbhangura','পারভাঙ্গুড়া',115,1,1,0,'2021-02-14 01:17:46','2021-02-14 01:17:46'),(1055,'Maligachha','মালিগাছা',116,1,1,0,'2021-02-14 01:17:47','2021-02-14 01:17:47'),(1056,'Malanchi','মালঞ্চি',116,1,1,0,'2021-02-14 01:17:47','2021-02-14 01:17:47'),(1057,'Gayeshpur','গয়েশপুর',116,1,1,0,'2021-02-14 01:17:47','2021-02-14 01:17:47'),(1058,'Ataikula','আতাইকুলা',116,1,1,0,'2021-02-14 01:17:47','2021-02-14 01:17:47'),(1059,'Chartarapur','চরতারাপুর',116,1,1,0,'2021-02-14 01:17:47','2021-02-14 01:17:47'),(1060,'Sadullahpur','সাদুল্লাপুর',116,1,1,0,'2021-02-14 01:17:47','2021-02-14 01:17:47'),(1061,'Bharara','ভাঁড়ারা',116,1,1,0,'2021-02-14 01:17:47','2021-02-14 01:17:47'),(1062,'Dogachi','দোগাছী',116,1,1,0,'2021-02-14 01:17:47','2021-02-14 01:17:47'),(1063,'Hemayetpur','হেমায়েতপুর',116,1,1,0,'2021-02-14 01:17:47','2021-02-14 01:17:47'),(1064,'Dapunia','দাপুনিয়া',116,1,1,0,'2021-02-14 01:17:47','2021-02-14 01:17:47'),(1065,'Haturia Nakalia','হাটুরিয়া নাকালিয়া',117,1,1,0,'2021-02-14 01:17:47','2021-02-14 01:17:47'),(1066,'Notun Varenga','নতুন ভারেঙ্গা',117,1,1,0,'2021-02-14 01:17:47','2021-02-14 01:17:47'),(1067,'Koitola','কৈটোলা',117,1,1,0,'2021-02-14 01:17:47','2021-02-14 01:17:47'),(1068,'Chakla','চাকলা',117,1,1,0,'2021-02-14 01:17:47','2021-02-14 01:17:47'),(1069,'Jatsakhini','জাতসাখিনি',117,1,1,0,'2021-02-14 01:17:47','2021-02-14 01:17:47'),(1070,'Puran Varenga','পুরান ভারেঙ্গা',117,1,1,0,'2021-02-14 01:17:47','2021-02-14 01:17:47'),(1071,'Ruppur','রূপপুর',117,1,1,0,'2021-02-14 01:17:47','2021-02-14 01:17:47'),(1072,'Masumdia','মাসুমদিয়া',117,1,1,0,'2021-02-14 01:17:47','2021-02-14 01:17:47'),(1073,'Dhalar Char','ঢালার চর',117,1,1,0,'2021-02-14 01:17:47','2021-02-14 01:17:47'),(1074,'Majhpara','মাজপাড়া',118,1,1,0,'2021-02-14 01:17:47','2021-02-14 01:17:47'),(1075,'Chandba','চাঁদভা',118,1,1,0,'2021-02-14 01:17:47','2021-02-14 01:17:47'),(1076,'Debottar','দেবোত্তর',118,1,1,0,'2021-02-14 01:17:47','2021-02-14 01:17:47'),(1077,'Ekdanta','একদন্ত',118,1,1,0,'2021-02-14 01:17:47','2021-02-14 01:17:47'),(1078,'Laxshmipur','লক্ষীপুর',118,1,1,0,'2021-02-14 01:17:47','2021-02-14 01:17:47'),(1079,'Handial','হান্ডিয়াল',119,1,1,0,'2021-02-14 01:17:47','2021-02-14 01:17:47'),(1080,'Chhaikola','ছাইকোলা',119,1,1,0,'2021-02-14 01:17:48','2021-02-14 01:17:48'),(1081,'Nimaichara','নিমাইচড়া',119,1,1,0,'2021-02-14 01:17:48','2021-02-14 01:17:48'),(1082,'Gunaigachha','গুনাইগাছা',119,1,1,0,'2021-02-14 01:17:48','2021-02-14 01:17:48'),(1083,'Parshadanga','পার্শ্বডাঙ্গা',119,1,1,0,'2021-02-14 01:17:48','2021-02-14 01:17:48'),(1084,'Failjana','ফৈলজানা',119,1,1,0,'2021-02-14 01:17:48','2021-02-14 01:17:48'),(1085,'Mulgram','মুলগ্রাম',119,1,1,0,'2021-02-14 01:17:48','2021-02-14 01:17:48'),(1086,'Haripur','হরিপুর',119,1,1,0,'2021-02-14 01:17:48','2021-02-14 01:17:48'),(1087,'Mothurapur','মথুরাপুর',119,1,1,0,'2021-02-14 01:17:48','2021-02-14 01:17:48'),(1088,'Bilchalan','বিলচলন',119,1,1,0,'2021-02-14 01:17:48','2021-02-14 01:17:48'),(1089,'Danthia Bamangram','দাতিয়া বামনগ্রাম',119,1,1,0,'2021-02-14 01:17:48','2021-02-14 01:17:48'),(1090,'Nagdemra','নাগডেমড়া',120,1,1,0,'2021-02-14 01:17:48','2021-02-14 01:17:48'),(1091,'Dhulauri','ধুলাউড়ি',120,1,1,0,'2021-02-14 01:17:48','2021-02-14 01:17:48'),(1092,'Bhulbaria','ভুলবাড়ীয়া',120,1,1,0,'2021-02-14 01:17:48','2021-02-14 01:17:48'),(1093,'Dhopadaha','ধোপাদহ',120,1,1,0,'2021-02-14 01:17:48','2021-02-14 01:17:48'),(1094,'Karamja','করমজা',120,1,1,0,'2021-02-14 01:17:48','2021-02-14 01:17:48'),(1095,'Kashinathpur','কাশিনাথপুর',120,1,1,0,'2021-02-14 01:17:48','2021-02-14 01:17:48'),(1096,'Gaurigram','গৌরীগ্রাম',120,1,1,0,'2021-02-14 01:17:48','2021-02-14 01:17:48'),(1097,'Nandanpur','নন্দনপুর',120,1,1,0,'2021-02-14 01:17:48','2021-02-14 01:17:48'),(1098,'Khetupara','ক্ষেতুপাড়া',120,1,1,0,'2021-02-14 01:17:48','2021-02-14 01:17:48'),(1099,'Ar-Ataikula','আর-আতাইকুলা',120,1,1,0,'2021-02-14 01:17:48','2021-02-14 01:17:48'),(1100,'Brilahiribari','বৃলাহিড়ীবাড়ী',121,1,1,0,'2021-02-14 01:17:48','2021-02-14 01:17:48'),(1101,'Pungali','পুঙ্গুলি',121,1,1,0,'2021-02-14 01:17:48','2021-02-14 01:17:48'),(1102,'Faridpur','ফরিদপুর',121,1,1,0,'2021-02-14 01:17:48','2021-02-14 01:17:48'),(1103,'Hadal','হাদল',121,1,1,0,'2021-02-14 01:17:49','2021-02-14 01:17:49'),(1104,'Banwarinagar','বনওয়ারীনগর',121,1,1,0,'2021-02-14 01:17:49','2021-02-14 01:17:49'),(1105,'Demra','ডেমড়া',121,1,1,0,'2021-02-14 01:17:49','2021-02-14 01:17:49'),(1106,'Birkedar','বীরকেদার',122,1,1,0,'2021-02-14 01:17:49','2021-02-14 01:17:49'),(1107,'Kalai','কালাই',122,1,1,0,'2021-02-14 01:17:49','2021-02-14 01:17:49'),(1108,'Paikar','পাইকড়',122,1,1,0,'2021-02-14 01:17:49','2021-02-14 01:17:49'),(1109,'Narhatta','নারহট্ট',122,1,1,0,'2021-02-14 01:17:49','2021-02-14 01:17:49'),(1110,'Murail','মুরইল',122,1,1,0,'2021-02-14 01:17:49','2021-02-14 01:17:49'),(1111,'Kahaloo','কাহালু',122,1,1,0,'2021-02-14 01:17:49','2021-02-14 01:17:49'),(1112,'Durgapur','দূর্গাপুর',122,1,1,0,'2021-02-14 01:17:49','2021-02-14 01:17:49'),(1113,'Jamgaon','জামগ্রাম',122,1,1,0,'2021-02-14 01:17:49','2021-02-14 01:17:49'),(1114,'Malancha','মালঞ্চা',122,1,1,0,'2021-02-14 01:17:49','2021-02-14 01:17:49'),(1115,'Fapore','ফাঁপোর',123,1,1,0,'2021-02-14 01:17:49','2021-02-14 01:17:49'),(1116,'Shabgram','সাবগ্রাম',123,1,1,0,'2021-02-14 01:17:49','2021-02-14 01:17:49'),(1117,'Nishindara','নিশিন্দারা',123,1,1,0,'2021-02-14 01:17:49','2021-02-14 01:17:49'),(1118,'Erulia','এরুলিয়া',123,1,1,0,'2021-02-14 01:17:49','2021-02-14 01:17:49'),(1119,'Rajapur','রাজাপুর',123,1,1,0,'2021-02-14 01:17:49','2021-02-14 01:17:49'),(1120,'Shakharia','শাখারিয়া',123,1,1,0,'2021-02-14 01:17:49','2021-02-14 01:17:49'),(1121,'Sekherkola','শেখেরকোলা',123,1,1,0,'2021-02-14 01:17:49','2021-02-14 01:17:49'),(1122,'Gokul','গোকুল',123,1,1,0,'2021-02-14 01:17:49','2021-02-14 01:17:49'),(1123,'Noongola','নুনগোলা',123,1,1,0,'2021-02-14 01:17:49','2021-02-14 01:17:49'),(1124,'Lahiripara','লাহিড়ীপাড়া',123,1,1,0,'2021-02-14 01:17:49','2021-02-14 01:17:49'),(1125,'Namuja','নামুজা',123,1,1,0,'2021-02-14 01:17:50','2021-02-14 01:17:50'),(1126,'Sariakandi Sadar','সারিয়াকান্দি সদর',124,1,1,0,'2021-02-14 01:17:50','2021-02-14 01:17:50'),(1127,'Narchi','নারচী',124,1,1,0,'2021-02-14 01:17:50','2021-02-14 01:17:50'),(1128,'Bohail','বোহাইল',124,1,1,0,'2021-02-14 01:17:50','2021-02-14 01:17:50'),(1129,'Chaluabari','চালুয়াবাড়ী',124,1,1,0,'2021-02-14 01:17:50','2021-02-14 01:17:50'),(1130,'Chandanbaisha','চন্দনবাইশা',124,1,1,0,'2021-02-14 01:17:50','2021-02-14 01:17:50'),(1131,'Hatfulbari','হাটফুলবাড়ী',124,1,1,0,'2021-02-14 01:17:50','2021-02-14 01:17:50'),(1132,'Hatsherpur','হাটশেরপুর',124,1,1,0,'2021-02-14 01:17:50','2021-02-14 01:17:50'),(1133,'Karnibari','কর্ণিবাড়ী',124,1,1,0,'2021-02-14 01:17:50','2021-02-14 01:17:50'),(1134,'Kazla','কাজলা',124,1,1,0,'2021-02-14 01:17:50','2021-02-14 01:17:50'),(1135,'Kutubpur','কুতুবপুর',124,1,1,0,'2021-02-14 01:17:50','2021-02-14 01:17:50'),(1136,'Kamalpur','কামালপুর',124,1,1,0,'2021-02-14 01:17:50','2021-02-14 01:17:50'),(1137,'Bhelabari','ভেলাবাড়ী',124,1,1,0,'2021-02-14 01:17:50','2021-02-14 01:17:50'),(1138,'Asekpur','আশেকপুর',125,1,1,0,'2021-02-14 01:17:50','2021-02-14 01:17:50'),(1139,'Madla','মাদলা',125,1,1,0,'2021-02-14 01:17:50','2021-02-14 01:17:50'),(1140,'Majhira','মাঝিড়া',125,1,1,0,'2021-02-14 01:17:50','2021-02-14 01:17:50'),(1141,'Aria','আড়িয়া',125,1,1,0,'2021-02-14 01:17:50','2021-02-14 01:17:50'),(1142,'Kharna','খরনা',125,1,1,0,'2021-02-14 01:17:50','2021-02-14 01:17:50'),(1143,'Khottapara','খোট্টাপাড়া',125,1,1,0,'2021-02-14 01:17:50','2021-02-14 01:17:50'),(1144,'Chopinagar','চোপিনগর',125,1,1,0,'2021-02-14 01:17:50','2021-02-14 01:17:50'),(1145,'Amrul','আমরুল',125,1,1,0,'2021-02-14 01:17:51','2021-02-14 01:17:51'),(1146,'Gohail','গোহাইল',125,1,1,0,'2021-02-14 01:17:51','2021-02-14 01:17:51'),(1147,'Zianagar','জিয়ানগর',126,1,1,0,'2021-02-14 01:17:51','2021-02-14 01:17:51'),(1148,'Chamrul','চামরুল',126,1,1,0,'2021-02-14 01:17:51','2021-02-14 01:17:51'),(1149,'Dupchanchia','দুপচাঁচিয়া',126,1,1,0,'2021-02-14 01:17:51','2021-02-14 01:17:51'),(1150,'Gunahar','গুনাহার',126,1,1,0,'2021-02-14 01:17:51','2021-02-14 01:17:51'),(1151,'Gobindapur','গোবিন্দপুর',126,1,1,0,'2021-02-14 01:17:51','2021-02-14 01:17:51'),(1152,'Talora','তালোড়া',126,1,1,0,'2021-02-14 01:17:51','2021-02-14 01:17:51'),(1153,'Chhatiangram','ছাতিয়ানগ্রাম',127,1,1,0,'2021-02-14 01:17:51','2021-02-14 01:17:51'),(1154,'Nasaratpur','নশরতপুর',127,1,1,0,'2021-02-14 01:17:51','2021-02-14 01:17:51'),(1155,'Adamdighi','আদমদিঘি',127,1,1,0,'2021-02-14 01:17:51','2021-02-14 01:17:51'),(1156,'Kundagram','কুন্দগ্রাম',127,1,1,0,'2021-02-14 01:17:51','2021-02-14 01:17:51'),(1157,'Chapapur','চাঁপাপুর',127,1,1,0,'2021-02-14 01:17:51','2021-02-14 01:17:51'),(1158,'Shantahar','সান্তাহার',127,1,1,0,'2021-02-14 01:17:51','2021-02-14 01:17:51'),(1159,'Burail','বুড়ইল',128,1,1,0,'2021-02-14 01:17:52','2021-02-14 01:17:52'),(1160,'Nandigram','নন্দিগ্রাম',128,1,1,0,'2021-02-14 01:17:52','2021-02-14 01:17:52'),(1161,'Bhatra','ভাটরা',128,1,1,0,'2021-02-14 01:17:52','2021-02-14 01:17:52'),(1162,'Thalta Majhgram','থালতা মাঝগ্রাম',128,1,1,0,'2021-02-14 01:17:52','2021-02-14 01:17:52'),(1163,'Bhatgram','ভাটগ্রাম',128,1,1,0,'2021-02-14 01:17:52','2021-02-14 01:17:52'),(1164,'Sonatala','সোনাতলা',129,1,1,0,'2021-02-14 01:17:52','2021-02-14 01:17:52'),(1165,'Balua','বালুয়া',129,1,1,0,'2021-02-14 01:17:52','2021-02-14 01:17:52'),(1166,'Zorgacha','জোড়গাছা',129,1,1,0,'2021-02-14 01:17:52','2021-02-14 01:17:52'),(1167,'Digdair','দিগদাইড়',129,1,1,0,'2021-02-14 01:17:52','2021-02-14 01:17:52'),(1168,'Madhupur','মধুপুর',129,1,1,0,'2021-02-14 01:17:52','2021-02-14 01:17:52'),(1169,'Pakulla','পাকুল্ল্যা',129,1,1,0,'2021-02-14 01:17:52','2021-02-14 01:17:52'),(1170,'Tekani Chukinagar','তেকানী চুকাইনগর',129,1,1,0,'2021-02-14 01:17:52','2021-02-14 01:17:52'),(1171,'Nimgachi','নিমগাছি',130,1,1,0,'2021-02-14 01:17:52','2021-02-14 01:17:52'),(1172,'Kalerpara','কালেরপাড়া',130,1,1,0,'2021-02-14 01:17:52','2021-02-14 01:17:52'),(1173,'Chikashi','চিকাশী',130,1,1,0,'2021-02-14 01:17:52','2021-02-14 01:17:52'),(1174,'Gossainbari','গোসাইবাড়ী',130,1,1,0,'2021-02-14 01:17:52','2021-02-14 01:17:52'),(1175,'Bhandarbari','ভান্ডারবাড়ী',130,1,1,0,'2021-02-14 01:17:52','2021-02-14 01:17:52'),(1176,'Gopalnagar','১গোপালনগর',130,1,1,0,'2021-02-14 01:17:52','2021-02-14 01:17:52'),(1177,'Mothurapur','মথুরাপুর',130,1,1,0,'2021-02-14 01:17:52','2021-02-14 01:17:52'),(1178,'Chowkibari','চৌকিবাড়ী',130,1,1,0,'2021-02-14 01:17:52','2021-02-14 01:17:52'),(1179,'Elangi','এলাঙ্গী',130,1,1,0,'2021-02-14 01:17:53','2021-02-14 01:17:53'),(1180,'Dhunat Sadar','ধুনট সদর',130,1,1,0,'2021-02-14 01:17:53','2021-02-14 01:17:53'),(1181,'Baliadighi','বালিয়া দিঘী',131,1,1,0,'2021-02-14 01:17:53','2021-02-14 01:17:53'),(1182,'Dakshinpara','দক্ষিণপাড়া',131,1,1,0,'2021-02-14 01:17:53','2021-02-14 01:17:53'),(1183,'Durgahata','দুর্গাহাটা',131,1,1,0,'2021-02-14 01:17:53','2021-02-14 01:17:53'),(1184,'Kagail','কাগইল',131,1,1,0,'2021-02-14 01:17:53','2021-02-14 01:17:53'),(1185,'Sonarai','সোনারায়',131,1,1,0,'2021-02-14 01:17:53','2021-02-14 01:17:53'),(1186,'Rameshwarpur','রামেশ্বরপুর',131,1,1,0,'2021-02-14 01:17:53','2021-02-14 01:17:53'),(1187,'Naruamala','নাড়ুয়ামালা',131,1,1,0,'2021-02-14 01:17:53','2021-02-14 01:17:53'),(1188,'Nepaltali','নেপালতলী',131,1,1,0,'2021-02-14 01:17:53','2021-02-14 01:17:53'),(1189,'Gabtali','গাবতলি',131,1,1,0,'2021-02-14 01:17:53','2021-02-14 01:17:53'),(1190,'Mahishaban','মহিষাবান',131,1,1,0,'2021-02-14 01:17:53','2021-02-14 01:17:53'),(1191,'Nasipur','নশিপুর',131,1,1,0,'2021-02-14 01:17:53','2021-02-14 01:17:53'),(1192,'Mirzapur','মির্জাপুর',132,1,1,0,'2021-02-14 01:17:53','2021-02-14 01:17:53'),(1193,'Khamarkandi','খামারকান্দি',132,1,1,0,'2021-02-14 01:17:53','2021-02-14 01:17:53'),(1194,'Garidaha','গাড়িদহ',132,1,1,0,'2021-02-14 01:17:53','2021-02-14 01:17:53'),(1195,'Kusumbi','কুসুম্বী',132,1,1,0,'2021-02-14 01:17:53','2021-02-14 01:17:53'),(1196,'Bishalpur','বিশালপুর',132,1,1,0,'2021-02-14 01:17:53','2021-02-14 01:17:53'),(1197,'Shimabari','সীমাবাড়ি',132,1,1,0,'2021-02-14 01:17:53','2021-02-14 01:17:53'),(1198,'Shahbondegi','শাহবন্দেগী',132,1,1,0,'2021-02-14 01:17:53','2021-02-14 01:17:53'),(1199,'Sughat','সুঘাট',132,1,1,0,'2021-02-14 01:17:53','2021-02-14 01:17:53'),(1200,'Khanpur','খানপুর',132,1,1,0,'2021-02-14 01:17:53','2021-02-14 01:17:53'),(1201,'Bhabanipur','ভবানীপুর',132,1,1,0,'2021-02-14 01:17:53','2021-02-14 01:17:53'),(1202,'Moidanhatta','ময়দানহাট্টা',133,1,1,0,'2021-02-14 01:17:53','2021-02-14 01:17:53'),(1203,'Kichok','কিচক',133,1,1,0,'2021-02-14 01:17:53','2021-02-14 01:17:53'),(1204,'Atmul','আটমূল',133,1,1,0,'2021-02-14 01:17:54','2021-02-14 01:17:54'),(1205,'Pirob','পিরব',133,1,1,0,'2021-02-14 01:17:54','2021-02-14 01:17:54'),(1206,'Majhihatta','মাঝিহট্ট',133,1,1,0,'2021-02-14 01:17:54','2021-02-14 01:17:54'),(1207,'Buriganj','বুড়িগঞ্জ',133,1,1,0,'2021-02-14 01:17:54','2021-02-14 01:17:54'),(1208,'Bihar','বিহার',133,1,1,0,'2021-02-14 01:17:54','2021-02-14 01:17:54'),(1209,'Shibganj','শিবগঞ্জ',133,1,1,0,'2021-02-14 01:17:54','2021-02-14 01:17:54'),(1210,'Deuly','দেউলি',133,1,1,0,'2021-02-14 01:17:54','2021-02-14 01:17:54'),(1211,'Sayedpur','সৈয়দপুর',133,1,1,0,'2021-02-14 01:17:54','2021-02-14 01:17:54'),(1212,'Mokamtala','মোকামতলা',133,1,1,0,'2021-02-14 01:17:54','2021-02-14 01:17:54'),(1213,'Raynagar','রায়নগর',133,1,1,0,'2021-02-14 01:17:54','2021-02-14 01:17:54'),(1214,'Darsanpara','দর্শনপাড়া',134,1,1,0,'2021-02-14 01:17:54','2021-02-14 01:17:54'),(1215,'Hujuripara','হুজুরী পাড়া',134,1,1,0,'2021-02-14 01:17:54','2021-02-14 01:17:54'),(1216,'Damkura','দামকুড়া',134,1,1,0,'2021-02-14 01:17:54','2021-02-14 01:17:54'),(1217,'Horipur','হরিপুর',134,1,1,0,'2021-02-14 01:17:54','2021-02-14 01:17:54'),(1218,'Horogram','হড়গ্রাম',134,1,1,0,'2021-02-14 01:17:54','2021-02-14 01:17:54'),(1219,'Harian','হরিয়ান',134,1,1,0,'2021-02-14 01:17:54','2021-02-14 01:17:54'),(1220,'Borgachi','বড়্গাছি',134,1,1,0,'2021-02-14 01:17:54','2021-02-14 01:17:54'),(1221,'Parila','পারিলা',134,1,1,0,'2021-02-14 01:17:54','2021-02-14 01:17:54'),(1222,'Naopara','নওপাড়া',135,1,1,0,'2021-02-14 01:17:54','2021-02-14 01:17:54'),(1223,'Kismatgankoir','কিসমতগণকৈড়',135,1,1,0,'2021-02-14 01:17:54','2021-02-14 01:17:54'),(1224,'Pananagar','পানানগর',135,1,1,0,'2021-02-14 01:17:54','2021-02-14 01:17:54'),(1225,'Deluabari','দেলুয়াবাড়ী',135,1,1,0,'2021-02-14 01:17:54','2021-02-14 01:17:54'),(1226,'Jhaluka','ঝালুকা',135,1,1,0,'2021-02-14 01:17:54','2021-02-14 01:17:54'),(1227,'Maria','মাড়িয়া',135,1,1,0,'2021-02-14 01:17:55','2021-02-14 01:17:55'),(1228,'Joynogor','জয়নগর',135,1,1,0,'2021-02-14 01:17:55','2021-02-14 01:17:55'),(1229,'Dhuroil','ধুরইল',136,1,1,0,'2021-02-14 01:17:55','2021-02-14 01:17:55'),(1230,'Ghasigram','ঘষিগ্রাম',136,1,1,0,'2021-02-14 01:17:55','2021-02-14 01:17:55'),(1231,'Raighati','রায়ঘাটি',136,1,1,0,'2021-02-14 01:17:55','2021-02-14 01:17:55'),(1232,'Mougachi','মৌগাছি',136,1,1,0,'2021-02-14 01:17:55','2021-02-14 01:17:55'),(1233,'Baksimoil','বাকশিমইল',136,1,1,0,'2021-02-14 01:17:55','2021-02-14 01:17:55'),(1234,'Jahanabad','জাহানাবাদ',136,1,1,0,'2021-02-14 01:17:55','2021-02-14 01:17:55'),(1235,'Yousufpur','ইউসুফপুর',137,1,1,0,'2021-02-14 01:17:55','2021-02-14 01:17:55'),(1236,'Solua','শলুয়া',137,1,1,0,'2021-02-14 01:17:55','2021-02-14 01:17:55'),(1237,'Sardah','সরদহ',137,1,1,0,'2021-02-14 01:17:55','2021-02-14 01:17:55'),(1238,'Nimpara','নিমপাড়া',137,1,1,0,'2021-02-14 01:17:55','2021-02-14 01:17:55'),(1239,'Charghat','চারঘাট',137,1,1,0,'2021-02-14 01:17:55','2021-02-14 01:17:55'),(1240,'Vialuxmipur','ভায়ালক্ষ্মীপুর',137,1,1,0,'2021-02-14 01:17:55','2021-02-14 01:17:55'),(1241,'Puthia','পুঠিয়া',138,1,1,0,'2021-02-14 01:17:55','2021-02-14 01:17:55'),(1242,'Belpukuria','বেলপুকুরিয়া',138,1,1,0,'2021-02-14 01:17:55','2021-02-14 01:17:55'),(1243,'Baneswar','বানেশ্বর',138,1,1,0,'2021-02-14 01:17:55','2021-02-14 01:17:55'),(1244,'Valukgachi','ভালুক গাছি',138,1,1,0,'2021-02-14 01:17:55','2021-02-14 01:17:55'),(1245,'Shilmaria','শিলমাড়িয়া',138,1,1,0,'2021-02-14 01:17:55','2021-02-14 01:17:55'),(1246,'Jewpara','জিউপাড়া',138,1,1,0,'2021-02-14 01:17:55','2021-02-14 01:17:55'),(1247,'Bajubagha','বাজুবাঘা',139,1,1,0,'2021-02-14 01:17:55','2021-02-14 01:17:55'),(1248,'Gorgori','গড়গড়ি',139,1,1,0,'2021-02-14 01:17:55','2021-02-14 01:17:55'),(1249,'Pakuria','পাকুড়িয়া',139,1,1,0,'2021-02-14 01:17:55','2021-02-14 01:17:55'),(1250,'Monigram','মনিগ্রাম',139,1,1,0,'2021-02-14 01:17:55','2021-02-14 01:17:55'),(1251,'Bausa','বাউসা',139,1,1,0,'2021-02-14 01:17:56','2021-02-14 01:17:56'),(1252,'Arani','আড়ানী',139,1,1,0,'2021-02-14 01:17:56','2021-02-14 01:17:56'),(1253,'Godagari','গোদাগাড়ী',140,1,1,0,'2021-02-14 01:17:56','2021-02-14 01:17:56'),(1254,'Mohonpur','মোহনপুর',140,1,1,0,'2021-02-14 01:17:56','2021-02-14 01:17:56'),(1255,'Pakri','পাকড়ী',140,1,1,0,'2021-02-14 01:17:56','2021-02-14 01:17:56'),(1256,'Risikul','রিশিকুল',140,1,1,0,'2021-02-14 01:17:56','2021-02-14 01:17:56'),(1257,'Gogram','গোগ্রাম',140,1,1,0,'2021-02-14 01:17:56','2021-02-14 01:17:56'),(1258,'Matikata','মাটিকাটা',140,1,1,0,'2021-02-14 01:17:56','2021-02-14 01:17:56'),(1259,'Dewpara','দেওপাড়া',140,1,1,0,'2021-02-14 01:17:56','2021-02-14 01:17:56'),(1260,'Basudebpur','বাসুদেবপুর',140,1,1,0,'2021-02-14 01:17:56','2021-02-14 01:17:56'),(1261,'Asariadaha','আষাড়িয়াদহ',140,1,1,0,'2021-02-14 01:17:56','2021-02-14 01:17:56'),(1262,'Kalma','কলমা',141,1,1,0,'2021-02-14 01:17:56','2021-02-14 01:17:56'),(1263,'Badhair','বাধাইড়',141,1,1,0,'2021-02-14 01:17:56','2021-02-14 01:17:56'),(1264,'Panchandar','পাঁচন্দর',141,1,1,0,'2021-02-14 01:17:56','2021-02-14 01:17:56'),(1265,'Saranjai','সরঞ্জাই',141,1,1,0,'2021-02-14 01:17:56','2021-02-14 01:17:56'),(1266,'Talondo','তালন্দ',141,1,1,0,'2021-02-14 01:17:56','2021-02-14 01:17:56'),(1267,'Kamargaon','কামারগাঁ',141,1,1,0,'2021-02-14 01:17:56','2021-02-14 01:17:56'),(1268,'Chanduria','চান্দুড়িয়া',141,1,1,0,'2021-02-14 01:17:57','2021-02-14 01:17:57'),(1269,'Gobindopara','গোবিন্দপাড়া',142,1,1,0,'2021-02-14 01:17:57','2021-02-14 01:17:57'),(1270,'Nordas','নরদাস',142,1,1,0,'2021-02-14 01:17:57','2021-02-14 01:17:57'),(1271,'Dippur','দ্বীপপুর',142,1,1,0,'2021-02-14 01:17:57','2021-02-14 01:17:57'),(1272,'Borobihanoli','বড়বিহানলী',142,1,1,0,'2021-02-14 01:17:57','2021-02-14 01:17:57'),(1273,'Auchpara','আউচপাড়া',142,1,1,0,'2021-02-14 01:17:57','2021-02-14 01:17:57'),(1274,'Sreepur','শ্রীপুর',142,1,1,0,'2021-02-14 01:17:57','2021-02-14 01:17:57'),(1275,'Basupara','বাসুপাড়া',142,1,1,0,'2021-02-14 01:17:57','2021-02-14 01:17:57'),(1276,'Kacharikoalipara','কাচাড়ী কোয়লিপাড়া',142,1,1,0,'2021-02-14 01:17:57','2021-02-14 01:17:57'),(1277,'Suvodanga','শুভডাঙ্গা',142,1,1,0,'2021-02-14 01:17:57','2021-02-14 01:17:57'),(1278,'Mariaup','মাড়িয়া',142,1,1,0,'2021-02-14 01:17:57','2021-02-14 01:17:57'),(1279,'Ganipur','গণিপুর',142,1,1,0,'2021-02-14 01:17:57','2021-02-14 01:17:57'),(1280,'Zhikara','ঝিকড়া',142,1,1,0,'2021-02-14 01:17:57','2021-02-14 01:17:57'),(1281,'Gualkandi','গোয়ালকান্দি',142,1,1,0,'2021-02-14 01:17:57','2021-02-14 01:17:57'),(1282,'Hamirkutsa','হামিরকুৎসা',142,1,1,0,'2021-02-14 01:17:57','2021-02-14 01:17:57'),(1283,'Jogipara','যোগিপাড়া',142,1,1,0,'2021-02-14 01:17:57','2021-02-14 01:17:57'),(1284,'Sonadanga','সোনাডাঙ্গা',142,1,1,0,'2021-02-14 01:17:57','2021-02-14 01:17:57'),(1285,'Brahmapur','ব্রহ্মপুর',143,1,1,0,'2021-02-14 01:17:57','2021-02-14 01:17:57'),(1286,'Madhnagar','মাধনগর',143,1,1,0,'2021-02-14 01:17:57','2021-02-14 01:17:57'),(1287,'Khajura','খাজুরা',143,1,1,0,'2021-02-14 01:17:57','2021-02-14 01:17:57'),(1288,'Piprul','পিপরুল',143,1,1,0,'2021-02-14 01:17:57','2021-02-14 01:17:57'),(1289,'Biprobelghoria','বিপ্রবেলঘড়িয়া',143,1,1,0,'2021-02-14 01:17:57','2021-02-14 01:17:57'),(1290,'Chhatni','ছাতনী',143,1,1,0,'2021-02-14 01:17:57','2021-02-14 01:17:57'),(1291,'Tebaria','তেবাড়িয়া',143,1,1,0,'2021-02-14 01:17:57','2021-02-14 01:17:57'),(1292,'Dighapatia','দিঘাপতিয়া',143,1,1,0,'2021-02-14 01:17:58','2021-02-14 01:17:58'),(1293,'Luxmipurkholabaria','লক্ষীপুর খোলাবাড়িয়া',143,1,1,0,'2021-02-14 01:17:58','2021-02-14 01:17:58'),(1294,'Barahorispur','বড়হরিশপুর',143,1,1,0,'2021-02-14 01:17:58','2021-02-14 01:17:58'),(1295,'Kaphuria','কাফুরিয়া',143,1,1,0,'2021-02-14 01:17:58','2021-02-14 01:17:58'),(1296,'Halsa','হালসা',143,1,1,0,'2021-02-14 01:17:58','2021-02-14 01:17:58'),(1297,'Sukash','শুকাশ',144,1,1,0,'2021-02-14 01:17:58','2021-02-14 01:17:58'),(1298,'Dahia','ডাহিয়া',144,1,1,0,'2021-02-14 01:17:58','2021-02-14 01:17:58'),(1299,'Italy','ইটালী',144,1,1,0,'2021-02-14 01:17:58','2021-02-14 01:17:58'),(1300,'Kalam','কলম',144,1,1,0,'2021-02-14 01:17:58','2021-02-14 01:17:58'),(1301,'Chamari','চামারী',144,1,1,0,'2021-02-14 01:17:58','2021-02-14 01:17:58'),(1302,'Hatiandaha','হাতিয়ানদহ',144,1,1,0,'2021-02-14 01:17:58','2021-02-14 01:17:58'),(1303,'Lalore','লালোর',144,1,1,0,'2021-02-14 01:17:58','2021-02-14 01:17:58'),(1304,'Sherkole','শেরকোল',144,1,1,0,'2021-02-14 01:17:58','2021-02-14 01:17:58'),(1305,'Tajpur','তাজপুর',144,1,1,0,'2021-02-14 01:17:58','2021-02-14 01:17:58'),(1306,'Chaugram','চৌগ্রাম',144,1,1,0,'2021-02-14 01:17:58','2021-02-14 01:17:58'),(1307,'Chhatardighi','ছাতারদিঘী',144,1,1,0,'2021-02-14 01:17:58','2021-02-14 01:17:58'),(1308,'Ramanandakhajura','রামান্দখাজুরা',144,1,1,0,'2021-02-14 01:17:58','2021-02-14 01:17:58'),(1309,'Joari','জোয়াড়ী',145,1,1,0,'2021-02-14 01:17:58','2021-02-14 01:17:58'),(1310,'Baraigram','বড়াইগ্রাম',145,1,1,0,'2021-02-14 01:17:58','2021-02-14 01:17:58'),(1311,'Zonail','জোনাইল',145,1,1,0,'2021-02-14 01:17:58','2021-02-14 01:17:58'),(1312,'Nagor','নগর',145,1,1,0,'2021-02-14 01:17:58','2021-02-14 01:17:58'),(1313,'Majgoan','মাঝগাও',145,1,1,0,'2021-02-14 01:17:58','2021-02-14 01:17:58'),(1314,'Gopalpur','গোপালপুর',145,1,1,0,'2021-02-14 01:17:58','2021-02-14 01:17:58'),(1315,'Chandai','চান্দাই',145,1,1,0,'2021-02-14 01:17:58','2021-02-14 01:17:58'),(1316,'Panka','পাঁকা',146,1,1,0,'2021-02-14 01:17:58','2021-02-14 01:17:58'),(1317,'Jamnagor','জামনগর',146,1,1,0,'2021-02-14 01:17:59','2021-02-14 01:17:59'),(1318,'Bagatipara','বাগাতিপাড়া',146,1,1,0,'2021-02-14 01:17:59','2021-02-14 01:17:59'),(1319,'Dayarampur','দয়ারামপুর',146,1,1,0,'2021-02-14 01:17:59','2021-02-14 01:17:59'),(1320,'Faguardiar','ফাগুয়ারদিয়াড়',146,1,1,0,'2021-02-14 01:17:59','2021-02-14 01:17:59'),(1321,'Lalpur','লালপুর',147,1,1,0,'2021-02-14 01:17:59','2021-02-14 01:17:59'),(1322,'Iswardi','ঈশ্বরদী',147,1,1,0,'2021-02-14 01:17:59','2021-02-14 01:17:59'),(1323,'Chongdhupoil','চংধুপইল',147,1,1,0,'2021-02-14 01:17:59','2021-02-14 01:17:59'),(1324,'Arbab','আড়বাব',147,1,1,0,'2021-02-14 01:17:59','2021-02-14 01:17:59'),(1325,'Bilmaria','বিলমাড়িয়া',147,1,1,0,'2021-02-14 01:17:59','2021-02-14 01:17:59'),(1326,'Duaria','দুয়ারিয়া',147,1,1,0,'2021-02-14 01:17:59','2021-02-14 01:17:59'),(1327,'Oalia','ওয়ালিয়া',147,1,1,0,'2021-02-14 01:17:59','2021-02-14 01:17:59'),(1328,'Durduria','দুড়দুরিয়া',147,1,1,0,'2021-02-14 01:17:59','2021-02-14 01:17:59'),(1329,'Arjunpur','অর্জুনপুর বরমহাটী',147,1,1,0,'2021-02-14 01:17:59','2021-02-14 01:17:59'),(1330,'Kadimchilan','কদিমচিলান',147,1,1,0,'2021-02-14 01:17:59','2021-02-14 01:17:59'),(1331,'Nazirpur','নাজিরপুর',148,1,1,0,'2021-02-14 01:17:59','2021-02-14 01:17:59'),(1332,'Biaghat','বিয়াঘাট',148,1,1,0,'2021-02-14 01:17:59','2021-02-14 01:17:59'),(1333,'Khubjipur','খুবজীপুর',148,1,1,0,'2021-02-14 01:17:59','2021-02-14 01:17:59'),(1334,'Dharabarisha','ধারাবারিষা',148,1,1,0,'2021-02-14 01:17:59','2021-02-14 01:17:59'),(1335,'Moshindha','মসিন্দা',148,1,1,0,'2021-02-14 01:17:59','2021-02-14 01:17:59'),(1336,'Chapila','চাপিলা',148,1,1,0,'2021-02-14 01:17:59','2021-02-14 01:17:59'),(1337,'Rukindipur','রুকিন্দীপুর',150,1,1,0,'2021-02-14 01:17:59','2021-02-14 01:17:59'),(1338,'Sonamukhi','সোনামূখী',150,1,1,0,'2021-02-14 01:17:59','2021-02-14 01:17:59'),(1339,'Tilakpur','তিলকপুর',150,1,1,0,'2021-02-14 01:17:59','2021-02-14 01:17:59'),(1340,'Raikali','রায়কালী',150,1,1,0,'2021-02-14 01:18:00','2021-02-14 01:18:00'),(1341,'Gopinathpur','গোপীনাথপুর',150,1,1,0,'2021-02-14 01:18:00','2021-02-14 01:18:00'),(1342,'Matrai','মাত্রাই',151,1,1,0,'2021-02-14 01:18:00','2021-02-14 01:18:00'),(1343,'Ahammedabad','আহম্মেদাবাদ',151,1,1,0,'2021-02-14 01:18:00','2021-02-14 01:18:00'),(1344,'Punot','পুনট',151,1,1,0,'2021-02-14 01:18:00','2021-02-14 01:18:00'),(1345,'Zindarpur','জিন্দারপুর',151,1,1,0,'2021-02-14 01:18:00','2021-02-14 01:18:00'),(1346,'Udaipur','উদয়পুর',151,1,1,0,'2021-02-14 01:18:00','2021-02-14 01:18:00'),(1347,'Alampur','আলমপুর',152,1,1,0,'2021-02-14 01:18:00','2021-02-14 01:18:00'),(1348,'Borail','বড়াইল',152,1,1,0,'2021-02-14 01:18:00','2021-02-14 01:18:00'),(1349,'Tulshiganga',' তুলশীগংগা',152,1,1,0,'2021-02-14 01:18:00','2021-02-14 01:18:00'),(1350,'Mamudpur','মামুদপুর',152,1,1,0,'2021-02-14 01:18:00','2021-02-14 01:18:00'),(1351,'Boratara','বড়তারা',152,1,1,0,'2021-02-14 01:18:00','2021-02-14 01:18:00'),(1352,'Bagjana','বাগজানা',153,1,1,0,'2021-02-14 01:18:00','2021-02-14 01:18:00'),(1353,'Dharanji','ধরঞ্জি',153,1,1,0,'2021-02-14 01:18:00','2021-02-14 01:18:00'),(1354,'Aymarasulpur','আয়মারসুলপুর',153,1,1,0,'2021-02-14 01:18:00','2021-02-14 01:18:00'),(1355,'Balighata','বালিঘাটা',153,1,1,0,'2021-02-14 01:18:00','2021-02-14 01:18:00'),(1356,'Atapur','আটাপুর',153,1,1,0,'2021-02-14 01:18:00','2021-02-14 01:18:00'),(1357,'Mohammadpur','মোহাম্মদপুর',153,1,1,0,'2021-02-14 01:18:00','2021-02-14 01:18:00'),(1358,'Aolai','আওলাই',153,1,1,0,'2021-02-14 01:18:00','2021-02-14 01:18:00'),(1359,'Kusumba','কুসুম্বা',153,1,1,0,'2021-02-14 01:18:00','2021-02-14 01:18:00'),(1360,'Amdai','আমদই',154,1,1,0,'2021-02-14 01:18:00','2021-02-14 01:18:00'),(1361,'Bamb','বম্বু',154,1,1,0,'2021-02-14 01:18:01','2021-02-14 01:18:01'),(1362,'Dogachi','দোগাছি',154,1,1,0,'2021-02-14 01:18:01','2021-02-14 01:18:01'),(1363,'Puranapail','পুরানাপৈল',154,1,1,0,'2021-02-14 01:18:01','2021-02-14 01:18:01'),(1364,'Jamalpur','জামালপুর',154,1,1,0,'2021-02-14 01:18:01','2021-02-14 01:18:01'),(1365,'Chakborkat','চকবরকত',154,1,1,0,'2021-02-14 01:18:01','2021-02-14 01:18:01'),(1366,'Mohammadabad','মোহাম্মদাবাদ',154,1,1,0,'2021-02-14 01:18:01','2021-02-14 01:18:01'),(1367,'Dhalahar','ধলাহার',154,1,1,0,'2021-02-14 01:18:01','2021-02-14 01:18:01'),(1368,'Bhadsha','ভাদসা',154,1,1,0,'2021-02-14 01:18:01','2021-02-14 01:18:01'),(1369,'Alatuli','আলাতুলী',155,1,1,0,'2021-02-14 01:18:01','2021-02-14 01:18:01'),(1370,'Baroghoria','বারঘরিয়া',155,1,1,0,'2021-02-14 01:18:01','2021-02-14 01:18:01'),(1371,'Moharajpur','মহারাজপুর',155,1,1,0,'2021-02-14 01:18:01','2021-02-14 01:18:01'),(1372,'Ranihati','রানীহাটি',155,1,1,0,'2021-02-14 01:18:01','2021-02-14 01:18:01'),(1373,'Baliadanga','বালিয়াডাঙ্গা',155,1,1,0,'2021-02-14 01:18:01','2021-02-14 01:18:01'),(1374,'Gobratola','গোবরাতলা',155,1,1,0,'2021-02-14 01:18:01','2021-02-14 01:18:01'),(1375,'Jhilim','ঝিলিম',155,1,1,0,'2021-02-14 01:18:01','2021-02-14 01:18:01'),(1376,'Char Anupnagar','চর অনুপনগর',155,1,1,0,'2021-02-14 01:18:01','2021-02-14 01:18:01'),(1377,'Debinagar','দেবীনগর',155,1,1,0,'2021-02-14 01:18:01','2021-02-14 01:18:01'),(1378,'Shahjahanpur','শাহজাহানপুর',155,1,1,0,'2021-02-14 01:18:01','2021-02-14 01:18:01'),(1379,'Islampur','ইসলামপুর',155,1,1,0,'2021-02-14 01:18:01','2021-02-14 01:18:01'),(1380,'Charbagdanga','চরবাগডাঙ্গা',155,1,1,0,'2021-02-14 01:18:01','2021-02-14 01:18:01'),(1381,'Narayanpur','নারায়নপুর',155,1,1,0,'2021-02-14 01:18:01','2021-02-14 01:18:01'),(1382,'Sundarpur','সুন্দরপুর',155,1,1,0,'2021-02-14 01:18:01','2021-02-14 01:18:01'),(1383,'Radhanagar','রাধানগর',156,1,1,0,'2021-02-14 01:18:01','2021-02-14 01:18:01'),(1384,'Rahanpur','রহনপুর',156,1,1,0,'2021-02-14 01:18:01','2021-02-14 01:18:01'),(1385,'Boalia','বোয়ালিয়া',156,1,1,0,'2021-02-14 01:18:02','2021-02-14 01:18:02'),(1386,'Bangabari','বাঙ্গাবাড়ী',156,1,1,0,'2021-02-14 01:18:02','2021-02-14 01:18:02'),(1387,'Parbotipur','পার্বতীপুর',156,1,1,0,'2021-02-14 01:18:02','2021-02-14 01:18:02'),(1388,'Chowdala','চৌডালা',156,1,1,0,'2021-02-14 01:18:02','2021-02-14 01:18:02'),(1389,'Gomostapur','গোমস্তাপুর',156,1,1,0,'2021-02-14 01:18:02','2021-02-14 01:18:02'),(1390,'Alinagar','আলীনগর',156,1,1,0,'2021-02-14 01:18:02','2021-02-14 01:18:02'),(1391,'Fhotepur','ফতেপুর',157,1,1,0,'2021-02-14 01:18:02','2021-02-14 01:18:02'),(1392,'Kosba','কসবা',157,1,1,0,'2021-02-14 01:18:02','2021-02-14 01:18:02'),(1393,'Nezampur','নেজামপুর',157,1,1,0,'2021-02-14 01:18:02','2021-02-14 01:18:02'),(1394,'Nachol','নাচোল',157,1,1,0,'2021-02-14 01:18:02','2021-02-14 01:18:02'),(1395,'Bholahat','ভোলাহাট',158,1,1,0,'2021-02-14 01:18:02','2021-02-14 01:18:02'),(1396,'Jambaria','জামবাড়িয়া',158,1,1,0,'2021-02-14 01:18:02','2021-02-14 01:18:02'),(1397,'Gohalbari','গোহালবাড়ী',158,1,1,0,'2021-02-14 01:18:02','2021-02-14 01:18:02'),(1398,'Daldoli','দলদলী',158,1,1,0,'2021-02-14 01:18:03','2021-02-14 01:18:03'),(1399,'Binodpur','বিনোদপুর',159,1,1,0,'2021-02-14 01:18:03','2021-02-14 01:18:03'),(1400,'Chakkirti','চককির্তী',159,1,1,0,'2021-02-14 01:18:03','2021-02-14 01:18:03'),(1401,'Daipukuria','দাইপুকুরিয়া',159,1,1,0,'2021-02-14 01:18:03','2021-02-14 01:18:03'),(1402,'Dhainagar','ধাইনগর',159,1,1,0,'2021-02-14 01:18:03','2021-02-14 01:18:03'),(1403,'Durlovpur','দুর্লভপুর',159,1,1,0,'2021-02-14 01:18:03','2021-02-14 01:18:03'),(1404,'Ghorapakhia','ঘোড়াপাখিয়া',159,1,1,0,'2021-02-14 01:18:03','2021-02-14 01:18:03'),(1405,'Mobarakpur','মোবারকপুর',159,1,1,0,'2021-02-14 01:18:03','2021-02-14 01:18:03'),(1406,'Monakasha','মনাকষা',159,1,1,0,'2021-02-14 01:18:03','2021-02-14 01:18:03'),(1407,'Noyalavanga','নয়ালাভাঙ্গা',159,1,1,0,'2021-02-14 01:18:03','2021-02-14 01:18:03'),(1408,'Panka','পাঁকা',159,1,1,0,'2021-02-14 01:18:03','2021-02-14 01:18:03'),(1409,'Chatrajitpur','ছত্রাজিতপুর',159,1,1,0,'2021-02-14 01:18:03','2021-02-14 01:18:03'),(1410,'Shahabajpur','শাহাবাজপুর',159,1,1,0,'2021-02-14 01:18:03','2021-02-14 01:18:03'),(1411,'Shyampur','শ্যামপুর',159,1,1,0,'2021-02-14 01:18:03','2021-02-14 01:18:03'),(1412,'Kansat','কানসাট',159,1,1,0,'2021-02-14 01:18:03','2021-02-14 01:18:03'),(1413,'Ujirpur','উজিরপুর',159,1,1,0,'2021-02-14 01:18:03','2021-02-14 01:18:03'),(1414,'1nomohadevpur','মহাদেবপুর',160,1,1,0,'2021-02-14 01:18:03','2021-02-14 01:18:03'),(1415,'Hatur','হাতুড়',160,1,1,0,'2021-02-14 01:18:03','2021-02-14 01:18:03'),(1416,'Khajur','খাজুর',160,1,1,0,'2021-02-14 01:18:03','2021-02-14 01:18:03'),(1417,'Chandas','চাঁন্দাশ',160,1,1,0,'2021-02-14 01:18:03','2021-02-14 01:18:03'),(1418,'Enayetpur','এনায়েতপুর',160,1,1,0,'2021-02-14 01:18:03','2021-02-14 01:18:03'),(1419,'Sofapur','সফাপুর',160,1,1,0,'2021-02-14 01:18:03','2021-02-14 01:18:03'),(1420,'Uttargram','উত্তরগ্রাম',160,1,1,0,'2021-02-14 01:18:04','2021-02-14 01:18:04'),(1421,'Cheragpur','চেরাগপুর',160,1,1,0,'2021-02-14 01:18:04','2021-02-14 01:18:04'),(1422,'Vimpur','ভীমপুর',160,1,1,0,'2021-02-14 01:18:04','2021-02-14 01:18:04'),(1423,'Roygon','রাইগাঁ',160,1,1,0,'2021-02-14 01:18:04','2021-02-14 01:18:04'),(1424,'Badalgachi','বদলগাছী',161,1,1,0,'2021-02-14 01:18:04','2021-02-14 01:18:04'),(1425,'Mothurapur','মথুরাপুর',161,1,1,0,'2021-02-14 01:18:04','2021-02-14 01:18:04'),(1426,'Paharpur','পাহারপুর',161,1,1,0,'2021-02-14 01:18:04','2021-02-14 01:18:04'),(1427,'Mithapur','মিঠাপুর',161,1,1,0,'2021-02-14 01:18:04','2021-02-14 01:18:04'),(1428,'Kola','কোলা',161,1,1,0,'2021-02-14 01:18:04','2021-02-14 01:18:04'),(1429,'Bilashbari','বিলাশবাড়ী',161,1,1,0,'2021-02-14 01:18:04','2021-02-14 01:18:04'),(1430,'Adhaipur','আধাইপুর',161,1,1,0,'2021-02-14 01:18:04','2021-02-14 01:18:04'),(1431,'Balubhara','বালুভরা',161,1,1,0,'2021-02-14 01:18:04','2021-02-14 01:18:04'),(1432,'Patnitala','পত্নীতলা',162,1,1,0,'2021-02-14 01:18:04','2021-02-14 01:18:04'),(1433,'Nirmail','নিমইল',162,1,1,0,'2021-02-14 01:18:04','2021-02-14 01:18:04'),(1434,'Dibar','দিবর',162,1,1,0,'2021-02-14 01:18:04','2021-02-14 01:18:04'),(1435,'Akbarpur','আকবরপুর',162,1,1,0,'2021-02-14 01:18:04','2021-02-14 01:18:04'),(1436,'Matindar','মাটিন্দর',162,1,1,0,'2021-02-14 01:18:04','2021-02-14 01:18:04'),(1437,'Krishnapur','কৃষ্ণপুর',162,1,1,0,'2021-02-14 01:18:04','2021-02-14 01:18:04'),(1438,'Patichrara','পাটিচড়া',162,1,1,0,'2021-02-14 01:18:04','2021-02-14 01:18:04'),(1439,'Nazipur','নজিপুর',162,1,1,0,'2021-02-14 01:18:04','2021-02-14 01:18:04'),(1440,'Ghasnagar','ঘষনগর',162,1,1,0,'2021-02-14 01:18:04','2021-02-14 01:18:04'),(1441,'Amair','আমাইড়',162,1,1,0,'2021-02-14 01:18:04','2021-02-14 01:18:04'),(1442,'Shihara','শিহারা',162,1,1,0,'2021-02-14 01:18:05','2021-02-14 01:18:05'),(1443,'Dhamoirhat','ধামইরহাট',163,1,1,0,'2021-02-14 01:18:05','2021-02-14 01:18:05'),(1444,'Alampur','আলমপুর',163,1,1,0,'2021-02-14 01:18:05','2021-02-14 01:18:05'),(1445,'Umar','উমার',163,1,1,0,'2021-02-14 01:18:05','2021-02-14 01:18:05'),(1446,'Aranagar','আড়ানগর',163,1,1,0,'2021-02-14 01:18:05','2021-02-14 01:18:05'),(1447,'Jahanpur','জাহানপুর',163,1,1,0,'2021-02-14 01:18:05','2021-02-14 01:18:05'),(1448,'Isabpur','ইসবপুর',163,1,1,0,'2021-02-14 01:18:05','2021-02-14 01:18:05'),(1449,'Khelna','খেলনা',163,1,1,0,'2021-02-14 01:18:05','2021-02-14 01:18:05'),(1450,'Agradigun','আগ্রাদ্বিগুন',163,1,1,0,'2021-02-14 01:18:05','2021-02-14 01:18:05'),(1451,'Hajinagar','হাজীনগর',164,1,1,0,'2021-02-14 01:18:05','2021-02-14 01:18:05'),(1452,'Chandannagar','চন্দননগর',164,1,1,0,'2021-02-14 01:18:05','2021-02-14 01:18:05'),(1453,'Bhabicha','ভাবিচা',164,1,1,0,'2021-02-14 01:18:05','2021-02-14 01:18:05'),(1454,'Niamatpur','নিয়ামতপুর',164,1,1,0,'2021-02-14 01:18:05','2021-02-14 01:18:05'),(1455,'Rasulpur','রসুলপুর',164,1,1,0,'2021-02-14 01:18:05','2021-02-14 01:18:05'),(1456,'Paroil','পাড়ইল',164,1,1,0,'2021-02-14 01:18:05','2021-02-14 01:18:05'),(1457,'Sremantapur','শ্রীমন্তপুর',164,1,1,0,'2021-02-14 01:18:05','2021-02-14 01:18:05'),(1458,'Bahadurpur','বাহাদুরপুর',164,1,1,0,'2021-02-14 01:18:05','2021-02-14 01:18:05'),(1459,'Varsho','ভারশো',165,1,1,0,'2021-02-14 01:18:05','2021-02-14 01:18:05'),(1460,'Valain','ভালাইন',165,1,1,0,'2021-02-14 01:18:05','2021-02-14 01:18:05'),(1461,'Paranpur','পরানপুর',165,1,1,0,'2021-02-14 01:18:05','2021-02-14 01:18:05'),(1462,'Manda','মান্দা',165,1,1,0,'2021-02-14 01:18:05','2021-02-14 01:18:05'),(1463,'Goneshpur','গনেশপুর',165,1,1,0,'2021-02-14 01:18:06','2021-02-14 01:18:06'),(1464,'Moinom','মৈনম',165,1,1,0,'2021-02-14 01:18:06','2021-02-14 01:18:06'),(1465,'Proshadpur','প্রসাদপুর',165,1,1,0,'2021-02-14 01:18:06','2021-02-14 01:18:06'),(1466,'Kosomba','কুসুম্বা',165,1,1,0,'2021-02-14 01:18:06','2021-02-14 01:18:06'),(1467,'Tetulia','তেঁতুলিয়া',165,1,1,0,'2021-02-14 01:18:06','2021-02-14 01:18:06'),(1468,'Nurullabad','নূরুল্যাবাদ',165,1,1,0,'2021-02-14 01:18:06','2021-02-14 01:18:06'),(1469,'Kalikapur','কালিকাপুর',165,1,1,0,'2021-02-14 01:18:06','2021-02-14 01:18:06'),(1470,'Kashopara','কাঁশোকাপুর',165,1,1,0,'2021-02-14 01:18:06','2021-02-14 01:18:06'),(1471,'Koshob','কশব',165,1,1,0,'2021-02-14 01:18:06','2021-02-14 01:18:06'),(1472,'Bisnopur','বিষ্ণপুর',165,1,1,0,'2021-02-14 01:18:06','2021-02-14 01:18:06'),(1473,'Shahagola','শাহাগোলা',166,1,1,0,'2021-02-14 01:18:06','2021-02-14 01:18:06'),(1474,'Bhonpara','ভোঁপড়া',166,1,1,0,'2021-02-14 01:18:06','2021-02-14 01:18:06'),(1475,'Ahsanganj','আহসানগঞ্জ',166,1,1,0,'2021-02-14 01:18:06','2021-02-14 01:18:06'),(1476,'Panchupur','পাঁচুপুর',166,1,1,0,'2021-02-14 01:18:06','2021-02-14 01:18:06'),(1477,'Bisha','বিশা',166,1,1,0,'2021-02-14 01:18:06','2021-02-14 01:18:06'),(1478,'Maniary','মনিয়ারী',166,1,1,0,'2021-02-14 01:18:06','2021-02-14 01:18:06'),(1479,'Kalikapur','কালিকাপুর',166,1,1,0,'2021-02-14 01:18:06','2021-02-14 01:18:06'),(1480,'Hatkalupara','হাটকালুপাড়া',166,1,1,0,'2021-02-14 01:18:06','2021-02-14 01:18:06'),(1481,'Khatteshawr','খট্টেশ্বর রাণীনগর',167,1,1,0,'2021-02-14 01:18:06','2021-02-14 01:18:06'),(1482,'Kashimpur','কাশিমপুর',167,1,1,0,'2021-02-14 01:18:06','2021-02-14 01:18:06'),(1483,'Gona','গোনা',167,1,1,0,'2021-02-14 01:18:06','2021-02-14 01:18:06'),(1484,'Paroil','পারইল',167,1,1,0,'2021-02-14 01:18:07','2021-02-14 01:18:07'),(1485,'Borgoca','বরগাছা',167,1,1,0,'2021-02-14 01:18:07','2021-02-14 01:18:07'),(1486,'Kaligram','কালিগ্রাম',167,1,1,0,'2021-02-14 01:18:07','2021-02-14 01:18:07'),(1487,'Ekdala','একডালা',167,1,1,0,'2021-02-14 01:18:07','2021-02-14 01:18:07'),(1488,'Mirat','মিরাট',167,1,1,0,'2021-02-14 01:18:07','2021-02-14 01:18:07'),(1489,'Barshail','বর্ষাইল',168,1,1,0,'2021-02-14 01:18:07','2021-02-14 01:18:07'),(1490,'Kritipur','কির্ত্তিপুর',168,1,1,0,'2021-02-14 01:18:07','2021-02-14 01:18:07'),(1491,'Baktiarpur','বক্তারপুর',168,1,1,0,'2021-02-14 01:18:07','2021-02-14 01:18:07'),(1492,'Tilakpur','তিলোকপুর',168,1,1,0,'2021-02-14 01:18:07','2021-02-14 01:18:07'),(1493,'Hapaniya','হাপানিয়া',168,1,1,0,'2021-02-14 01:18:07','2021-02-14 01:18:07'),(1494,'Dubalhati','দুবলহাটী',168,1,1,0,'2021-02-14 01:18:07','2021-02-14 01:18:07'),(1495,'Boalia','বোয়ালিয়া',168,1,1,0,'2021-02-14 01:18:07','2021-02-14 01:18:07'),(1496,'Hashaigari','হাঁসাইগাড়ী',168,1,1,0,'2021-02-14 01:18:07','2021-02-14 01:18:07'),(1497,'Chandipur','চন্ডিপুর',168,1,1,0,'2021-02-14 01:18:07','2021-02-14 01:18:07'),(1498,'Bolihar','বলিহার',168,1,1,0,'2021-02-14 01:18:07','2021-02-14 01:18:07'),(1499,'Shekerpur','শিকারপুর',168,1,1,0,'2021-02-14 01:18:07','2021-02-14 01:18:07'),(1500,'Shailgachhi','শৈলগাছী',168,1,1,0,'2021-02-14 01:18:07','2021-02-14 01:18:07'),(1501,'Nitpur','নিতপুর',169,1,1,0,'2021-02-14 01:18:07','2021-02-14 01:18:07'),(1502,'Tetulia','তেঁতুলিয়া',169,1,1,0,'2021-02-14 01:18:07','2021-02-14 01:18:07'),(1503,'Chhaor','ছাওড়',169,1,1,0,'2021-02-14 01:18:07','2021-02-14 01:18:07'),(1504,'Ganguria','গাঙ্গুরিয়া',169,1,1,0,'2021-02-14 01:18:07','2021-02-14 01:18:07'),(1505,'Ghatnagar','ঘাটনগর',169,1,1,0,'2021-02-14 01:18:07','2021-02-14 01:18:07'),(1506,'Moshidpur','মশিদপুর',169,1,1,0,'2021-02-14 01:18:08','2021-02-14 01:18:08'),(1507,'Sapahar','সাপাহার',170,1,1,0,'2021-02-14 01:18:08','2021-02-14 01:18:08'),(1508,'Tilna','তিলনা',170,1,1,0,'2021-02-14 01:18:08','2021-02-14 01:18:08'),(1509,'Aihai','আইহাই',170,1,1,0,'2021-02-14 01:18:08','2021-02-14 01:18:08'),(1510,'Shironti','শিরন্টী',170,1,1,0,'2021-02-14 01:18:08','2021-02-14 01:18:08'),(1511,'Goala','গোয়ালা',170,1,1,0,'2021-02-14 01:18:08','2021-02-14 01:18:08'),(1512,'Patari','পাতাড়ী',170,1,1,0,'2021-02-14 01:18:08','2021-02-14 01:18:08'),(1513,'Nehalpur','নেহালপুর',171,1,1,0,'2021-02-14 01:18:08','2021-02-14 01:18:08'),(1514,'Hariharnagar','হরিহরনগর',171,1,1,0,'2021-02-14 01:18:08','2021-02-14 01:18:08'),(1515,'Haridaskati','হরিদাসকাটি',171,1,1,0,'2021-02-14 01:18:08','2021-02-14 01:18:08'),(1516,'Shyamkur','শ্যামকুড়',171,1,1,0,'2021-02-14 01:18:08','2021-02-14 01:18:08'),(1517,'Rohita','রোহিতা',171,1,1,0,'2021-02-14 01:18:08','2021-02-14 01:18:08'),(1518,'Maswimnagar','মশ্মিমনগর',171,1,1,0,'2021-02-14 01:18:08','2021-02-14 01:18:08'),(1519,'Manoharpur','মনোহরপুর',171,1,1,0,'2021-02-14 01:18:08','2021-02-14 01:18:08'),(1520,'Manirampur','মনিরামপুর',171,1,1,0,'2021-02-14 01:18:08','2021-02-14 01:18:08'),(1521,'Bhojgati','ভোজগাতি',171,1,1,0,'2021-02-14 01:18:08','2021-02-14 01:18:08'),(1522,'Durbadanga','দুর্বাডাংগা',171,1,1,0,'2021-02-14 01:18:08','2021-02-14 01:18:08'),(1523,'Dhakuria','ঢাকুরিয়া',171,1,1,0,'2021-02-14 01:18:08','2021-02-14 01:18:08'),(1524,'Jhanpa','ঝাঁপা',171,1,1,0,'2021-02-14 01:18:08','2021-02-14 01:18:08'),(1525,'Chaluahati','চালুয়াহাটি',171,1,1,0,'2021-02-14 01:18:08','2021-02-14 01:18:08'),(1526,'Khedapara','খেদাপাড়া',171,1,1,0,'2021-02-14 01:18:08','2021-02-14 01:18:08'),(1527,'Khanpur','খানপুর',171,1,1,0,'2021-02-14 01:18:08','2021-02-14 01:18:08'),(1528,'Kultia','কুলটিয়া',171,1,1,0,'2021-02-14 01:18:08','2021-02-14 01:18:08'),(1529,'Kashimnagar','কাশিমনগর',171,1,1,0,'2021-02-14 01:18:08','2021-02-14 01:18:08'),(1530,'Baghutia','বাঘুটিয়া',172,1,1,0,'2021-02-14 01:18:09','2021-02-14 01:18:09'),(1531,'Chalishia','চলিশিয়া',172,1,1,0,'2021-02-14 01:18:09','2021-02-14 01:18:09'),(1532,'Sundoli','সুন্দলী',172,1,1,0,'2021-02-14 01:18:09','2021-02-14 01:18:09'),(1533,'Siddhipasha','সিদ্দিপাশা',172,1,1,0,'2021-02-14 01:18:09','2021-02-14 01:18:09'),(1534,'Sreedharpur','শ্রীধরপুর',172,1,1,0,'2021-02-14 01:18:09','2021-02-14 01:18:09'),(1535,'Subharara','শুভরাড়া',172,1,1,0,'2021-02-14 01:18:09','2021-02-14 01:18:09'),(1536,'Prambag','প্রেমবাগ',172,1,1,0,'2021-02-14 01:18:09','2021-02-14 01:18:09'),(1537,'Payra','পায়রা',172,1,1,0,'2021-02-14 01:18:09','2021-02-14 01:18:09'),(1538,'Jaharpur','জহুরপুর',173,1,1,0,'2021-02-14 01:18:09','2021-02-14 01:18:09'),(1539,'Jamdia','জামদিয়া',173,1,1,0,'2021-02-14 01:18:09','2021-02-14 01:18:09'),(1540,'Darajhat','দরাজহাট',173,1,1,0,'2021-02-14 01:18:09','2021-02-14 01:18:09'),(1541,'Dhalgram','ধলগ্রাম',173,1,1,0,'2021-02-14 01:18:09','2021-02-14 01:18:09'),(1542,'Narikelbaria','নারিকেলবাড়ীয়া',173,1,1,0,'2021-02-14 01:18:09','2021-02-14 01:18:09'),(1543,'Bandabilla','বন্দবিলা',173,1,1,0,'2021-02-14 01:18:09','2021-02-14 01:18:09'),(1544,'Basuari','বাসুয়াড়ী',173,1,1,0,'2021-02-14 01:18:09','2021-02-14 01:18:09'),(1545,'Roypur','রায়পুর',173,1,1,0,'2021-02-14 01:18:09','2021-02-14 01:18:09'),(1546,'Dohakula','দোহাকুলা',173,1,1,0,'2021-02-14 01:18:09','2021-02-14 01:18:09'),(1547,'Chougachha','চৌগাছা',174,1,1,0,'2021-02-14 01:18:10','2021-02-14 01:18:10'),(1548,'Jagadishpur','জগদীশপুর',174,1,1,0,'2021-02-14 01:18:10','2021-02-14 01:18:10'),(1549,'Dhuliani','ধুলিয়ানী',174,1,1,0,'2021-02-14 01:18:10','2021-02-14 01:18:10'),(1550,'Narayanpur','নারায়নপুর',174,1,1,0,'2021-02-14 01:18:10','2021-02-14 01:18:10'),(1551,'Patibila','পাতিবিলা',174,1,1,0,'2021-02-14 01:18:10','2021-02-14 01:18:10'),(1552,'Pashapole','পাশাপোল',174,1,1,0,'2021-02-14 01:18:10','2021-02-14 01:18:10'),(1553,'Fulsara','ফুলসারা',174,1,1,0,'2021-02-14 01:18:10','2021-02-14 01:18:10'),(1554,'Singhajhuli','সিংহঝুলি',174,1,1,0,'2021-02-14 01:18:10','2021-02-14 01:18:10'),(1555,'Sukpukhuria','সুখপুকুরিয়া',174,1,1,0,'2021-02-14 01:18:10','2021-02-14 01:18:10'),(1556,'Swarupdaha','সরুপদাহ',174,1,1,0,'2021-02-14 01:18:10','2021-02-14 01:18:10'),(1557,'Hakimpur','হাকিমপুর',174,1,1,0,'2021-02-14 01:18:10','2021-02-14 01:18:10'),(1558,'Gangananda','গংগানন্দপুর',175,1,1,0,'2021-02-14 01:18:10','2021-02-14 01:18:10'),(1559,'Gadkhali','গদখালী',175,1,1,0,'2021-02-14 01:18:10','2021-02-14 01:18:10'),(1560,'Jhikargachha','ঝিকরগাছা',175,1,1,0,'2021-02-14 01:18:10','2021-02-14 01:18:10'),(1561,'Nabharan','নাভারন',175,1,1,0,'2021-02-14 01:18:10','2021-02-14 01:18:10'),(1562,'Nibaskhola','নির্বাসখোলা',175,1,1,0,'2021-02-14 01:18:10','2021-02-14 01:18:10'),(1563,'Panisara','পানিসারা',175,1,1,0,'2021-02-14 01:18:10','2021-02-14 01:18:10'),(1564,'Bankra','বাঁকড়া',175,1,1,0,'2021-02-14 01:18:11','2021-02-14 01:18:11'),(1565,'Shankarpur','শংকরপুর',175,1,1,0,'2021-02-14 01:18:11','2021-02-14 01:18:11'),(1566,'Shimulia','শিমুলিয়া',175,1,1,0,'2021-02-14 01:18:11','2021-02-14 01:18:11'),(1567,'Hajirbagh','হাজিরবাগ',175,1,1,0,'2021-02-14 01:18:11','2021-02-14 01:18:11'),(1568,'Magura','মাগুরা',175,1,1,0,'2021-02-14 01:18:11','2021-02-14 01:18:11'),(1569,'Sufalakati','সুফলাকাটি',176,1,1,0,'2021-02-14 01:18:11','2021-02-14 01:18:11'),(1570,'Sagardari','সাগরদাড়ী',176,1,1,0,'2021-02-14 01:18:11','2021-02-14 01:18:11'),(1571,'Majidpur','মজিদপুর',176,1,1,0,'2021-02-14 01:18:11','2021-02-14 01:18:11'),(1572,'Mongolkot','মঙ্গলকোর্ট',176,1,1,0,'2021-02-14 01:18:11','2021-02-14 01:18:11'),(1573,'Bidyanandakati','বিদ্যানন্দকাটি',176,1,1,0,'2021-02-14 01:18:11','2021-02-14 01:18:11'),(1574,'Panjia','পাজিয়া',176,1,1,0,'2021-02-14 01:18:11','2021-02-14 01:18:11'),(1575,'Trimohini','ত্রিমোহিনী',176,1,1,0,'2021-02-14 01:18:11','2021-02-14 01:18:11'),(1576,'Gaurighona','গৌরিঘোনা',176,1,1,0,'2021-02-14 01:18:11','2021-02-14 01:18:11'),(1577,'Keshabpur','কেশবপুর',176,1,1,0,'2021-02-14 01:18:11','2021-02-14 01:18:11'),(1578,'Lebutala','লেবুতলা',177,1,1,0,'2021-02-14 01:18:11','2021-02-14 01:18:11'),(1579,'Ichhali','ইছালী',177,1,1,0,'2021-02-14 01:18:11','2021-02-14 01:18:11'),(1580,'Arabpur','আরবপুর',177,1,1,0,'2021-02-14 01:18:11','2021-02-14 01:18:11'),(1581,'Upasahar','উপশহর',177,1,1,0,'2021-02-14 01:18:11','2021-02-14 01:18:11'),(1582,'Kachua','কচুয়া',177,1,1,0,'2021-02-14 01:18:11','2021-02-14 01:18:11'),(1583,'Kashimpur','কাশিমপুর',177,1,1,0,'2021-02-14 01:18:12','2021-02-14 01:18:12'),(1584,'Chanchra','চাঁচড়া',177,1,1,0,'2021-02-14 01:18:12','2021-02-14 01:18:12'),(1585,'Churamankati','চূড়ামনকাটি',177,1,1,0,'2021-02-14 01:18:12','2021-02-14 01:18:12'),(1586,'Narendrapur','নরেন্দ্রপুর',177,1,1,0,'2021-02-14 01:18:12','2021-02-14 01:18:12'),(1587,'Noapara','নওয়াপাড়া',177,1,1,0,'2021-02-14 01:18:12','2021-02-14 01:18:12'),(1588,'Fathehpur','ফতেপুর',177,1,1,0,'2021-02-14 01:18:12','2021-02-14 01:18:12'),(1589,'Basundia','বসুন্দিয়া',177,1,1,0,'2021-02-14 01:18:12','2021-02-14 01:18:12'),(1590,'Ramnagar','রামনগর',177,1,1,0,'2021-02-14 01:18:12','2021-02-14 01:18:12'),(1591,'Haibatpur','হৈবতপুর',177,1,1,0,'2021-02-14 01:18:12','2021-02-14 01:18:12'),(1592,'Dearamodel','দেয়ারা মডেল',177,1,1,0,'2021-02-14 01:18:12','2021-02-14 01:18:12'),(1593,'Ulshi','উলশী',178,1,1,0,'2021-02-14 01:18:12','2021-02-14 01:18:12'),(1594,'Sharsha','শার্শা',178,1,1,0,'2021-02-14 01:18:12','2021-02-14 01:18:12'),(1595,'Lakshmanpur','লক্ষণপুর',178,1,1,0,'2021-02-14 01:18:12','2021-02-14 01:18:12'),(1596,'Benapole','বেনাপোল',178,1,1,0,'2021-02-14 01:18:12','2021-02-14 01:18:12'),(1597,'Bahadurpur','বাহাদুরপুর',178,1,1,0,'2021-02-14 01:18:12','2021-02-14 01:18:12'),(1598,'Bagachra','বাগআচড়া',178,1,1,0,'2021-02-14 01:18:12','2021-02-14 01:18:12'),(1599,'Putkhali','পুটখালী',178,1,1,0,'2021-02-14 01:18:12','2021-02-14 01:18:12'),(1600,'Nizampur','নিজামপুর',178,1,1,0,'2021-02-14 01:18:12','2021-02-14 01:18:12'),(1601,'Dihi','ডিহি',178,1,1,0,'2021-02-14 01:18:12','2021-02-14 01:18:12'),(1602,'Goga','গোগা',178,1,1,0,'2021-02-14 01:18:12','2021-02-14 01:18:12'),(1603,'Kayba','কায়বা',178,1,1,0,'2021-02-14 01:18:12','2021-02-14 01:18:12'),(1604,'Anulia','আনুলিয়া',179,1,1,0,'2021-02-14 01:18:12','2021-02-14 01:18:12'),(1605,'Assasuni','আশাশুনি',179,1,1,0,'2021-02-14 01:18:12','2021-02-14 01:18:12'),(1606,'Kadakati','কাদাকাটি',179,1,1,0,'2021-02-14 01:18:12','2021-02-14 01:18:12'),(1607,'Kulla','কুল্যা',179,1,1,0,'2021-02-14 01:18:13','2021-02-14 01:18:13'),(1608,'Khajra','খাজরা',179,1,1,0,'2021-02-14 01:18:13','2021-02-14 01:18:13'),(1609,'Durgapur','দরগাহপুর',179,1,1,0,'2021-02-14 01:18:13','2021-02-14 01:18:13'),(1610,'Pratapnagar','প্রতাপনগর',179,1,1,0,'2021-02-14 01:18:13','2021-02-14 01:18:13'),(1611,'Budhhata','বুধহাটা',179,1,1,0,'2021-02-14 01:18:13','2021-02-14 01:18:13'),(1612,'Baradal','বড়দল',179,1,1,0,'2021-02-14 01:18:13','2021-02-14 01:18:13'),(1613,'Sreeula','শ্রীউলা',179,1,1,0,'2021-02-14 01:18:13','2021-02-14 01:18:13'),(1614,'Sobhnali','শোভনালী',179,1,1,0,'2021-02-14 01:18:13','2021-02-14 01:18:13'),(1615,'Kulia','কুলিয়া',180,1,1,0,'2021-02-14 01:18:13','2021-02-14 01:18:13'),(1616,'Debhata','দেবহাটা',180,1,1,0,'2021-02-14 01:18:13','2021-02-14 01:18:13'),(1617,'Noapara','নওয়াপাড়া',180,1,1,0,'2021-02-14 01:18:13','2021-02-14 01:18:13'),(1618,'Parulia','পারুলিয়া',180,1,1,0,'2021-02-14 01:18:13','2021-02-14 01:18:13'),(1619,'Sakhipur','সখিপুর',180,1,1,0,'2021-02-14 01:18:13','2021-02-14 01:18:13'),(1620,'Kushadanga','কুশোডাংগা',181,1,1,0,'2021-02-14 01:18:13','2021-02-14 01:18:13'),(1621,'Keralkata','কেরালকাতা',181,1,1,0,'2021-02-14 01:18:13','2021-02-14 01:18:13'),(1622,'Keragachhi','কেঁড়াগাছি',181,1,1,0,'2021-02-14 01:18:13','2021-02-14 01:18:13'),(1623,'Kaila','কয়লা',181,1,1,0,'2021-02-14 01:18:13','2021-02-14 01:18:13'),(1624,'Jallabad','জালালাবাদ',181,1,1,0,'2021-02-14 01:18:13','2021-02-14 01:18:13'),(1625,'Jogikhali','যুগিখালী',181,1,1,0,'2021-02-14 01:18:14','2021-02-14 01:18:14'),(1626,'Langaljhara','লাঙ্গলঝাড়া',181,1,1,0,'2021-02-14 01:18:14','2021-02-14 01:18:14'),(1627,'Sonabaria','সোনাবাড়িয়া',181,1,1,0,'2021-02-14 01:18:14','2021-02-14 01:18:14'),(1628,'Helatala','হেলাতলা',181,1,1,0,'2021-02-14 01:18:14','2021-02-14 01:18:14'),(1629,'Chandanpur','চন্দনপুর',181,1,1,0,'2021-02-14 01:18:14','2021-02-14 01:18:14'),(1630,'Deara','দেয়ারা',181,1,1,0,'2021-02-14 01:18:14','2021-02-14 01:18:14'),(1631,'Joynagar','জয়নগর',181,1,1,0,'2021-02-14 01:18:14','2021-02-14 01:18:14'),(1632,'Shibpur','শিবপুর',182,1,1,0,'2021-02-14 01:18:14','2021-02-14 01:18:14'),(1633,'Labsa','লাবসা',182,1,1,0,'2021-02-14 01:18:14','2021-02-14 01:18:14'),(1634,'Bhomra','ভোমরা',182,1,1,0,'2021-02-14 01:18:14','2021-02-14 01:18:14'),(1635,'Brahmarajpur','ব্রক্ষ্মরাজপুর',182,1,1,0,'2021-02-14 01:18:14','2021-02-14 01:18:14'),(1636,'Balli','বল্লী',182,1,1,0,'2021-02-14 01:18:14','2021-02-14 01:18:14'),(1637,'Banshdaha','বাঁশদহ',182,1,1,0,'2021-02-14 01:18:14','2021-02-14 01:18:14'),(1638,'Baikari','বৈকারী',182,1,1,0,'2021-02-14 01:18:14','2021-02-14 01:18:14'),(1639,'Fingri','ফিংড়ি',182,1,1,0,'2021-02-14 01:18:14','2021-02-14 01:18:14'),(1640,'Dhulihar','ধুলিহর',182,1,1,0,'2021-02-14 01:18:14','2021-02-14 01:18:14'),(1641,'Jhaudanga','ঝাউডাঙ্গা',182,1,1,0,'2021-02-14 01:18:14','2021-02-14 01:18:14'),(1642,'Ghona','ঘোনা',182,1,1,0,'2021-02-14 01:18:14','2021-02-14 01:18:14'),(1643,'Kuskhali','কুশখালী',182,1,1,0,'2021-02-14 01:18:14','2021-02-14 01:18:14'),(1644,'Alipur','আলিপুর',182,1,1,0,'2021-02-14 01:18:14','2021-02-14 01:18:14'),(1645,'Agardari','আগরদাড়ী',182,1,1,0,'2021-02-14 01:18:14','2021-02-14 01:18:14'),(1646,'Atulia','আটুলিয়া',183,1,1,0,'2021-02-14 01:18:14','2021-02-14 01:18:14'),(1647,'Ishwaripur','ঈশ্বরীপুর',183,1,1,0,'2021-02-14 01:18:15','2021-02-14 01:18:15'),(1648,'Kaikhali','কৈখালী',183,1,1,0,'2021-02-14 01:18:15','2021-02-14 01:18:15'),(1649,'Kashimari','কাশিমাড়ী',183,1,1,0,'2021-02-14 01:18:15','2021-02-14 01:18:15'),(1650,'Nurnagar','নুরনগর',183,1,1,0,'2021-02-14 01:18:15','2021-02-14 01:18:15'),(1651,'Padmapukur','পদ্মপুকুর',183,1,1,0,'2021-02-14 01:18:15','2021-02-14 01:18:15'),(1652,'Burigoalini','বুড়িগোয়ালিনী',183,1,1,0,'2021-02-14 01:18:15','2021-02-14 01:18:15'),(1653,'Bhurulia','ভুরুলিয়া',183,1,1,0,'2021-02-14 01:18:15','2021-02-14 01:18:15'),(1654,'Munshiganj','মুন্সীগজ্ঞ',183,1,1,0,'2021-02-14 01:18:15','2021-02-14 01:18:15'),(1655,'Ramjannagar','রমজাননগর',183,1,1,0,'2021-02-14 01:18:15','2021-02-14 01:18:15'),(1656,'Shyamnagar','শ্যামনগর',183,1,1,0,'2021-02-14 01:18:15','2021-02-14 01:18:15'),(1657,'Gabura','গাবুরা',183,1,1,0,'2021-02-14 01:18:15','2021-02-14 01:18:15'),(1658,'Sarulia','সরুলিয়া',184,1,1,0,'2021-02-14 01:18:15','2021-02-14 01:18:15'),(1659,'Magura','মাগুরা',184,1,1,0,'2021-02-14 01:18:15','2021-02-14 01:18:15'),(1660,'Nagarghata','নগরঘাটা',184,1,1,0,'2021-02-14 01:18:15','2021-02-14 01:18:15'),(1661,'Dhandia','ধানদিয়া',184,1,1,0,'2021-02-14 01:18:15','2021-02-14 01:18:15'),(1662,'Tentulia','তেতুলিয়া',184,1,1,0,'2021-02-14 01:18:15','2021-02-14 01:18:15'),(1663,'Tala','তালা',184,1,1,0,'2021-02-14 01:18:15','2021-02-14 01:18:15'),(1664,'Jalalpur','জালালপুর',184,1,1,0,'2021-02-14 01:18:15','2021-02-14 01:18:15'),(1665,'Khesra','খেশরা',184,1,1,0,'2021-02-14 01:18:15','2021-02-14 01:18:15'),(1666,'Khalishkhali','খলিশখালী',184,1,1,0,'2021-02-14 01:18:15','2021-02-14 01:18:15'),(1667,'Khalilnagar','খলিলনগর',184,1,1,0,'2021-02-14 01:18:15','2021-02-14 01:18:15'),(1668,'Kumira','কুমিরা',184,1,1,0,'2021-02-14 01:18:15','2021-02-14 01:18:15'),(1669,'Islamkati','ইসলামকাটি',184,1,1,0,'2021-02-14 01:18:15','2021-02-14 01:18:15'),(1670,'Kushlia','কুশুলিয়া',185,1,1,0,'2021-02-14 01:18:15','2021-02-14 01:18:15'),(1671,'Champaphul','চাম্পাফুল',185,1,1,0,'2021-02-14 01:18:15','2021-02-14 01:18:15'),(1672,'Tarali','তারালী',185,1,1,0,'2021-02-14 01:18:15','2021-02-14 01:18:15'),(1673,'Dakshin Sreepur','দক্ষিণ শ্রীপুর',185,1,1,0,'2021-02-14 01:18:16','2021-02-14 01:18:16'),(1674,'Dhalbaria','ধলবাড়িয়া',185,1,1,0,'2021-02-14 01:18:16','2021-02-14 01:18:16'),(1675,'Nalta','নলতা',185,1,1,0,'2021-02-14 01:18:16','2021-02-14 01:18:16'),(1676,'Bishnupur','বিষ্ণুপুর',185,1,1,0,'2021-02-14 01:18:16','2021-02-14 01:18:16'),(1677,'Bharasimla','ভাড়াশিমলা',185,1,1,0,'2021-02-14 01:18:16','2021-02-14 01:18:16'),(1678,'Mathureshpur','মথুরেশপুর',185,1,1,0,'2021-02-14 01:18:16','2021-02-14 01:18:16'),(1679,'Ratanpur','রতনপুর',185,1,1,0,'2021-02-14 01:18:16','2021-02-14 01:18:16'),(1680,'Mautala','মৌতলা',185,1,1,0,'2021-02-14 01:18:16','2021-02-14 01:18:16'),(1681,'Krishnanagar','কৃষ্ণনগর',185,1,1,0,'2021-02-14 01:18:16','2021-02-14 01:18:16'),(1682,'Dariapur','দারিয়াপুর',186,1,1,0,'2021-02-14 01:18:16','2021-02-14 01:18:16'),(1683,'Monakhali','মোনাখালী',186,1,1,0,'2021-02-14 01:18:16','2021-02-14 01:18:16'),(1684,'Bagowan','বাগোয়ান',186,1,1,0,'2021-02-14 01:18:16','2021-02-14 01:18:16'),(1685,'Mohajanpur','মহাজনপুর',186,1,1,0,'2021-02-14 01:18:16','2021-02-14 01:18:16'),(1686,'Amjhupi','আমঝুপি',187,1,1,0,'2021-02-14 01:18:16','2021-02-14 01:18:16'),(1687,'Pirojpur','পিরোজপুর',187,1,1,0,'2021-02-14 01:18:16','2021-02-14 01:18:16'),(1688,'Kutubpur','কতুবপুর',187,1,1,0,'2021-02-14 01:18:17','2021-02-14 01:18:17'),(1689,'Amdah','আমদহ',187,1,1,0,'2021-02-14 01:18:17','2021-02-14 01:18:17'),(1690,'Buripota','বুড়িপোতা',187,1,1,0,'2021-02-14 01:18:17','2021-02-14 01:18:17'),(1691,'Tentulbaria','তেঁতুলবাড়ীয়া',188,1,1,0,'2021-02-14 01:18:17','2021-02-14 01:18:17'),(1692,'Kazipur','কাজিপুর',188,1,1,0,'2021-02-14 01:18:17','2021-02-14 01:18:17'),(1693,'Bamondi','বামন্দী',188,1,1,0,'2021-02-14 01:18:17','2021-02-14 01:18:17'),(1694,'Motmura','মটমুড়া',188,1,1,0,'2021-02-14 01:18:17','2021-02-14 01:18:17'),(1695,'Sholotaka','ষোলটাকা',188,1,1,0,'2021-02-14 01:18:17','2021-02-14 01:18:17'),(1696,'Shaharbati','সাহারবাটী',188,1,1,0,'2021-02-14 01:18:17','2021-02-14 01:18:17'),(1697,'Dhankolla','ধানখোলা',188,1,1,0,'2021-02-14 01:18:17','2021-02-14 01:18:17'),(1698,'Raipur','রায়পুর',188,1,1,0,'2021-02-14 01:18:17','2021-02-14 01:18:17'),(1699,'Kathuli','কাথুলী',188,1,1,0,'2021-02-14 01:18:17','2021-02-14 01:18:17'),(1700,'Sheikhati','সেখহাটী',189,1,1,0,'2021-02-14 01:18:17','2021-02-14 01:18:17'),(1701,'Tularampur','তুলারামপুর',189,1,1,0,'2021-02-14 01:18:17','2021-02-14 01:18:17'),(1702,'Kalora','কলোড়া',189,1,1,0,'2021-02-14 01:18:17','2021-02-14 01:18:17'),(1703,'Shahabad','শাহাবাদ',189,1,1,0,'2021-02-14 01:18:17','2021-02-14 01:18:17'),(1704,'Bashgram','বাশগ্রাম',189,1,1,0,'2021-02-14 01:18:17','2021-02-14 01:18:17'),(1705,'Habokhali','হবখালী',189,1,1,0,'2021-02-14 01:18:18','2021-02-14 01:18:18'),(1706,'Maijpara','মাইজপাড়া',189,1,1,0,'2021-02-14 01:18:18','2021-02-14 01:18:18'),(1707,'Bisali','বিছালী',189,1,1,0,'2021-02-14 01:18:18','2021-02-14 01:18:18'),(1708,'Chandiborpur','চন্ডিবরপুর',189,1,1,0,'2021-02-14 01:18:18','2021-02-14 01:18:18'),(1709,'Bhadrabila','ভদ্রবিলা',189,1,1,0,'2021-02-14 01:18:18','2021-02-14 01:18:18'),(1710,'Auria','আউড়িয়া',189,1,1,0,'2021-02-14 01:18:18','2021-02-14 01:18:18'),(1711,'Singasholpur','সিঙ্গাশোলপুর',189,1,1,0,'2021-02-14 01:18:18','2021-02-14 01:18:18'),(1712,'Mulia','মুলিয়া',189,1,1,0,'2021-02-14 01:18:18','2021-02-14 01:18:18'),(1713,'Lohagora','লোহাগড়া',190,1,1,0,'2021-02-14 01:18:18','2021-02-14 01:18:18'),(1714,'Kashipur','কাশিপুর',190,1,1,0,'2021-02-14 01:18:19','2021-02-14 01:18:19'),(1715,'Naldi','নলদী',190,1,1,0,'2021-02-14 01:18:19','2021-02-14 01:18:19'),(1716,'Noagram','নোয়াগ্রাম',190,1,1,0,'2021-02-14 01:18:19','2021-02-14 01:18:19'),(1717,'Lahuria','লাহুড়িয়া',190,1,1,0,'2021-02-14 01:18:19','2021-02-14 01:18:19'),(1718,'Mallikpur','মল্লিকপুর',190,1,1,0,'2021-02-14 01:18:19','2021-02-14 01:18:19'),(1719,'Salnagar','শালনগর',190,1,1,0,'2021-02-14 01:18:19','2021-02-14 01:18:19'),(1720,'Lakshmipasha','লক্ষীপাশা',190,1,1,0,'2021-02-14 01:18:19','2021-02-14 01:18:19'),(1721,'Joypur','জয়পুর',190,1,1,0,'2021-02-14 01:18:19','2021-02-14 01:18:19'),(1722,'Kotakol','কোটাকোল',190,1,1,0,'2021-02-14 01:18:19','2021-02-14 01:18:19'),(1723,'Digholia','দিঘলিয়া',190,1,1,0,'2021-02-14 01:18:19','2021-02-14 01:18:19'),(1724,'Itna','ইতনা',190,1,1,0,'2021-02-14 01:18:19','2021-02-14 01:18:19'),(1725,'Jaynagor','জয়নগর',191,1,1,0,'2021-02-14 01:18:19','2021-02-14 01:18:19'),(1726,'Pahordanga','পহরডাঙ্গা',191,1,1,0,'2021-02-14 01:18:19','2021-02-14 01:18:19'),(1727,'Babrahasla','বাবরা-হাচলা',191,1,1,0,'2021-02-14 01:18:19','2021-02-14 01:18:19'),(1728,'Salamabad','সালামাবাদ',191,1,1,0,'2021-02-14 01:18:19','2021-02-14 01:18:19'),(1729,'Baioshona','বাঐসোনা',191,1,1,0,'2021-02-14 01:18:19','2021-02-14 01:18:19'),(1730,'Chacuri','চাচুড়ী',191,1,1,0,'2021-02-14 01:18:19','2021-02-14 01:18:19'),(1731,'Hamidpur','হামিদপুর',191,1,1,0,'2021-02-14 01:18:19','2021-02-14 01:18:19'),(1732,'Peroli','পেড়লী',191,1,1,0,'2021-02-14 01:18:19','2021-02-14 01:18:19'),(1733,'Khashial','খাসিয়াল',191,1,1,0,'2021-02-14 01:18:19','2021-02-14 01:18:19'),(1734,'Purulia','পুরুলিয়া',191,1,1,0,'2021-02-14 01:18:19','2021-02-14 01:18:19'),(1735,'Kalabaria','কলাবাড়ীয়া',191,1,1,0,'2021-02-14 01:18:20','2021-02-14 01:18:20'),(1736,'Mauli','মাউলী',191,1,1,0,'2021-02-14 01:18:20','2021-02-14 01:18:20'),(1737,'Boronaleliasabad','বড়নাল-ইলিয়াছাবাদ',191,1,1,0,'2021-02-14 01:18:20','2021-02-14 01:18:20'),(1738,'Panchgram','পাঁচগ্রাম',191,1,1,0,'2021-02-14 01:18:20','2021-02-14 01:18:20'),(1739,'Alukdia','আলুকদিয়া',192,1,1,0,'2021-02-14 01:18:20','2021-02-14 01:18:20'),(1740,'Mominpur','মোমিনপুর',192,1,1,0,'2021-02-14 01:18:20','2021-02-14 01:18:20'),(1741,'Titudah','তিতুদাহ',192,1,1,0,'2021-02-14 01:18:20','2021-02-14 01:18:20'),(1742,'Shankarchandra','শংকরচন্দ্র',192,1,1,0,'2021-02-14 01:18:20','2021-02-14 01:18:20'),(1743,'Begumpur','বেগমপুর',192,1,1,0,'2021-02-14 01:18:20','2021-02-14 01:18:20'),(1744,'Kutubpur','কুতুবপুর',192,1,1,0,'2021-02-14 01:18:20','2021-02-14 01:18:20'),(1745,'Padmabila','পদ্মবিলা',192,1,1,0,'2021-02-14 01:18:20','2021-02-14 01:18:20'),(1746,'Bhangbaria','ভাংবাড়ীয়া',193,1,1,0,'2021-02-14 01:18:20','2021-02-14 01:18:20'),(1747,'Baradi','বাড়াদী',193,1,1,0,'2021-02-14 01:18:20','2021-02-14 01:18:20'),(1748,'Gangni','গাংনী',193,1,1,0,'2021-02-14 01:18:20','2021-02-14 01:18:20'),(1749,'Khadimpur','খাদিমপুর',193,1,1,0,'2021-02-14 01:18:20','2021-02-14 01:18:20'),(1750,'Jehala','জেহালা',193,1,1,0,'2021-02-14 01:18:20','2021-02-14 01:18:20'),(1751,'Belgachi','বেলগাছি',193,1,1,0,'2021-02-14 01:18:20','2021-02-14 01:18:20'),(1752,'Dauki','ডাউকী',193,1,1,0,'2021-02-14 01:18:20','2021-02-14 01:18:20'),(1753,'Jamjami','জামজামি',193,1,1,0,'2021-02-14 01:18:20','2021-02-14 01:18:20'),(1754,'Nagdah','নাগদাহ',193,1,1,0,'2021-02-14 01:18:20','2021-02-14 01:18:20'),(1755,'Kashkorara','খাসকররা',193,1,1,0,'2021-02-14 01:18:20','2021-02-14 01:18:20'),(1756,'Chitla','চিৎলা',193,1,1,0,'2021-02-14 01:18:20','2021-02-14 01:18:20'),(1757,'Kalidashpur','কালিদাসপুর',193,1,1,0,'2021-02-14 01:18:20','2021-02-14 01:18:20'),(1758,'Kumari','কুমারী',193,1,1,0,'2021-02-14 01:18:21','2021-02-14 01:18:21'),(1759,'Hardi','হারদী',193,1,1,0,'2021-02-14 01:18:21','2021-02-14 01:18:21'),(1760,'Ailhash','আইলহাঁস',193,1,1,0,'2021-02-14 01:18:21','2021-02-14 01:18:21'),(1761,'Damurhuda','দামুড়হুদা',194,1,1,0,'2021-02-14 01:18:21','2021-02-14 01:18:21'),(1762,'Karpashdanga','কার্পাসডাঙ্গা',194,1,1,0,'2021-02-14 01:18:21','2021-02-14 01:18:21'),(1763,'Natipota','নতিপোতা',194,1,1,0,'2021-02-14 01:18:21','2021-02-14 01:18:21'),(1764,'Hawli','হাওলী',194,1,1,0,'2021-02-14 01:18:21','2021-02-14 01:18:21'),(1765,'Kurulgachhi','কুড়ালগাছী',194,1,1,0,'2021-02-14 01:18:21','2021-02-14 01:18:21'),(1766,'Perkrishnopur Madna','পারকৃষ্ণপুর মদনা',194,1,1,0,'2021-02-14 01:18:21','2021-02-14 01:18:21'),(1767,'Juranpur','জুড়ানপুর',194,1,1,0,'2021-02-14 01:18:21','2021-02-14 01:18:21'),(1768,'Uthali','উথলী',195,1,1,0,'2021-02-14 01:18:21','2021-02-14 01:18:21'),(1769,'Andulbaria','আন্দুলবাড়ীয়া',195,1,1,0,'2021-02-14 01:18:21','2021-02-14 01:18:21'),(1770,'Banka','বাঁকা',195,1,1,0,'2021-02-14 01:18:21','2021-02-14 01:18:21'),(1771,'Shimanto','সীমান্ত',195,1,1,0,'2021-02-14 01:18:21','2021-02-14 01:18:21'),(1772,'Raypur','রায়পুর',195,1,1,0,'2021-02-14 01:18:21','2021-02-14 01:18:21'),(1773,'Hasadah','হাসাদাহ',195,1,1,0,'2021-02-14 01:18:22','2021-02-14 01:18:22'),(1774,'Hatash Haripur','হাটশ হরিপুর',196,1,1,0,'2021-02-14 01:18:22','2021-02-14 01:18:22'),(1775,'Barkhada','বারখাদা',196,1,1,0,'2021-02-14 01:18:22','2021-02-14 01:18:22'),(1776,'Mazampur','মজমপুর',196,1,1,0,'2021-02-14 01:18:22','2021-02-14 01:18:22'),(1777,'Bottail','বটতৈল',196,1,1,0,'2021-02-14 01:18:22','2021-02-14 01:18:22'),(1778,'Alampur','আলামপুর',196,1,1,0,'2021-02-14 01:18:22','2021-02-14 01:18:22'),(1779,'Ziaraakhi','জিয়ারাখী',196,1,1,0,'2021-02-14 01:18:22','2021-02-14 01:18:22'),(1780,'Ailchara','আইলচারা',196,1,1,0,'2021-02-14 01:18:22','2021-02-14 01:18:22'),(1781,'Patikabari','পাটিকাবাড়ী',196,1,1,0,'2021-02-14 01:18:22','2021-02-14 01:18:22'),(1782,'Jhaudia','ঝাউদিয়া',196,1,1,0,'2021-02-14 01:18:22','2021-02-14 01:18:22'),(1783,'Ujangram','উজানগ্রাম',196,1,1,0,'2021-02-14 01:18:22','2021-02-14 01:18:22'),(1784,'Abdulpur','আব্দালপুর',196,1,1,0,'2021-02-14 01:18:22','2021-02-14 01:18:22'),(1785,'Harinarayanpur','হরিনারায়নপুর',196,1,1,0,'2021-02-14 01:18:22','2021-02-14 01:18:22'),(1786,'Monohardia','মনোহরদিয়া',196,1,1,0,'2021-02-14 01:18:22','2021-02-14 01:18:22'),(1787,'Goswami Durgapur','গোস্বামী দুর্গাপুর',196,1,1,0,'2021-02-14 01:18:22','2021-02-14 01:18:22'),(1788,'Kaya','কয়া',197,1,1,0,'2021-02-14 01:18:22','2021-02-14 01:18:22'),(1789,'Jagonnathpur','জগন্নাথপুর',197,1,1,0,'2021-02-14 01:18:22','2021-02-14 01:18:22'),(1790,'Sadki','সদকী',197,1,1,0,'2021-02-14 01:18:22','2021-02-14 01:18:22'),(1791,'Shelaidah','শিলাইদহ',197,1,1,0,'2021-02-14 01:18:23','2021-02-14 01:18:23'),(1792,'Nandolalpur','নন্দলালপুর',197,1,1,0,'2021-02-14 01:18:23','2021-02-14 01:18:23'),(1793,'Chapra','চাপড়া',197,1,1,0,'2021-02-14 01:18:23','2021-02-14 01:18:23'),(1794,'Bagulat','বাগুলাট',197,1,1,0,'2021-02-14 01:18:23','2021-02-14 01:18:23'),(1795,'Jaduboyra','যদুবয়রা',197,1,1,0,'2021-02-14 01:18:23','2021-02-14 01:18:23'),(1796,'Chadpur','চাঁদপুর',197,1,1,0,'2021-02-14 01:18:23','2021-02-14 01:18:23'),(1797,'Panti','পান্টি',197,1,1,0,'2021-02-14 01:18:23','2021-02-14 01:18:23'),(1798,'Charsadipur','চরসাদীপুর',197,1,1,0,'2021-02-14 01:18:23','2021-02-14 01:18:23'),(1799,'Khoksa','খোকসা',198,1,1,0,'2021-02-14 01:18:23','2021-02-14 01:18:23'),(1800,'Osmanpur','ওসমানপুর',198,1,1,0,'2021-02-14 01:18:23','2021-02-14 01:18:23'),(1801,'Janipur','জানিপুর',198,1,1,0,'2021-02-14 01:18:23','2021-02-14 01:18:23'),(1802,'Shimulia','শিমুলিয়া',198,1,1,0,'2021-02-14 01:18:23','2021-02-14 01:18:23'),(1803,'Joyntihazra','জয়ন্তীহাজরা',198,1,1,0,'2021-02-14 01:18:23','2021-02-14 01:18:23'),(1804,'Ambaria','আমবাড়ীয়া',198,1,1,0,'2021-02-14 01:18:23','2021-02-14 01:18:23'),(1805,'Bethbaria','বেতবাড়ীয়া',198,1,1,0,'2021-02-14 01:18:23','2021-02-14 01:18:23'),(1806,'Shomospur','শোমসপুর',198,1,1,0,'2021-02-14 01:18:23','2021-02-14 01:18:23'),(1807,'Gopgram','গোপগ্রাম',198,1,1,0,'2021-02-14 01:18:23','2021-02-14 01:18:23'),(1808,'Chithalia','চিথলিয়া',199,1,1,0,'2021-02-14 01:18:23','2021-02-14 01:18:23'),(1809,'Bahalbaria','বহলবাড়ীয়া',199,1,1,0,'2021-02-14 01:18:23','2021-02-14 01:18:23'),(1810,'Talbaria','তালবাড়ীয়া',199,1,1,0,'2021-02-14 01:18:23','2021-02-14 01:18:23'),(1811,'Baruipara','বারুইপাড়া',199,1,1,0,'2021-02-14 01:18:23','2021-02-14 01:18:23'),(1812,'Fulbaria','ফুলবাড়ীয়া',199,1,1,0,'2021-02-14 01:18:23','2021-02-14 01:18:23'),(1813,'Amla','আমলা',199,1,1,0,'2021-02-14 01:18:23','2021-02-14 01:18:23'),(1814,'Sadarpur','সদরপুর',199,1,1,0,'2021-02-14 01:18:23','2021-02-14 01:18:23'),(1815,'Chhatian','ছাতিয়ান',199,1,1,0,'2021-02-14 01:18:23','2021-02-14 01:18:23'),(1816,'Poradaha','পোড়াদহ',199,1,1,0,'2021-02-14 01:18:24','2021-02-14 01:18:24'),(1817,'Kursha','কুর্শা',199,1,1,0,'2021-02-14 01:18:24','2021-02-14 01:18:24'),(1818,'Ambaria','আমবাড়ীয়া',199,1,1,0,'2021-02-14 01:18:24','2021-02-14 01:18:24'),(1819,'Dhubail','ধূবইল',199,1,1,0,'2021-02-14 01:18:24','2021-02-14 01:18:24'),(1820,'Malihad','মালিহাদ',199,1,1,0,'2021-02-14 01:18:24','2021-02-14 01:18:24'),(1821,'Daulatpur','দৌলতপুর',200,1,1,0,'2021-02-14 01:18:24','2021-02-14 01:18:24'),(1822,'Adabaria','ড়ীয়া',200,1,1,0,'2021-02-14 01:18:24','2021-02-14 01:18:24'),(1823,'Hogolbaria','হোগলবাড়ীয়া',200,1,1,0,'2021-02-14 01:18:24','2021-02-14 01:18:24'),(1824,'Boalia','বোয়ালি',200,1,1,0,'2021-02-14 01:18:24','2021-02-14 01:18:24'),(1825,'Philipnagor','ফিলিপনগর',200,1,1,0,'2021-02-14 01:18:24','2021-02-14 01:18:24'),(1826,'Aria','আড়িয়া',200,1,1,0,'2021-02-14 01:18:24','2021-02-14 01:18:24'),(1827,'Khalishakundi','খলিশাকুন্ডি',200,1,1,0,'2021-02-14 01:18:24','2021-02-14 01:18:24'),(1828,'Chilmary','চিলমারী',200,1,1,0,'2021-02-14 01:18:24','2021-02-14 01:18:24'),(1829,'Mothurapur','মথুরাপুর',200,1,1,0,'2021-02-14 01:18:24','2021-02-14 01:18:24'),(1830,'Pragpur','প্রাগপুর',200,1,1,0,'2021-02-14 01:18:24','2021-02-14 01:18:24'),(1831,'Piarpur','পিয়ারপুর',200,1,1,0,'2021-02-14 01:18:24','2021-02-14 01:18:24'),(1832,'Moricha','মরিচা',200,1,1,0,'2021-02-14 01:18:24','2021-02-14 01:18:24'),(1833,'Refaitpur','রিফাইতপুর',200,1,1,0,'2021-02-14 01:18:24','2021-02-14 01:18:24'),(1834,'Ramkrishnopur','রামকৃষ্ণপুর',200,1,1,0,'2021-02-14 01:18:24','2021-02-14 01:18:24'),(1835,'Dharampur','ধরমপুর',201,1,1,0,'2021-02-14 01:18:24','2021-02-14 01:18:24'),(1836,'Bahirchar','বাহিরচর',201,1,1,0,'2021-02-14 01:18:24','2021-02-14 01:18:24'),(1837,'Mukarimpur','মোকারিমপুর',201,1,1,0,'2021-02-14 01:18:24','2021-02-14 01:18:24'),(1838,'Juniadah','জুনিয়াদহ',201,1,1,0,'2021-02-14 01:18:24','2021-02-14 01:18:24'),(1839,'Chandgram','চাঁদগ্রাম',201,1,1,0,'2021-02-14 01:18:25','2021-02-14 01:18:25'),(1840,'Bahadurpur','বাহাদুরপুর',201,1,1,0,'2021-02-14 01:18:25','2021-02-14 01:18:25'),(1841,'Dhaneshwargati','ধনেশ্বরগাতী',202,1,1,0,'2021-02-14 01:18:25','2021-02-14 01:18:25'),(1842,'Talkhari','তালখড়ি',202,1,1,0,'2021-02-14 01:18:25','2021-02-14 01:18:25'),(1843,'Arpara','আড়পাড়া',202,1,1,0,'2021-02-14 01:18:25','2021-02-14 01:18:25'),(1844,'Shatakhali','শতখালী',202,1,1,0,'2021-02-14 01:18:25','2021-02-14 01:18:25'),(1845,'Shalikha','শালিখা',202,1,1,0,'2021-02-14 01:18:25','2021-02-14 01:18:25'),(1846,'Bunagati','বুনাগাতী',202,1,1,0,'2021-02-14 01:18:25','2021-02-14 01:18:25'),(1847,'Gongarampur','গঙ্গারামপুর',202,1,1,0,'2021-02-14 01:18:25','2021-02-14 01:18:25'),(1848,'Goyespur','গয়েশপুর',203,1,1,0,'2021-02-14 01:18:25','2021-02-14 01:18:25'),(1849,'Sreekol','শ্রীকোল',203,1,1,0,'2021-02-14 01:18:25','2021-02-14 01:18:25'),(1850,'Dariapur','দ্বারিয়াপুর',203,1,1,0,'2021-02-14 01:18:25','2021-02-14 01:18:25'),(1851,'Kadirpara','কাদিরপাড়া',203,1,1,0,'2021-02-14 01:18:25','2021-02-14 01:18:25'),(1852,'Shobdalpur','সব্দালপুর',203,1,1,0,'2021-02-14 01:18:25','2021-02-14 01:18:25'),(1853,'Sreepur','শ্রীপুর',203,1,1,0,'2021-02-14 01:18:25','2021-02-14 01:18:25'),(1854,'Nakol','নাকোল',203,1,1,0,'2021-02-14 01:18:25','2021-02-14 01:18:25'),(1855,'Amalshar','আমলসার',203,1,1,0,'2021-02-14 01:18:25','2021-02-14 01:18:25'),(1856,'Hazipur','হাজীপুর',204,1,1,0,'2021-02-14 01:18:25','2021-02-14 01:18:25'),(1857,'Atharokhada','আঠারখাদা',204,1,1,0,'2021-02-14 01:18:25','2021-02-14 01:18:25'),(1858,'Kosundi','কছুন্দী',204,1,1,0,'2021-02-14 01:18:25','2021-02-14 01:18:25'),(1859,'Bogia','বগিয়া',204,1,1,0,'2021-02-14 01:18:25','2021-02-14 01:18:25'),(1860,'Hazrapur','হাজরাপুর',204,1,1,0,'2021-02-14 01:18:25','2021-02-14 01:18:25'),(1861,'Raghobdair','রাঘবদাইড়',204,1,1,0,'2021-02-14 01:18:25','2021-02-14 01:18:25'),(1862,'Jagdal','জগদল',204,1,1,0,'2021-02-14 01:18:25','2021-02-14 01:18:25'),(1863,'Chawlia','চাউলিয়া',204,1,1,0,'2021-02-14 01:18:25','2021-02-14 01:18:25'),(1864,'Satrijitpur','শত্রুজিৎপুর',204,1,1,0,'2021-02-14 01:18:25','2021-02-14 01:18:25'),(1865,'Baroilpolita','বেরইল পলিতা',204,1,1,0,'2021-02-14 01:18:26','2021-02-14 01:18:26'),(1866,'Kuchiamora','কুচিয়ামো',204,1,1,0,'2021-02-14 01:18:26','2021-02-14 01:18:26'),(1867,'Gopalgram','গোপালগ্রাম',204,1,1,0,'2021-02-14 01:18:26','2021-02-14 01:18:26'),(1868,'Moghi','মঘী',204,1,1,0,'2021-02-14 01:18:26','2021-02-14 01:18:26'),(1869,'Digha','দীঘা',205,1,1,0,'2021-02-14 01:18:26','2021-02-14 01:18:26'),(1870,'Nohata','নহাটা',205,1,1,0,'2021-02-14 01:18:26','2021-02-14 01:18:26'),(1871,'Palashbaria','পলাশবাড়ীয়া',205,1,1,0,'2021-02-14 01:18:26','2021-02-14 01:18:26'),(1872,'Babukhali','বাবুখালী',205,1,1,0,'2021-02-14 01:18:26','2021-02-14 01:18:26'),(1873,'Balidia','বালিদিয়া',205,1,1,0,'2021-02-14 01:18:26','2021-02-14 01:18:26'),(1874,'Binodpur','বিনোদপুর',205,1,1,0,'2021-02-14 01:18:26','2021-02-14 01:18:26'),(1875,'Mohammadpur','মহম্মদপুর',205,1,1,0,'2021-02-14 01:18:26','2021-02-14 01:18:26'),(1876,'Rajapur','রাজাপুর',205,1,1,0,'2021-02-14 01:18:26','2021-02-14 01:18:26'),(1877,'Horidhali','হরিঢালী',206,1,1,0,'2021-02-14 01:18:26','2021-02-14 01:18:26'),(1878,'Goroikhali','গড়ইখালী',206,1,1,0,'2021-02-14 01:18:26','2021-02-14 01:18:26'),(1879,'Kopilmuni','কপিলমুনি',206,1,1,0,'2021-02-14 01:18:26','2021-02-14 01:18:26'),(1880,'Lota','লতা',206,1,1,0,'2021-02-14 01:18:26','2021-02-14 01:18:26'),(1881,'Deluti','দেলুটি',206,1,1,0,'2021-02-14 01:18:26','2021-02-14 01:18:26'),(1882,'Loskor','লস্কর',206,1,1,0,'2021-02-14 01:18:26','2021-02-14 01:18:26'),(1883,'Godaipur','গদাইপুর',206,1,1,0,'2021-02-14 01:18:26','2021-02-14 01:18:26'),(1884,'Raruli','রাড়ুলী',206,1,1,0,'2021-02-14 01:18:26','2021-02-14 01:18:26'),(1885,'Chandkhali','চাঁদখালী',206,1,1,0,'2021-02-14 01:18:26','2021-02-14 01:18:26'),(1886,'Soladana','সোলাদানা',206,1,1,0,'2021-02-14 01:18:26','2021-02-14 01:18:26'),(1887,'Fultola','ফুলতলা',207,1,1,0,'2021-02-14 01:18:26','2021-02-14 01:18:26'),(1888,'Damodar','দামোদর',207,1,1,0,'2021-02-14 01:18:26','2021-02-14 01:18:26'),(1889,'Atra Gilatola','আটরা গিলাতলা',207,1,1,0,'2021-02-14 01:18:26','2021-02-14 01:18:26'),(1890,'Jamira','জামিরা',207,1,1,0,'2021-02-14 01:18:27','2021-02-14 01:18:27'),(1891,'Senhati','সেনহাটি',208,1,1,0,'2021-02-14 01:18:27','2021-02-14 01:18:27'),(1892,'Gajirhat','গাজীরহাট',208,1,1,0,'2021-02-14 01:18:27','2021-02-14 01:18:27'),(1893,'Barakpur','বারাকপুর',208,1,1,0,'2021-02-14 01:18:27','2021-02-14 01:18:27'),(1894,'Aronghata','আড়ংঘাটা',208,1,1,0,'2021-02-14 01:18:27','2021-02-14 01:18:27'),(1895,'Jogipol','যোগীপোল',208,1,1,0,'2021-02-14 01:18:27','2021-02-14 01:18:27'),(1896,'Digholia','দিঘলিয়া',208,1,1,0,'2021-02-14 01:18:27','2021-02-14 01:18:27'),(1897,'Aichgati','আইচগাতী',209,1,1,0,'2021-02-14 01:18:27','2021-02-14 01:18:27'),(1898,'Srifoltola','শ্রীফলতলা',209,1,1,0,'2021-02-14 01:18:27','2021-02-14 01:18:27'),(1899,'Noihati','নৈহাটি',209,1,1,0,'2021-02-14 01:18:27','2021-02-14 01:18:27'),(1900,'Tsb','টিএসবি',209,1,1,0,'2021-02-14 01:18:27','2021-02-14 01:18:27'),(1901,'Ghatvog','ঘাটভোগ',209,1,1,0,'2021-02-14 01:18:27','2021-02-14 01:18:27'),(1902,'Terokhada','তেরখাদা',210,1,1,0,'2021-02-14 01:18:27','2021-02-14 01:18:27'),(1903,'Chagladoho','ছাগলাদহ',210,1,1,0,'2021-02-14 01:18:27','2021-02-14 01:18:27'),(1904,'Barasat','বারাসাত',210,1,1,0,'2021-02-14 01:18:27','2021-02-14 01:18:27'),(1905,'Sochiadaho','সাচিয়াদাহ',210,1,1,0,'2021-02-14 01:18:27','2021-02-14 01:18:27'),(1906,'Modhupur','মধুপুর',210,1,1,0,'2021-02-14 01:18:27','2021-02-14 01:18:27'),(1907,'Ajgora','আজগড়া',210,1,1,0,'2021-02-14 01:18:27','2021-02-14 01:18:27'),(1908,'Dumuria','ডুমুরিয়া',211,1,1,0,'2021-02-14 01:18:27','2021-02-14 01:18:27'),(1909,'Magurghona','মাগুরাঘোনা',211,1,1,0,'2021-02-14 01:18:27','2021-02-14 01:18:27'),(1910,'Vandarpara','ভান্ডারপাড়া',211,1,1,0,'2021-02-14 01:18:27','2021-02-14 01:18:27'),(1911,'Sahos','সাহস',211,1,1,0,'2021-02-14 01:18:27','2021-02-14 01:18:27'),(1912,'Rudaghora','রুদাঘরা',211,1,1,0,'2021-02-14 01:18:27','2021-02-14 01:18:27'),(1913,'Ghutudia','গুটুদিয়া',211,1,1,0,'2021-02-14 01:18:27','2021-02-14 01:18:27'),(1914,'Shovna','শোভনা',211,1,1,0,'2021-02-14 01:18:28','2021-02-14 01:18:28'),(1915,'Khornia','খর্ণিয়া',211,1,1,0,'2021-02-14 01:18:28','2021-02-14 01:18:28'),(1916,'Atlia','আটলিয়া',211,1,1,0,'2021-02-14 01:18:28','2021-02-14 01:18:28'),(1917,'Dhamalia','ধামালিয়া',211,1,1,0,'2021-02-14 01:18:28','2021-02-14 01:18:28'),(1918,'Raghunathpur','রঘুনাথপুর',211,1,1,0,'2021-02-14 01:18:28','2021-02-14 01:18:28'),(1919,'Rongpur','রংপুর',211,1,1,0,'2021-02-14 01:18:28','2021-02-14 01:18:28'),(1920,'Shorafpur','শরাফপুর',211,1,1,0,'2021-02-14 01:18:28','2021-02-14 01:18:28'),(1921,'Magurkhali','মাগুরখালি',211,1,1,0,'2021-02-14 01:18:28','2021-02-14 01:18:28'),(1922,'Botiaghata','বটিয়াঘাটা',212,1,1,0,'2021-02-14 01:18:28','2021-02-14 01:18:28'),(1923,'Amirpur','আমিরপুর',212,1,1,0,'2021-02-14 01:18:28','2021-02-14 01:18:28'),(1924,'Gongarampur','গঙ্গারামপুর',212,1,1,0,'2021-02-14 01:18:28','2021-02-14 01:18:28'),(1925,'Surkhali','সুরখালী',212,1,1,0,'2021-02-14 01:18:28','2021-02-14 01:18:28'),(1926,'Vandarkot','ভান্ডারকোট',212,1,1,0,'2021-02-14 01:18:28','2021-02-14 01:18:28'),(1927,'Baliadanga','বালিয়াডাঙ্গা',212,1,1,0,'2021-02-14 01:18:28','2021-02-14 01:18:28'),(1928,'Jolma','জলমা',212,1,1,0,'2021-02-14 01:18:28','2021-02-14 01:18:28'),(1929,'Dakop','দাকোপ',213,1,1,0,'2021-02-14 01:18:28','2021-02-14 01:18:28'),(1930,'Bajua','বাজুয়া',213,1,1,0,'2021-02-14 01:18:28','2021-02-14 01:18:28'),(1931,'Kamarkhola','কামারখোলা',213,1,1,0,'2021-02-14 01:18:28','2021-02-14 01:18:28'),(1932,'Tildanga','তিলডাঙ্গা',213,1,1,0,'2021-02-14 01:18:28','2021-02-14 01:18:28'),(1933,'Sutarkhali','সুতারখালী',213,1,1,0,'2021-02-14 01:18:28','2021-02-14 01:18:28'),(1934,'Laudoba','লাউডোব',213,1,1,0,'2021-02-14 01:18:28','2021-02-14 01:18:28'),(1935,'Pankhali','পানখালী',213,1,1,0,'2021-02-14 01:18:28','2021-02-14 01:18:28'),(1936,'Banishanta','বানিশান্তা',213,1,1,0,'2021-02-14 01:18:28','2021-02-14 01:18:28'),(1937,'Koilashgonj','কৈলাশগঞ্জ',213,1,1,0,'2021-02-14 01:18:28','2021-02-14 01:18:28'),(1938,'Koyra','কয়রা',214,1,1,0,'2021-02-14 01:18:28','2021-02-14 01:18:28'),(1939,'Moharajpur','মহারাজপুর',214,1,1,0,'2021-02-14 01:18:29','2021-02-14 01:18:29'),(1940,'Moheswaripur','মহেশ্বরীপুর',214,1,1,0,'2021-02-14 01:18:29','2021-02-14 01:18:29'),(1941,'North Bedkashi','উত্তর বেদকাশী',214,1,1,0,'2021-02-14 01:18:29','2021-02-14 01:18:29'),(1942,'South Bedkashi','দক্ষিণ বেদকাশী',214,1,1,0,'2021-02-14 01:18:29','2021-02-14 01:18:29'),(1943,'Amadi','আমাদি',214,1,1,0,'2021-02-14 01:18:29','2021-02-14 01:18:29'),(1944,'Bagali','বাগালী',214,1,1,0,'2021-02-14 01:18:29','2021-02-14 01:18:29'),(1945,'Betaga','বেতাগা',215,1,1,0,'2021-02-14 01:18:29','2021-02-14 01:18:29'),(1946,'Lakhpur','লখপুর',215,1,1,0,'2021-02-14 01:18:29','2021-02-14 01:18:29'),(1947,'Fakirhat','ফকিরহাট',215,1,1,0,'2021-02-14 01:18:29','2021-02-14 01:18:29'),(1948,'Bahirdia-Mansa','বাহিরদিয়া-মানসা',215,1,1,0,'2021-02-14 01:18:29','2021-02-14 01:18:29'),(1949,'Piljanga','পিলজংগ',215,1,1,0,'2021-02-14 01:18:29','2021-02-14 01:18:29'),(1950,'Naldha-Mouvhog','নলধা-মৌভোগ',215,1,1,0,'2021-02-14 01:18:29','2021-02-14 01:18:29'),(1951,'Mulghar','মূলঘর',215,1,1,0,'2021-02-14 01:18:29','2021-02-14 01:18:29'),(1952,'Suvhadia','শুভদিয়া',215,1,1,0,'2021-02-14 01:18:29','2021-02-14 01:18:29'),(1953,'Karapara','কাড়াপাড়া',216,1,1,0,'2021-02-14 01:18:29','2021-02-14 01:18:29'),(1954,'Bamorta','বেমরতা',216,1,1,0,'2021-02-14 01:18:29','2021-02-14 01:18:29'),(1955,'Gotapara','গোটাপাড়া',216,1,1,0,'2021-02-14 01:18:29','2021-02-14 01:18:29'),(1956,'Bishnapur','বিষ্ণুপুর',216,1,1,0,'2021-02-14 01:18:29','2021-02-14 01:18:29'),(1957,'Baruipara','বারুইপাড়া',216,1,1,0,'2021-02-14 01:18:29','2021-02-14 01:18:29'),(1958,'Jatharapur','যাত্রাপুর',216,1,1,0,'2021-02-14 01:18:29','2021-02-14 01:18:29'),(1959,'Shaitgomboj','ষাটগুম্বজ',216,1,1,0,'2021-02-14 01:18:29','2021-02-14 01:18:29'),(1960,'Khanpur','খানপুর',216,1,1,0,'2021-02-14 01:18:29','2021-02-14 01:18:29'),(1961,'Rakhalgachi','রাখালগাছি',216,1,1,0,'2021-02-14 01:18:29','2021-02-14 01:18:29'),(1962,'Dema','ডেমা',216,1,1,0,'2021-02-14 01:18:29','2021-02-14 01:18:29'),(1963,'Udoypur','উদয়পুর',217,1,1,0,'2021-02-14 01:18:30','2021-02-14 01:18:30'),(1964,'Chunkhola','চুনখোলা',217,1,1,0,'2021-02-14 01:18:30','2021-02-14 01:18:30'),(1965,'Gangni','গাংনী',217,1,1,0,'2021-02-14 01:18:30','2021-02-14 01:18:30'),(1966,'Kulia','কুলিয়া',217,1,1,0,'2021-02-14 01:18:30','2021-02-14 01:18:30'),(1967,'Gaola','গাওলা',217,1,1,0,'2021-02-14 01:18:30','2021-02-14 01:18:30'),(1968,'Kodalia','কোদালিয়া',217,1,1,0,'2021-02-14 01:18:30','2021-02-14 01:18:30'),(1969,'Atjuri','আটজুড়ী',217,1,1,0,'2021-02-14 01:18:30','2021-02-14 01:18:30'),(1970,'Dhanshagor','ধানসাগর',218,1,1,0,'2021-02-14 01:18:30','2021-02-14 01:18:30'),(1971,'Khontakata','খোন্তাকাটা',218,1,1,0,'2021-02-14 01:18:30','2021-02-14 01:18:30'),(1972,'Rayenda','রায়েন্দা',218,1,1,0,'2021-02-14 01:18:30','2021-02-14 01:18:30'),(1973,'Southkhali','সাউথখালী',218,1,1,0,'2021-02-14 01:18:30','2021-02-14 01:18:30'),(1974,'Gouramva','গৌরম্ভা',219,1,1,0,'2021-02-14 01:18:30','2021-02-14 01:18:30'),(1975,'Uzzalkur','উজলকুড়',219,1,1,0,'2021-02-14 01:18:30','2021-02-14 01:18:30'),(1976,'Baintala','বাইনতলা',219,1,1,0,'2021-02-14 01:18:30','2021-02-14 01:18:30'),(1977,'Rampal','রামপাল',219,1,1,0,'2021-02-14 01:18:30','2021-02-14 01:18:30'),(1978,'Rajnagar','রাজনগর',219,1,1,0,'2021-02-14 01:18:30','2021-02-14 01:18:30'),(1979,'Hurka','হুড়কা',219,1,1,0,'2021-02-14 01:18:30','2021-02-14 01:18:30'),(1980,'Perikhali','পেড়িখালী',219,1,1,0,'2021-02-14 01:18:30','2021-02-14 01:18:30'),(1981,'Vospatia','ভোজপাতিয়া',219,1,1,0,'2021-02-14 01:18:30','2021-02-14 01:18:30'),(1982,'Mollikerbar','মল্লিকেরবেড়',219,1,1,0,'2021-02-14 01:18:30','2021-02-14 01:18:30'),(1983,'Bastoli','বাঁশতলী',219,1,1,0,'2021-02-14 01:18:30','2021-02-14 01:18:30'),(1984,'Teligati','তেলিগাতী',220,1,1,0,'2021-02-14 01:18:31','2021-02-14 01:18:31'),(1985,'Panchakaran','পঞ্চকরণ',220,1,1,0,'2021-02-14 01:18:31','2021-02-14 01:18:31'),(1986,'Putikhali','পুটিখালী',220,1,1,0,'2021-02-14 01:18:31','2021-02-14 01:18:31'),(1987,'Daibagnyahati','দৈবজ্ঞহাটি',220,1,1,0,'2021-02-14 01:18:31','2021-02-14 01:18:31'),(1988,'Ramchandrapur','রামচন্দ্রপুর',220,1,1,0,'2021-02-14 01:18:31','2021-02-14 01:18:31'),(1989,'Chingrakhali','চিংড়াখালী',220,1,1,0,'2021-02-14 01:18:31','2021-02-14 01:18:31'),(1990,'Jiudhara','জিউধরা',220,1,1,0,'2021-02-14 01:18:31','2021-02-14 01:18:31'),(1991,'Hoglapasha','হোগলাপাশা',220,1,1,0,'2021-02-14 01:18:31','2021-02-14 01:18:31'),(1992,'Banagram','বনগ্রাম',220,1,1,0,'2021-02-14 01:18:31','2021-02-14 01:18:31'),(1993,'Balaibunia','বলইবুনিয়া',220,1,1,0,'2021-02-14 01:18:31','2021-02-14 01:18:31'),(1994,'Hoglabunia','হোগলাবুনিয়া',220,1,1,0,'2021-02-14 01:18:31','2021-02-14 01:18:31'),(1995,'Baharbunia','বহরবুনিয়া',220,1,1,0,'2021-02-14 01:18:31','2021-02-14 01:18:31'),(1996,'Morrelganj','মোড়েলগঞ্জ',220,1,1,0,'2021-02-14 01:18:31','2021-02-14 01:18:31'),(1997,'Khaulia','খাউলিয়া',220,1,1,0,'2021-02-14 01:18:31','2021-02-14 01:18:31'),(1998,'Nishanbaria','নিশানবাড়িয়া',220,1,1,0,'2021-02-14 01:18:31','2021-02-14 01:18:31'),(1999,'Baraikhali','বারইখালী',220,1,1,0,'2021-02-14 01:18:31','2021-02-14 01:18:31'),(2000,'Gojalia','গজালিয়া',221,1,1,0,'2021-02-14 01:18:31','2021-02-14 01:18:31'),(2001,'Dhopakhali','ধোপাখালী',221,1,1,0,'2021-02-14 01:18:31','2021-02-14 01:18:31'),(2002,'Moghia','মঘিয়া',221,1,1,0,'2021-02-14 01:18:31','2021-02-14 01:18:31'),(2003,'Kachua','কচুয়া',221,1,1,0,'2021-02-14 01:18:31','2021-02-14 01:18:31'),(2004,'Gopalpur','গোপালপুর',221,1,1,0,'2021-02-14 01:18:31','2021-02-14 01:18:31'),(2005,'Raripara','রাড়ীপাড়া',221,1,1,0,'2021-02-14 01:18:31','2021-02-14 01:18:31'),(2006,'Badhal','বাধাল',221,1,1,0,'2021-02-14 01:18:31','2021-02-14 01:18:31'),(2007,'Burrirdangga','বুড়িরডাঙ্গা',222,1,1,0,'2021-02-14 01:18:31','2021-02-14 01:18:31'),(2008,'Mithakhali','মিঠাখালী',222,1,1,0,'2021-02-14 01:18:31','2021-02-14 01:18:31'),(2009,'Sonailtala','সোনাইলতলা',222,1,1,0,'2021-02-14 01:18:31','2021-02-14 01:18:31'),(2010,'Chadpai','চাঁদপাই',222,1,1,0,'2021-02-14 01:18:32','2021-02-14 01:18:32'),(2011,'Chila','চিলা',222,1,1,0,'2021-02-14 01:18:32','2021-02-14 01:18:32'),(2012,'Sundarban','সুন্দরবন',222,1,1,0,'2021-02-14 01:18:32','2021-02-14 01:18:32'),(2013,'Barobaria','বড়বাড়িয়া',223,1,1,0,'2021-02-14 01:18:32','2021-02-14 01:18:32'),(2014,'Kalatala','কলাতলা',223,1,1,0,'2021-02-14 01:18:32','2021-02-14 01:18:32'),(2015,'Hizla','হিজলা',223,1,1,0,'2021-02-14 01:18:32','2021-02-14 01:18:32'),(2016,'Shibpur','শিবপুর',223,1,1,0,'2021-02-14 01:18:32','2021-02-14 01:18:32'),(2017,'Chitalmari','চিতলমারী',223,1,1,0,'2021-02-14 01:18:32','2021-02-14 01:18:32'),(2018,'Charbaniri','চরবানিয়ারী',223,1,1,0,'2021-02-14 01:18:32','2021-02-14 01:18:32'),(2019,'Shantoshpur','সন্তোষপুর',223,1,1,0,'2021-02-14 01:18:32','2021-02-14 01:18:32'),(2020,'Sadhuhati','সাধুহাটী',224,1,1,0,'2021-02-14 01:18:32','2021-02-14 01:18:32'),(2021,'Modhuhati','মধুহাটী',224,1,1,0,'2021-02-14 01:18:32','2021-02-14 01:18:32'),(2022,'Saganna','সাগান্না',224,1,1,0,'2021-02-14 01:18:32','2021-02-14 01:18:32'),(2023,'Halidhani','হলিধানী',224,1,1,0,'2021-02-14 01:18:32','2021-02-14 01:18:32'),(2024,'Kumrabaria','কুমড়াবাড়ীয়া',224,1,1,0,'2021-02-14 01:18:32','2021-02-14 01:18:32'),(2025,'Ganna','গান্না',224,1,1,0,'2021-02-14 01:18:32','2021-02-14 01:18:32'),(2026,'Maharazpur','মহারাজপুর',224,1,1,0,'2021-02-14 01:18:32','2021-02-14 01:18:32'),(2027,'Paglakanai','পাগলাকানাই',224,1,1,0,'2021-02-14 01:18:32','2021-02-14 01:18:32'),(2028,'Porahati','পোড়াহাটী',224,1,1,0,'2021-02-14 01:18:32','2021-02-14 01:18:32'),(2029,'Harishongkorpur','হরিশংকরপুর',224,1,1,0,'2021-02-14 01:18:32','2021-02-14 01:18:32'),(2030,'Padmakar','পদ্মাকর',224,1,1,0,'2021-02-14 01:18:32','2021-02-14 01:18:32'),(2031,'Dogachhi','দোগাছি',224,1,1,0,'2021-02-14 01:18:32','2021-02-14 01:18:32'),(2032,'Furshondi','ফুরসন্দি',224,1,1,0,'2021-02-14 01:18:32','2021-02-14 01:18:32'),(2033,'Ghorshal','ঘোড়শাল',224,1,1,0,'2021-02-14 01:18:32','2021-02-14 01:18:32'),(2034,'Kalicharanpur','কালীচরণপুর',224,1,1,0,'2021-02-14 01:18:33','2021-02-14 01:18:33'),(2035,'Surat','সুরাট',224,1,1,0,'2021-02-14 01:18:33','2021-02-14 01:18:33'),(2036,'Naldanga','নলডাঙ্গা',224,1,1,0,'2021-02-14 01:18:33','2021-02-14 01:18:33'),(2037,'Tribeni','ত্রিবেনী',225,1,1,0,'2021-02-14 01:18:33','2021-02-14 01:18:33'),(2038,'Mirzapur','মির্জাপুর',225,1,1,0,'2021-02-14 01:18:33','2021-02-14 01:18:33'),(2039,'Dignagore','দিগনগর',225,1,1,0,'2021-02-14 01:18:33','2021-02-14 01:18:33'),(2040,'Kancherkol','কাঁচেরকোল',225,1,1,0,'2021-02-14 01:18:33','2021-02-14 01:18:33'),(2041,'Sarutia','সারুটিয়া',225,1,1,0,'2021-02-14 01:18:33','2021-02-14 01:18:33'),(2042,'Hakimpur','হাকিমপুর',225,1,1,0,'2021-02-14 01:18:33','2021-02-14 01:18:33'),(2043,'Dhaloharachandra','ধলহরাচন্দ্র',225,1,1,0,'2021-02-14 01:18:33','2021-02-14 01:18:33'),(2044,'Manoharpur','মনোহরপুর',225,1,1,0,'2021-02-14 01:18:33','2021-02-14 01:18:33'),(2045,'Bogura','বগুড়া',225,1,1,0,'2021-02-14 01:18:33','2021-02-14 01:18:33'),(2046,'Abaipur','আবাইপুর',225,1,1,0,'2021-02-14 01:18:33','2021-02-14 01:18:33'),(2047,'Nityanandapur','নিত্যানন্দপুর',225,1,1,0,'2021-02-14 01:18:33','2021-02-14 01:18:33'),(2048,'Umedpur','উমেদপুর',225,1,1,0,'2021-02-14 01:18:33','2021-02-14 01:18:33'),(2049,'Dudshar','দুধসর',225,1,1,0,'2021-02-14 01:18:33','2021-02-14 01:18:33'),(2050,'Fulhari','ফুলহরি',225,1,1,0,'2021-02-14 01:18:33','2021-02-14 01:18:33'),(2051,'Bhayna','ভায়না',226,1,1,0,'2021-02-14 01:18:33','2021-02-14 01:18:33'),(2052,'Joradah','জোড়াদহ',226,1,1,0,'2021-02-14 01:18:33','2021-02-14 01:18:33'),(2053,'Taherhuda','তাহেরহুদা',226,1,1,0,'2021-02-14 01:18:33','2021-02-14 01:18:33'),(2054,'Daulatpur','দৌলতপুর',226,1,1,0,'2021-02-14 01:18:33','2021-02-14 01:18:33'),(2055,'Kapashatia','কাপাশহাটিয়া',226,1,1,0,'2021-02-14 01:18:33','2021-02-14 01:18:33'),(2056,'Falsi','ফলসী',226,1,1,0,'2021-02-14 01:18:33','2021-02-14 01:18:33'),(2057,'Raghunathpur','রঘুনাথপুর',226,1,1,0,'2021-02-14 01:18:33','2021-02-14 01:18:33'),(2058,'Chandpur','চাঁদপুর',226,1,1,0,'2021-02-14 01:18:33','2021-02-14 01:18:33'),(2059,'Sundarpurdurgapur','সুন্দরপুর-দূর্গাপুর',227,1,1,0,'2021-02-14 01:18:34','2021-02-14 01:18:34'),(2060,'Jamal','জামাল',227,1,1,0,'2021-02-14 01:18:34','2021-02-14 01:18:34'),(2061,'Kola','কোলা',227,1,1,0,'2021-02-14 01:18:34','2021-02-14 01:18:34'),(2062,'Niamatpur','নিয়ামতপুর',227,1,1,0,'2021-02-14 01:18:34','2021-02-14 01:18:34'),(2063,'Simla-Rokonpur','শিমলা-রোকনপুর',227,1,1,0,'2021-02-14 01:18:34','2021-02-14 01:18:34'),(2064,'Trilochanpur','ত্রিলোচনপুর',227,1,1,0,'2021-02-14 01:18:34','2021-02-14 01:18:34'),(2065,'Raygram','রায়গ্রাম',227,1,1,0,'2021-02-14 01:18:34','2021-02-14 01:18:34'),(2066,'Maliat','মালিয়াট',227,1,1,0,'2021-02-14 01:18:34','2021-02-14 01:18:34'),(2067,'Barabazar','বারবাজার',227,1,1,0,'2021-02-14 01:18:34','2021-02-14 01:18:34'),(2068,'Kashtabhanga','কাষ্টভাঙ্গা',227,1,1,0,'2021-02-14 01:18:34','2021-02-14 01:18:34'),(2069,'Rakhalgachhi','রাখালগাছি',227,1,1,0,'2021-02-14 01:18:34','2021-02-14 01:18:34'),(2070,'Sabdalpur','সাবদালপুর',228,1,1,0,'2021-02-14 01:18:34','2021-02-14 01:18:34'),(2071,'Dora','দোড়া',228,1,1,0,'2021-02-14 01:18:34','2021-02-14 01:18:34'),(2072,'Kushna','কুশনা',228,1,1,0,'2021-02-14 01:18:34','2021-02-14 01:18:34'),(2073,'Baluhar','বলুহর',228,1,1,0,'2021-02-14 01:18:34','2021-02-14 01:18:34'),(2074,'Elangi','এলাঙ্গী',228,1,1,0,'2021-02-14 01:18:34','2021-02-14 01:18:34'),(2075,'Sbk','এস, বি, কে',229,1,1,0,'2021-02-14 01:18:34','2021-02-14 01:18:34'),(2076,'Fatepur','ফতেপুর',229,1,1,0,'2021-02-14 01:18:34','2021-02-14 01:18:34'),(2077,'Panthapara','পান্থপাড়া',229,1,1,0,'2021-02-14 01:18:34','2021-02-14 01:18:34'),(2078,'Swaruppur','স্বরুপপুর',229,1,1,0,'2021-02-14 01:18:34','2021-02-14 01:18:34'),(2079,'Shyamkur','শ্যামকুড়',229,1,1,0,'2021-02-14 01:18:34','2021-02-14 01:18:34'),(2080,'Nepa','নেপা',229,1,1,0,'2021-02-14 01:18:34','2021-02-14 01:18:34'),(2081,'Kazirber','কাজীরবেড়',229,1,1,0,'2021-02-14 01:18:34','2021-02-14 01:18:34'),(2082,'Banshbaria','বাঁশবাড়ীয়া',229,1,1,0,'2021-02-14 01:18:34','2021-02-14 01:18:34'),(2083,'Jadabpur','যাদবপুর',229,1,1,0,'2021-02-14 01:18:34','2021-02-14 01:18:34'),(2084,'Natima','নাটিমা',229,1,1,0,'2021-02-14 01:18:34','2021-02-14 01:18:34'),(2085,'Manderbaria','মান্দারবাড়ীয়া',229,1,1,0,'2021-02-14 01:18:35','2021-02-14 01:18:35'),(2086,'Azampur','আজমপুর',229,1,1,0,'2021-02-14 01:18:35','2021-02-14 01:18:35'),(2087,'Basanda','বাসন্ডা',230,1,1,0,'2021-02-14 01:18:35','2021-02-14 01:18:35'),(2088,'Binoykati','বিনয়কাঠী',230,1,1,0,'2021-02-14 01:18:35','2021-02-14 01:18:35'),(2089,'Gabharamchandrapur','গাভারামচন্দ্রপুর',230,1,1,0,'2021-02-14 01:18:35','2021-02-14 01:18:35'),(2090,'Keora','কেওড়া',230,1,1,0,'2021-02-14 01:18:35','2021-02-14 01:18:35'),(2091,'Kirtipasha','কীর্তিপাশা',230,1,1,0,'2021-02-14 01:18:35','2021-02-14 01:18:35'),(2092,'Nabagram','নবগ্রাম',230,1,1,0,'2021-02-14 01:18:35','2021-02-14 01:18:35'),(2093,'Nathullabad','নথুলল্লাবাদ',230,1,1,0,'2021-02-14 01:18:35','2021-02-14 01:18:35'),(2094,'Ponabalia','পোনাবালিয়া',230,1,1,0,'2021-02-14 01:18:35','2021-02-14 01:18:35'),(2095,'Sekherhat','শেখেরহাট',230,1,1,0,'2021-02-14 01:18:35','2021-02-14 01:18:35'),(2096,'Gabkhandhansiri','গাবখান ধানসিঁড়ি',230,1,1,0,'2021-02-14 01:18:35','2021-02-14 01:18:35'),(2097,'Amua','আমুয়া',231,1,1,0,'2021-02-14 01:18:35','2021-02-14 01:18:35'),(2098,'Awrabunia','আওরাবুনিয়া',231,1,1,0,'2021-02-14 01:18:35','2021-02-14 01:18:35'),(2099,'Chenchrirampur','চেঁচরীরামপুর',231,1,1,0,'2021-02-14 01:18:35','2021-02-14 01:18:35'),(2100,'Kanthalia','কাঠালিয়া',231,1,1,0,'2021-02-14 01:18:35','2021-02-14 01:18:35'),(2101,'Patikhalghata','পাটিখালঘাটা',231,1,1,0,'2021-02-14 01:18:35','2021-02-14 01:18:35'),(2102,'Shaulajalia','শৌলজালিয়া',231,1,1,0,'2021-02-14 01:18:35','2021-02-14 01:18:35'),(2103,'Subidpur','সুবিদপুর',232,1,1,0,'2021-02-14 01:18:35','2021-02-14 01:18:35'),(2104,'Siddhakati','সিদ্ধকাঠী',232,1,1,0,'2021-02-14 01:18:35','2021-02-14 01:18:35'),(2105,'Ranapasha','রানাপাশা',232,1,1,0,'2021-02-14 01:18:35','2021-02-14 01:18:35'),(2106,'Nachanmohal','নাচনমহল',232,1,1,0,'2021-02-14 01:18:35','2021-02-14 01:18:35'),(2107,'Mollahat','মোল্লারহাট',232,1,1,0,'2021-02-14 01:18:35','2021-02-14 01:18:35'),(2108,'Magar','মগর',232,1,1,0,'2021-02-14 01:18:35','2021-02-14 01:18:35'),(2109,'Kusanghal','কুশঙ্গল',232,1,1,0,'2021-02-14 01:18:35','2021-02-14 01:18:35'),(2110,'Kulkathi','কুলকাঠী',232,1,1,0,'2021-02-14 01:18:35','2021-02-14 01:18:35'),(2111,'Dapdapia','দপদপিয়া',232,1,1,0,'2021-02-14 01:18:36','2021-02-14 01:18:36'),(2112,'Bharabpasha','ভৈরবপাশা',232,1,1,0,'2021-02-14 01:18:36','2021-02-14 01:18:36'),(2113,'Suktagarh','শুক্তাগড়',233,1,1,0,'2021-02-14 01:18:36','2021-02-14 01:18:36'),(2114,'Saturia','সাতুরিয়া',233,1,1,0,'2021-02-14 01:18:36','2021-02-14 01:18:36'),(2115,'Mathbari','মঠবাড়ী',233,1,1,0,'2021-02-14 01:18:36','2021-02-14 01:18:36'),(2116,'Galua','গালুয়া',233,1,1,0,'2021-02-14 01:18:36','2021-02-14 01:18:36'),(2117,'Baraia','বড়ইয়া',233,1,1,0,'2021-02-14 01:18:36','2021-02-14 01:18:36'),(2118,'Rajapur','রাজাপুর',233,1,1,0,'2021-02-14 01:18:36','2021-02-14 01:18:36'),(2119,'Adabaria','আদাবারিয়া',234,1,1,0,'2021-02-14 01:18:36','2021-02-14 01:18:36'),(2120,'Bauphal','বাউফল',234,1,1,0,'2021-02-14 01:18:36','2021-02-14 01:18:36'),(2121,'Daspara','দাস পাড়া',234,1,1,0,'2021-02-14 01:18:36','2021-02-14 01:18:36'),(2122,'Kalaiya','কালাইয়া',234,1,1,0,'2021-02-14 01:18:36','2021-02-14 01:18:36'),(2123,'Nawmala','নওমালা',234,1,1,0,'2021-02-14 01:18:36','2021-02-14 01:18:36'),(2124,'Najirpur','নাজিরপুর',234,1,1,0,'2021-02-14 01:18:36','2021-02-14 01:18:36'),(2125,'Madanpura','মদনপুরা',234,1,1,0,'2021-02-14 01:18:36','2021-02-14 01:18:36'),(2126,'Boga','বগা',234,1,1,0,'2021-02-14 01:18:36','2021-02-14 01:18:36'),(2127,'Kanakdia','কনকদিয়া',234,1,1,0,'2021-02-14 01:18:36','2021-02-14 01:18:36'),(2128,'Shurjamoni','সূর্য্যমনি',234,1,1,0,'2021-02-14 01:18:36','2021-02-14 01:18:36'),(2129,'Keshabpur','কেশবপুর',234,1,1,0,'2021-02-14 01:18:36','2021-02-14 01:18:36'),(2130,'Dhulia','ধুলিয়া',234,1,1,0,'2021-02-14 01:18:36','2021-02-14 01:18:36'),(2131,'Kalisuri','কালিশুরী',234,1,1,0,'2021-02-14 01:18:36','2021-02-14 01:18:36'),(2132,'Kachipara','কাছিপাড়া',234,1,1,0,'2021-02-14 01:18:36','2021-02-14 01:18:36'),(2133,'Laukathi','লাউকাঠী',235,1,1,0,'2021-02-14 01:18:36','2021-02-14 01:18:36'),(2134,'Lohalia','লোহালিয়া',235,1,1,0,'2021-02-14 01:18:36','2021-02-14 01:18:36'),(2135,'Kamalapur','কমলাপুর',235,1,1,0,'2021-02-14 01:18:37','2021-02-14 01:18:37'),(2136,'Jainkathi','জৈনকাঠী',235,1,1,0,'2021-02-14 01:18:37','2021-02-14 01:18:37'),(2137,'Kalikapur','কালিকাপুর',235,1,1,0,'2021-02-14 01:18:37','2021-02-14 01:18:37'),(2138,'Badarpur','বদরপুর',235,1,1,0,'2021-02-14 01:18:37','2021-02-14 01:18:37'),(2139,'Itbaria','ইটবাড়ীয়া',235,1,1,0,'2021-02-14 01:18:37','2021-02-14 01:18:37'),(2140,'Marichbunia','মরিচবুনিয়া',235,1,1,0,'2021-02-14 01:18:37','2021-02-14 01:18:37'),(2141,'Auliapur','আউলিয়াপুর',235,1,1,0,'2021-02-14 01:18:37','2021-02-14 01:18:37'),(2142,'Chotobighai','ছোট বিঘাই',235,1,1,0,'2021-02-14 01:18:37','2021-02-14 01:18:37'),(2143,'Borobighai','বড় বিঘাই',235,1,1,0,'2021-02-14 01:18:37','2021-02-14 01:18:37'),(2144,'Madarbunia','মাদারবুনিয়া',235,1,1,0,'2021-02-14 01:18:37','2021-02-14 01:18:37'),(2145,'Pangasia','পাংগাশিয়া',236,1,1,0,'2021-02-14 01:18:37','2021-02-14 01:18:37'),(2146,'Muradia','মুরাদিয়া',236,1,1,0,'2021-02-14 01:18:37','2021-02-14 01:18:37'),(2147,'Labukhali','লেবুখালী',236,1,1,0,'2021-02-14 01:18:37','2021-02-14 01:18:37'),(2148,'Angaria','আংগারিয়া',236,1,1,0,'2021-02-14 01:18:37','2021-02-14 01:18:37'),(2149,'Sreerampur','শ্রীরামপুর',236,1,1,0,'2021-02-14 01:18:37','2021-02-14 01:18:37'),(2150,'Bashbaria','বাঁশবাড়ীয়া',237,1,1,0,'2021-02-14 01:18:37','2021-02-14 01:18:37'),(2151,'Rangopaldi','রণগোপালদী',237,1,1,0,'2021-02-14 01:18:37','2021-02-14 01:18:37'),(2152,'Alipur','আলীপুর',237,1,1,0,'2021-02-14 01:18:37','2021-02-14 01:18:37'),(2153,'Betagi Shankipur','বেতাগী সানকিপুর',237,1,1,0,'2021-02-14 01:18:37','2021-02-14 01:18:37'),(2154,'Dashmina','দশমিনা',237,1,1,0,'2021-02-14 01:18:37','2021-02-14 01:18:37'),(2155,'Baharampur','বহরমপুর',237,1,1,0,'2021-02-14 01:18:37','2021-02-14 01:18:37'),(2156,'Chakamaia','চাকামইয়া',238,1,1,0,'2021-02-14 01:18:37','2021-02-14 01:18:37'),(2157,'Tiakhali','টিয়াখালী',238,1,1,0,'2021-02-14 01:18:37','2021-02-14 01:18:37'),(2158,'Lalua','লালুয়া',238,1,1,0,'2021-02-14 01:18:38','2021-02-14 01:18:38'),(2159,'Dhankhali','ধানখালী',238,1,1,0,'2021-02-14 01:18:38','2021-02-14 01:18:38'),(2160,'Mithagonj','মিঠাগঞ্জ',238,1,1,0,'2021-02-14 01:18:38','2021-02-14 01:18:38'),(2161,'Nilgonj','নীলগঞ্জ',238,1,1,0,'2021-02-14 01:18:38','2021-02-14 01:18:38'),(2162,'Dulaser','ধুলাসার',238,1,1,0,'2021-02-14 01:18:38','2021-02-14 01:18:38'),(2163,'Latachapli','লতাচাপলী',238,1,1,0,'2021-02-14 01:18:38','2021-02-14 01:18:38'),(2164,'Mahipur','মহিপুর',238,1,1,0,'2021-02-14 01:18:38','2021-02-14 01:18:38'),(2165,'Dalbugonj','ডালবুগঞ্জ',238,1,1,0,'2021-02-14 01:18:38','2021-02-14 01:18:38'),(2166,'Baliatali','বালিয়াতলী',238,1,1,0,'2021-02-14 01:18:38','2021-02-14 01:18:38'),(2167,'Champapur','চম্পাপুর',238,1,1,0,'2021-02-14 01:18:38','2021-02-14 01:18:38'),(2168,'Madhabkhali','মাধবখালী',239,1,1,0,'2021-02-14 01:18:38','2021-02-14 01:18:38'),(2169,'Mirzaganj','মির্জাগঞ্জ',239,1,1,0,'2021-02-14 01:18:38','2021-02-14 01:18:38'),(2170,'Amragachia','আমড়াগাছিয়া',239,1,1,0,'2021-02-14 01:18:38','2021-02-14 01:18:38'),(2171,'Deuli Subidkhali','দেউলী সুবিদখালী',239,1,1,0,'2021-02-14 01:18:38','2021-02-14 01:18:38'),(2172,'Kakrabunia','কাকড়াবুনিয়া',239,1,1,0,'2021-02-14 01:18:38','2021-02-14 01:18:38'),(2173,'Majidbaria','মজিদবাড়িয়া',239,1,1,0,'2021-02-14 01:18:38','2021-02-14 01:18:38'),(2174,'Amkhola','আমখোলা',240,1,1,0,'2021-02-14 01:18:38','2021-02-14 01:18:38'),(2175,'Golkhali','গোলখালী',240,1,1,0,'2021-02-14 01:18:38','2021-02-14 01:18:38'),(2176,'Galachipa','গলাচিপা',240,1,1,0,'2021-02-14 01:18:38','2021-02-14 01:18:38'),(2177,'Panpatty','পানপট্টি',240,1,1,0,'2021-02-14 01:18:38','2021-02-14 01:18:38'),(2178,'Ratandi Taltali','রতনদী তালতলী',240,1,1,0,'2021-02-14 01:18:38','2021-02-14 01:18:38'),(2179,'Dakua','ডাকুয়া',240,1,1,0,'2021-02-14 01:18:38','2021-02-14 01:18:38'),(2180,'Chiknikandi','চিকনিকান্দী',240,1,1,0,'2021-02-14 01:18:38','2021-02-14 01:18:38'),(2181,'Gazalia','গজালিয়া',240,1,1,0,'2021-02-14 01:18:38','2021-02-14 01:18:38'),(2182,'Charkajol','চরকাজল',240,1,1,0,'2021-02-14 01:18:38','2021-02-14 01:18:38'),(2183,'Charbiswas','চরবিশ্বাস',240,1,1,0,'2021-02-14 01:18:38','2021-02-14 01:18:38'),(2184,'Bakulbaria','বকুলবাড়ীয়া',240,1,1,0,'2021-02-14 01:18:38','2021-02-14 01:18:38'),(2185,'Kalagachhia','কলাগাছিয়া',240,1,1,0,'2021-02-14 01:18:39','2021-02-14 01:18:39'),(2186,'Rangabali','রাঙ্গাবালী',241,1,1,0,'2021-02-14 01:18:39','2021-02-14 01:18:39'),(2187,'Barobaisdia','বড়বাইশদিয়া',241,1,1,0,'2021-02-14 01:18:39','2021-02-14 01:18:39'),(2188,'Chattobaisdia','ছোটবাইশদিয়া',241,1,1,0,'2021-02-14 01:18:39','2021-02-14 01:18:39'),(2189,'Charmontaz','চরমোন্তাজ',241,1,1,0,'2021-02-14 01:18:39','2021-02-14 01:18:39'),(2190,'Chalitabunia','চালিতাবুনিয়া',241,1,1,0,'2021-02-14 01:18:39','2021-02-14 01:18:39'),(2191,'Shikder Mallik','শিকদার মল্লিক',242,1,1,0,'2021-02-14 01:18:39','2021-02-14 01:18:39'),(2192,'Kodomtala','কদমতলা',242,1,1,0,'2021-02-14 01:18:39','2021-02-14 01:18:39'),(2193,'Durgapur','দূর্গাপুর',242,1,1,0,'2021-02-14 01:18:39','2021-02-14 01:18:39'),(2194,'Kolakhali','কলাখালী',242,1,1,0,'2021-02-14 01:18:39','2021-02-14 01:18:39'),(2195,'Tona','টোনা',242,1,1,0,'2021-02-14 01:18:39','2021-02-14 01:18:39'),(2196,'Shariktola','শরিকতলা',242,1,1,0,'2021-02-14 01:18:39','2021-02-14 01:18:39'),(2197,'Shankorpasa','শংকরপাশা',242,1,1,0,'2021-02-14 01:18:39','2021-02-14 01:18:39'),(2198,'Mativangga','মাটিভাংগা',243,1,1,0,'2021-02-14 01:18:39','2021-02-14 01:18:39'),(2199,'Malikhali','মালিখালী',243,1,1,0,'2021-02-14 01:18:39','2021-02-14 01:18:39'),(2200,'Daulbari Dobra','দেউলবাড়ী দোবড়া',243,1,1,0,'2021-02-14 01:18:40','2021-02-14 01:18:40'),(2201,'Dirgha','দীর্ঘা',243,1,1,0,'2021-02-14 01:18:40','2021-02-14 01:18:40'),(2202,'Kolardoania','কলারদোয়ানিয়া',243,1,1,0,'2021-02-14 01:18:40','2021-02-14 01:18:40'),(2203,'Sriramkathi','শ্রীরামকাঠী',243,1,1,0,'2021-02-14 01:18:40','2021-02-14 01:18:40'),(2204,'Shakhmatia','সেখমাটিয়া',243,1,1,0,'2021-02-14 01:18:40','2021-02-14 01:18:40'),(2205,'Nazirpur Sadar','নাজিরপুর সদর',243,1,1,0,'2021-02-14 01:18:40','2021-02-14 01:18:40'),(2206,'Shakharikathi','শাখারীকাঠী',243,1,1,0,'2021-02-14 01:18:40','2021-02-14 01:18:40'),(2207,'Sayna Rogunathpur','সয়না রঘুনাথপুর',244,1,1,0,'2021-02-14 01:18:40','2021-02-14 01:18:40'),(2208,'Amrazuri','আমড়াজুড়ি',244,1,1,0,'2021-02-14 01:18:40','2021-02-14 01:18:40'),(2209,'Kawkhali Sadar','কাউখালি সদর',244,1,1,0,'2021-02-14 01:18:40','2021-02-14 01:18:40'),(2210,'Chirapara','চিরাপাড়া',244,1,1,0,'2021-02-14 01:18:40','2021-02-14 01:18:40'),(2211,'Shialkhathi','শিয়ালকাঠী',244,1,1,0,'2021-02-14 01:18:40','2021-02-14 01:18:40'),(2212,'Balipara','বালিপাড়া',245,1,1,0,'2021-02-14 01:18:40','2021-02-14 01:18:40'),(2213,'Pattashi','পত্তাশি',245,1,1,0,'2021-02-14 01:18:40','2021-02-14 01:18:40'),(2214,'Parerhat','পাড়েরহাট',245,1,1,0,'2021-02-14 01:18:40','2021-02-14 01:18:40'),(2215,'Vitabaria','ভিটাবাড়িয়া',246,1,1,0,'2021-02-14 01:18:40','2021-02-14 01:18:40'),(2216,'Nodmulla','নদমূলা শিয়ালকাঠী',246,1,1,0,'2021-02-14 01:18:40','2021-02-14 01:18:40'),(2217,'Telikhali','তেলিখালী',246,1,1,0,'2021-02-14 01:18:40','2021-02-14 01:18:40'),(2218,'Ekree','ইকড়ী',246,1,1,0,'2021-02-14 01:18:40','2021-02-14 01:18:40'),(2219,'Dhaoa','ধাওয়া',246,1,1,0,'2021-02-14 01:18:40','2021-02-14 01:18:40'),(2220,'Vandaria Sadar','ভান্ডারিয়া সদর',246,1,1,0,'2021-02-14 01:18:40','2021-02-14 01:18:40'),(2221,'Gouripur','গৌরীপুর',246,1,1,0,'2021-02-14 01:18:40','2021-02-14 01:18:40'),(2222,'Tuskhali','তুষখালী',247,1,1,0,'2021-02-14 01:18:40','2021-02-14 01:18:40'),(2223,'Dhanisafa','ধানীসাফা',247,1,1,0,'2021-02-14 01:18:40','2021-02-14 01:18:40'),(2224,'Mirukhali','মিরুখালী',247,1,1,0,'2021-02-14 01:18:40','2021-02-14 01:18:40'),(2225,'Tikikata','টিকিকাটা',247,1,1,0,'2021-02-14 01:18:41','2021-02-14 01:18:41'),(2226,'Betmor Rajpara','বেতমোর রাজপাড়া',247,1,1,0,'2021-02-14 01:18:41','2021-02-14 01:18:41'),(2227,'Amragachia','আমড়াগাছিয়া',247,1,1,0,'2021-02-14 01:18:41','2021-02-14 01:18:41'),(2228,'Shapleza','শাপলেজা',247,1,1,0,'2021-02-14 01:18:41','2021-02-14 01:18:41'),(2229,'Daudkhali','দাউদখালী',247,1,1,0,'2021-02-14 01:18:41','2021-02-14 01:18:41'),(2230,'Mathbaria','মঠবাড়িয়া',247,1,1,0,'2021-02-14 01:18:41','2021-02-14 01:18:41'),(2231,'Baramasua','বড়মাছুয়া',247,1,1,0,'2021-02-14 01:18:41','2021-02-14 01:18:41'),(2232,'Haltagulishakhali','হলতাগুলিশাখালী',247,1,1,0,'2021-02-14 01:18:41','2021-02-14 01:18:41'),(2233,'Boldia','বলদিয়া',248,1,1,0,'2021-02-14 01:18:41','2021-02-14 01:18:41'),(2234,'Sohagdal','সোহাগদল',248,1,1,0,'2021-02-14 01:18:41','2021-02-14 01:18:41'),(2235,'Atghorkuriana','আটঘর কুড়িয়ানা',248,1,1,0,'2021-02-14 01:18:41','2021-02-14 01:18:41'),(2236,'Jolabari','জলাবাড়ী',248,1,1,0,'2021-02-14 01:18:41','2021-02-14 01:18:41'),(2237,'Doyhary','দৈহারী',248,1,1,0,'2021-02-14 01:18:41','2021-02-14 01:18:41'),(2238,'Guarekha','গুয়ারেখা',248,1,1,0,'2021-02-14 01:18:41','2021-02-14 01:18:41'),(2239,'Somudoykathi','সমুদয়কাঠী',248,1,1,0,'2021-02-14 01:18:41','2021-02-14 01:18:41'),(2240,'Sutiakathi','সুটিয়াকাঠী',248,1,1,0,'2021-02-14 01:18:41','2021-02-14 01:18:41'),(2241,'Sarengkathi','সারেংকাঠী',248,1,1,0,'2021-02-14 01:18:41','2021-02-14 01:18:41'),(2242,'Shorupkathi','স্বরুপকাঠী',248,1,1,0,'2021-02-14 01:18:41','2021-02-14 01:18:41'),(2243,'Raipasha Karapur','রায়পাশা কড়াপুর',249,1,1,0,'2021-02-14 01:18:41','2021-02-14 01:18:41'),(2244,'Kashipur','কাশীপুর',249,1,1,0,'2021-02-14 01:18:41','2021-02-14 01:18:41'),(2245,'Charbaria','চরবাড়িয়া',249,1,1,0,'2021-02-14 01:18:41','2021-02-14 01:18:41'),(2246,'Shyastabad','সায়েস্তাবাদ',249,1,1,0,'2021-02-14 01:18:41','2021-02-14 01:18:41'),(2247,'Charmonai','চরমোনাই',249,1,1,0,'2021-02-14 01:18:41','2021-02-14 01:18:41'),(2248,'Zagua','জাগুয়া',249,1,1,0,'2021-02-14 01:18:41','2021-02-14 01:18:41'),(2249,'Charcowa','চরকাউয়া',249,1,1,0,'2021-02-14 01:18:42','2021-02-14 01:18:42'),(2250,'Chandpura','চাঁদপুরা',249,1,1,0,'2021-02-14 01:18:42','2021-02-14 01:18:42'),(2251,'Tungibaria','টুঙ্গীবাড়িয়া',249,1,1,0,'2021-02-14 01:18:42','2021-02-14 01:18:42'),(2252,'Chandramohan','চন্দ্রমোহন',249,1,1,0,'2021-02-14 01:18:42','2021-02-14 01:18:42'),(2253,'Charamaddi','চরামদ্দি',250,1,1,0,'2021-02-14 01:18:42','2021-02-14 01:18:42'),(2254,'Charade','চরাদি',250,1,1,0,'2021-02-14 01:18:42','2021-02-14 01:18:42'),(2255,'Darial','দাড়িয়াল',250,1,1,0,'2021-02-14 01:18:42','2021-02-14 01:18:42'),(2256,'Dudhal','দুধল',250,1,1,0,'2021-02-14 01:18:42','2021-02-14 01:18:42'),(2257,'Durgapasha','দুর্গাপাশা',250,1,1,0,'2021-02-14 01:18:42','2021-02-14 01:18:42'),(2258,'Faridpur','ফরিদপুর',250,1,1,0,'2021-02-14 01:18:42','2021-02-14 01:18:42'),(2259,'Kabai','কবাই',250,1,1,0,'2021-02-14 01:18:42','2021-02-14 01:18:42'),(2260,'Nalua','নলুয়া',250,1,1,0,'2021-02-14 01:18:42','2021-02-14 01:18:42'),(2261,'Kalashkathi','কলসকাঠী',250,1,1,0,'2021-02-14 01:18:42','2021-02-14 01:18:42'),(2262,'Garuria','গারুরিয়া',250,1,1,0,'2021-02-14 01:18:42','2021-02-14 01:18:42'),(2263,'Bharpasha','ভরপাশা',250,1,1,0,'2021-02-14 01:18:42','2021-02-14 01:18:42'),(2264,'Rangasree','রঙ্গশ্রী',250,1,1,0,'2021-02-14 01:18:42','2021-02-14 01:18:42'),(2265,'Padreeshibpur','পাদ্রিশিবপুর',250,1,1,0,'2021-02-14 01:18:42','2021-02-14 01:18:42'),(2266,'Niamoti','নিয়ামতি',250,1,1,0,'2021-02-14 01:18:42','2021-02-14 01:18:42'),(2267,'Jahangir Nagar','জাহাঙ্গীর নগর',251,1,1,0,'2021-02-14 01:18:42','2021-02-14 01:18:42'),(2268,'Kaderpur','কেদারপুর',251,1,1,0,'2021-02-14 01:18:42','2021-02-14 01:18:42'),(2269,'Deherhoti','দেহেরগতি',251,1,1,0,'2021-02-14 01:18:42','2021-02-14 01:18:42'),(2270,'Chandpasha','চাঁদপাশা',251,1,1,0,'2021-02-14 01:18:42','2021-02-14 01:18:42'),(2271,'Rahamtpur','রহমতপুর',251,1,1,0,'2021-02-14 01:18:42','2021-02-14 01:18:42'),(2272,'Madhbpasha','মাধবপাশা',251,1,1,0,'2021-02-14 01:18:42','2021-02-14 01:18:42'),(2273,'Shatla','সাতলা',252,1,1,0,'2021-02-14 01:18:42','2021-02-14 01:18:42'),(2274,'Harta','হারতা',252,1,1,0,'2021-02-14 01:18:42','2021-02-14 01:18:42'),(2275,'Jalla','জল্লা',252,1,1,0,'2021-02-14 01:18:43','2021-02-14 01:18:43'),(2276,'Otra','ওটরা',252,1,1,0,'2021-02-14 01:18:43','2021-02-14 01:18:43'),(2277,'Sholok','শোলক',252,1,1,0,'2021-02-14 01:18:43','2021-02-14 01:18:43'),(2278,'Barakhota','বরাকোঠা',252,1,1,0,'2021-02-14 01:18:43','2021-02-14 01:18:43'),(2279,'Bamrail','বামরাইল',252,1,1,0,'2021-02-14 01:18:43','2021-02-14 01:18:43'),(2280,'Shikerpur Wazirpur','শিকারপুর উজিরপুর',252,1,1,0,'2021-02-14 01:18:43','2021-02-14 01:18:43'),(2281,'Gouthia','গুঠিয়া',252,1,1,0,'2021-02-14 01:18:43','2021-02-14 01:18:43'),(2282,'Bisharkandi','বিশারকান্দি',253,1,1,0,'2021-02-14 01:18:43','2021-02-14 01:18:43'),(2283,'Illuhar','ইলুহার',253,1,1,0,'2021-02-14 01:18:43','2021-02-14 01:18:43'),(2284,'Sayedkathi','সৈয়দকাঠী',253,1,1,0,'2021-02-14 01:18:43','2021-02-14 01:18:43'),(2285,'Chakhar','চাখার',253,1,1,0,'2021-02-14 01:18:43','2021-02-14 01:18:43'),(2286,'Saliabakpur','সলিয়াবাকপুর',253,1,1,0,'2021-02-14 01:18:43','2021-02-14 01:18:43'),(2287,'Baishari','বাইশারী',253,1,1,0,'2021-02-14 01:18:43','2021-02-14 01:18:43'),(2288,'Banaripara','বানারিপাড়া',253,1,1,0,'2021-02-14 01:18:43','2021-02-14 01:18:43'),(2289,'Udykhati','উদয়কাঠী',253,1,1,0,'2021-02-14 01:18:43','2021-02-14 01:18:43'),(2290,'Khanjapur','খাঞ্জাপুর',254,1,1,0,'2021-02-14 01:18:43','2021-02-14 01:18:43'),(2291,'Barthi','বার্থী',254,1,1,0,'2021-02-14 01:18:43','2021-02-14 01:18:43'),(2292,'Chandshi','চাঁদশী',254,1,1,0,'2021-02-14 01:18:43','2021-02-14 01:18:43'),(2293,'Mahilara','মাহিলারা',254,1,1,0,'2021-02-14 01:18:43','2021-02-14 01:18:43'),(2294,'Nalchira','নলচিড়া',254,1,1,0,'2021-02-14 01:18:43','2021-02-14 01:18:43'),(2295,'Batajore','বাটাজোর',254,1,1,0,'2021-02-14 01:18:43','2021-02-14 01:18:43'),(2296,'Sarikal','সরিকল',254,1,1,0,'2021-02-14 01:18:43','2021-02-14 01:18:43'),(2297,'Rajihar','রাজিহার',255,1,1,0,'2021-02-14 01:18:43','2021-02-14 01:18:43'),(2298,'Bakal','বাকাল',255,1,1,0,'2021-02-14 01:18:43','2021-02-14 01:18:43'),(2299,'Bagdha','বাগধা',255,1,1,0,'2021-02-14 01:18:44','2021-02-14 01:18:44'),(2300,'Goila','গৈলা',255,1,1,0,'2021-02-14 01:18:44','2021-02-14 01:18:44'),(2301,'Ratnapur','রত্নপুর',255,1,1,0,'2021-02-14 01:18:44','2021-02-14 01:18:44'),(2302,'Andarmanik','আন্দারমানিক',256,1,1,0,'2021-02-14 01:18:44','2021-02-14 01:18:44'),(2303,'Lata','লতা',256,1,1,0,'2021-02-14 01:18:44','2021-02-14 01:18:44'),(2304,'Charakkorea','চরএককরিয়া',256,1,1,0,'2021-02-14 01:18:44','2021-02-14 01:18:44'),(2305,'Ulania','উলানিয়া',256,1,1,0,'2021-02-14 01:18:44','2021-02-14 01:18:44'),(2306,'Mehendigong','মেহেন্দিগঞ্জ',256,1,1,0,'2021-02-14 01:18:44','2021-02-14 01:18:44'),(2307,'Biddanandapur','বিদ্যানন্দনপুর',256,1,1,0,'2021-02-14 01:18:44','2021-02-14 01:18:44'),(2308,'Bhashanchar','ভাষানচর',256,1,1,0,'2021-02-14 01:18:44','2021-02-14 01:18:44'),(2309,'Jangalia','জাঙ্গালিয়া',256,1,1,0,'2021-02-14 01:18:44','2021-02-14 01:18:44'),(2310,'Alimabad','আলিমাবাদ',256,1,1,0,'2021-02-14 01:18:44','2021-02-14 01:18:44'),(2311,'Chandpur','চানপুর',256,1,1,0,'2021-02-14 01:18:44','2021-02-14 01:18:44'),(2312,'Darirchar Khajuria','দড়িরচর খাজুরিয়া',256,1,1,0,'2021-02-14 01:18:44','2021-02-14 01:18:44'),(2313,'Gobindapur','গোবিন্দপুর',256,1,1,0,'2021-02-14 01:18:44','2021-02-14 01:18:44'),(2314,'Chargopalpur','চরগোপালপুর',256,1,1,0,'2021-02-14 01:18:44','2021-02-14 01:18:44'),(2315,'Batamara','বাটামারা',257,1,1,0,'2021-02-14 01:18:44','2021-02-14 01:18:44'),(2316,'Nazirpur','নাজিরপুর',257,1,1,0,'2021-02-14 01:18:44','2021-02-14 01:18:44'),(2317,'Safipur','সফিপুর',257,1,1,0,'2021-02-14 01:18:44','2021-02-14 01:18:44'),(2318,'Gaschua','গাছুয়া',257,1,1,0,'2021-02-14 01:18:44','2021-02-14 01:18:44'),(2319,'Charkalekha','চরকালেখা',257,1,1,0,'2021-02-14 01:18:44','2021-02-14 01:18:44'),(2320,'Muladi','মুলাদী',257,1,1,0,'2021-02-14 01:18:44','2021-02-14 01:18:44'),(2321,'Kazirchar','কাজিরচর',257,1,1,0,'2021-02-14 01:18:44','2021-02-14 01:18:44'),(2322,'Harinathpur','হরিনাথপুর',258,1,1,0,'2021-02-14 01:18:44','2021-02-14 01:18:44'),(2323,'Memania','মেমানিয়া',258,1,1,0,'2021-02-14 01:18:44','2021-02-14 01:18:44'),(2324,'Guabaria','গুয়াবাড়িয়া',258,1,1,0,'2021-02-14 01:18:44','2021-02-14 01:18:44'),(2325,'Barjalia','বড়জালিয়া',258,1,1,0,'2021-02-14 01:18:44','2021-02-14 01:18:44'),(2326,'Hizla Gourabdi','হিজলা গৌরাব্দি',258,1,1,0,'2021-02-14 01:18:45','2021-02-14 01:18:45'),(2327,'Dhulkhola','ধুলখোলা',258,1,1,0,'2021-02-14 01:18:45','2021-02-14 01:18:45'),(2328,'Razapur','রাজাপুর',259,1,1,0,'2021-02-14 01:18:45','2021-02-14 01:18:45'),(2329,'Ilisha','ইলিশা',259,1,1,0,'2021-02-14 01:18:45','2021-02-14 01:18:45'),(2330,'Westilisa','পশ্চিম ইলিশা',259,1,1,0,'2021-02-14 01:18:45','2021-02-14 01:18:45'),(2331,'Kachia','কাচিয়া',259,1,1,0,'2021-02-14 01:18:45','2021-02-14 01:18:45'),(2332,'Bapta','বাপ্তা',259,1,1,0,'2021-02-14 01:18:45','2021-02-14 01:18:45'),(2333,'Dhania','ধনিয়া',259,1,1,0,'2021-02-14 01:18:45','2021-02-14 01:18:45'),(2334,'Shibpur','শিবপুর',259,1,1,0,'2021-02-14 01:18:45','2021-02-14 01:18:45'),(2335,'Alinagor','আলীনগর',259,1,1,0,'2021-02-14 01:18:45','2021-02-14 01:18:45'),(2336,'Charshamya','চরসামাইয়া',259,1,1,0,'2021-02-14 01:18:45','2021-02-14 01:18:45'),(2337,'Vhelumia',' ভেলুমিয়া',259,1,1,0,'2021-02-14 01:18:45','2021-02-14 01:18:45'),(2338,'Vheduria','ভেদুরিয়া',259,1,1,0,'2021-02-14 01:18:45','2021-02-14 01:18:45'),(2339,'North Digholdi','উত্তর দিঘলদী',259,1,1,0,'2021-02-14 01:18:45','2021-02-14 01:18:45'),(2340,'South Digholdi','দক্ষিণ দিঘলদী',259,1,1,0,'2021-02-14 01:18:45','2021-02-14 01:18:45'),(2341,'Boromanika','বড় মানিকা',260,1,1,0,'2021-02-14 01:18:45','2021-02-14 01:18:45'),(2342,'Deula','দেউলা',260,1,1,0,'2021-02-14 01:18:45','2021-02-14 01:18:45'),(2343,'Kutuba','কুতুবা',260,1,1,0,'2021-02-14 01:18:45','2021-02-14 01:18:45'),(2344,'Pakshia','পক্ষিয়া',260,1,1,0,'2021-02-14 01:18:45','2021-02-14 01:18:45'),(2345,'Kachia','কাচিয়া',260,1,1,0,'2021-02-14 01:18:45','2021-02-14 01:18:45'),(2346,'Osmangonj','ওসমানগঞ্জ',261,1,1,0,'2021-02-14 01:18:45','2021-02-14 01:18:45'),(2347,'Aslampur','আছলামপুর',261,1,1,0,'2021-02-14 01:18:45','2021-02-14 01:18:45'),(2348,'Zinnagor','জিন্নাগড়',261,1,1,0,'2021-02-14 01:18:45','2021-02-14 01:18:45'),(2349,'Aminabad','আমিনাবাদ',261,1,1,0,'2021-02-14 01:18:46','2021-02-14 01:18:46'),(2350,'Nilkomol','নীলকমল',261,1,1,0,'2021-02-14 01:18:46','2021-02-14 01:18:46'),(2351,'Charmadraj','চরমাদ্রাজ',261,1,1,0,'2021-02-14 01:18:46','2021-02-14 01:18:46'),(2352,'Awajpur','আওয়াজপুর',261,1,1,0,'2021-02-14 01:18:46','2021-02-14 01:18:46'),(2353,'Awajpur','আওয়াজপুর',261,1,1,0,'2021-02-14 01:18:46','2021-02-14 01:18:46'),(2354,'Charkolmi','চরকলমী',261,1,1,0,'2021-02-14 01:18:46','2021-02-14 01:18:46'),(2355,'Charmanika','চরমানিকা',261,1,1,0,'2021-02-14 01:18:46','2021-02-14 01:18:46'),(2356,'Hazarigonj','হাজারীগঞ্জ',261,1,1,0,'2021-02-14 01:18:46','2021-02-14 01:18:46'),(2357,'Jahanpur','জাহানপুর',261,1,1,0,'2021-02-14 01:18:46','2021-02-14 01:18:46'),(2358,'Nurabad','নুরাবাদ',261,1,1,0,'2021-02-14 01:18:46','2021-02-14 01:18:46'),(2359,'Rasulpur','রসুলপুর',261,1,1,0,'2021-02-14 01:18:46','2021-02-14 01:18:46'),(2360,'Kukrimukri','কুকরীমূকরী',261,1,1,0,'2021-02-14 01:18:46','2021-02-14 01:18:46'),(2361,'Abubakarpur','আবুবকরপুর',261,1,1,0,'2021-02-14 01:18:46','2021-02-14 01:18:46'),(2362,'Abdullahpur','আবদুল্লাহ',261,1,1,0,'2021-02-14 01:18:46','2021-02-14 01:18:46'),(2363,'Nazrulnagar','নজরুল নগর',261,1,1,0,'2021-02-14 01:18:46','2021-02-14 01:18:46'),(2364,'Mujibnagar','মুজিব নগর',261,1,1,0,'2021-02-14 01:18:46','2021-02-14 01:18:46'),(2365,'Dalchar','ঢালচর',261,1,1,0,'2021-02-14 01:18:46','2021-02-14 01:18:46'),(2366,'Madanpur','মদনপুর',262,1,1,0,'2021-02-14 01:18:46','2021-02-14 01:18:46'),(2367,'Madua','মেদুয়া',262,1,1,0,'2021-02-14 01:18:46','2021-02-14 01:18:46'),(2368,'Charpata','চরপাতা',262,1,1,0,'2021-02-14 01:18:46','2021-02-14 01:18:46'),(2369,'North Joy Nagar','উত্তর জয়নগর',262,1,1,0,'2021-02-14 01:18:46','2021-02-14 01:18:46'),(2370,'South Joy Nagar','দক্ষিন জয়নগর',262,1,1,0,'2021-02-14 01:18:46','2021-02-14 01:18:46'),(2371,'Char Khalipa','চর খলিফা',262,1,1,0,'2021-02-14 01:18:46','2021-02-14 01:18:46'),(2372,'Sayedpur','সৈয়দপুর',262,1,1,0,'2021-02-14 01:18:46','2021-02-14 01:18:46'),(2373,'Hazipur','হাজীপুর',262,1,1,0,'2021-02-14 01:18:46','2021-02-14 01:18:46'),(2374,'Vhovanipur','ভবানীপুর',262,1,1,0,'2021-02-14 01:18:47','2021-02-14 01:18:47'),(2375,'Hazirhat','হাজীর হাট',263,1,1,0,'2021-02-14 01:18:47','2021-02-14 01:18:47'),(2376,'Monpura','মনপুরা',263,1,1,0,'2021-02-14 01:18:47','2021-02-14 01:18:47'),(2377,'North Sakuchia','উত্তর সাকুচিয়া',263,1,1,0,'2021-02-14 01:18:47','2021-02-14 01:18:47'),(2378,'South Sakuchia','দক্ষিন সাকুচিয়া',263,1,1,0,'2021-02-14 01:18:47','2021-02-14 01:18:47'),(2379,'Chanchra','চাচঁড়া',264,1,1,0,'2021-02-14 01:18:47','2021-02-14 01:18:47'),(2380,'Shambupur','শম্ভুপুর',264,1,1,0,'2021-02-14 01:18:47','2021-02-14 01:18:47'),(2381,'Sonapur','সোনাপুর',264,1,1,0,'2021-02-14 01:18:47','2021-02-14 01:18:47'),(2382,'Chadpur','চাঁদপুর',264,1,1,0,'2021-02-14 01:18:47','2021-02-14 01:18:47'),(2383,'Baro Molongchora','বড় মলংচড়া',264,1,1,0,'2021-02-14 01:18:47','2021-02-14 01:18:47'),(2384,'Badarpur','বদরপুর',265,1,1,0,'2021-02-14 01:18:47','2021-02-14 01:18:47'),(2385,'Charbhuta','চরভূতা',265,1,1,0,'2021-02-14 01:18:47','2021-02-14 01:18:47'),(2386,'Kalma',' কালমা',265,1,1,0,'2021-02-14 01:18:47','2021-02-14 01:18:47'),(2387,'Dholigour Nagar','ধলীগৌর নগর',265,1,1,0,'2021-02-14 01:18:47','2021-02-14 01:18:47'),(2388,'Lalmohan','লালমোহন',265,1,1,0,'2021-02-14 01:18:47','2021-02-14 01:18:47'),(2389,'Lord Hardinge','লর্ড হার্ডিঞ্জ',265,1,1,0,'2021-02-14 01:18:47','2021-02-14 01:18:47'),(2390,'Ramagonj','রমাগঞ্জ',265,1,1,0,'2021-02-14 01:18:47','2021-02-14 01:18:47'),(2391,'Paschim Char Umed','পশ্চিম চর উমেদ',265,1,1,0,'2021-02-14 01:18:47','2021-02-14 01:18:47'),(2392,'Farajgonj','ফরাজগঞ্জ',265,1,1,0,'2021-02-14 01:18:47','2021-02-14 01:18:47'),(2393,'Amtali','আমতলী',266,1,1,0,'2021-02-14 01:18:47','2021-02-14 01:18:47'),(2394,'Gulishakhali','গুলিশাখালী',266,1,1,0,'2021-02-14 01:18:47','2021-02-14 01:18:47'),(2395,'Athrogasia','আঠারগাছিয়া',266,1,1,0,'2021-02-14 01:18:47','2021-02-14 01:18:47'),(2396,'Kukua','কুকুয়া',266,1,1,0,'2021-02-14 01:18:47','2021-02-14 01:18:47'),(2397,'Haldia','হলদিয়া',266,1,1,0,'2021-02-14 01:18:47','2021-02-14 01:18:47'),(2398,'Chotobogi','ছোটবগী',266,1,1,0,'2021-02-14 01:18:48','2021-02-14 01:18:48'),(2399,'Arpangasia','আড়পাঙ্গাশিয়া',266,1,1,0,'2021-02-14 01:18:48','2021-02-14 01:18:48'),(2400,'Chowra','চাওড়া',266,1,1,0,'2021-02-14 01:18:48','2021-02-14 01:18:48'),(2401,'M. Baliatali','এম. বালিয়াতলী',267,1,1,0,'2021-02-14 01:18:48','2021-02-14 01:18:48'),(2402,'Noltona','নলটোনা',267,1,1,0,'2021-02-14 01:18:48','2021-02-14 01:18:48'),(2403,'Bodorkhali','বদরখালী',267,1,1,0,'2021-02-14 01:18:48','2021-02-14 01:18:48'),(2404,'Gowrichanna','গৌরিচন্না',267,1,1,0,'2021-02-14 01:18:48','2021-02-14 01:18:48'),(2405,'Fuljhuri','ফুলঝুড়ি',267,1,1,0,'2021-02-14 01:18:48','2021-02-14 01:18:48'),(2406,'Keorabunia','কেওড়াবুনিয়া',267,1,1,0,'2021-02-14 01:18:48','2021-02-14 01:18:48'),(2407,'Ayla Patakata','আয়লা পাতাকাটা',267,1,1,0,'2021-02-14 01:18:48','2021-02-14 01:18:48'),(2408,'Burirchor','বুড়িরচর',267,1,1,0,'2021-02-14 01:18:48','2021-02-14 01:18:48'),(2409,'Dhalua','ঢলুয়া',267,1,1,0,'2021-02-14 01:18:48','2021-02-14 01:18:48'),(2410,'Barguna','বরগুনা',267,1,1,0,'2021-02-14 01:18:48','2021-02-14 01:18:48'),(2411,'Bibichini','বিবিচিন',268,1,1,0,'2021-02-14 01:18:48','2021-02-14 01:18:48'),(2412,'Betagi','বেতাগী',268,1,1,0,'2021-02-14 01:18:48','2021-02-14 01:18:48'),(2413,'Hosnabad','হোসনাবাদ',268,1,1,0,'2021-02-14 01:18:48','2021-02-14 01:18:48'),(2414,'Mokamia','মোকামিয়া',268,1,1,0,'2021-02-14 01:18:48','2021-02-14 01:18:48'),(2415,'Buramajumder','বুড়ামজুমদার',268,1,1,0,'2021-02-14 01:18:48','2021-02-14 01:18:48'),(2416,'Kazirabad','কাজীরাবাদ',268,1,1,0,'2021-02-14 01:18:48','2021-02-14 01:18:48'),(2417,'Sarisamuri','সরিষামুড়ী',268,1,1,0,'2021-02-14 01:18:48','2021-02-14 01:18:48'),(2418,'Bukabunia','বুকাবুনিয়া',269,1,1,0,'2021-02-14 01:18:48','2021-02-14 01:18:48'),(2419,'Bamna','বামনা',269,1,1,0,'2021-02-14 01:18:48','2021-02-14 01:18:48'),(2420,'Ramna','রামনা',269,1,1,0,'2021-02-14 01:18:49','2021-02-14 01:18:49'),(2421,'Doutola','ডৌয়াতলা',269,1,1,0,'2021-02-14 01:18:49','2021-02-14 01:18:49'),(2422,'Raihanpur','রায়হানপুর',270,1,1,0,'2021-02-14 01:18:49','2021-02-14 01:18:49'),(2423,'Nachnapara','নাচনাপাড়া',270,1,1,0,'2021-02-14 01:18:49','2021-02-14 01:18:49'),(2424,'Charduany','চরদুয়ানী',270,1,1,0,'2021-02-14 01:18:49','2021-02-14 01:18:49'),(2425,'Patharghata','পাথরঘাটা',270,1,1,0,'2021-02-14 01:18:49','2021-02-14 01:18:49'),(2426,'Kalmegha','কালমেঘা',270,1,1,0,'2021-02-14 01:18:49','2021-02-14 01:18:49'),(2427,'Kakchira','কাকচিঢ়া',270,1,1,0,'2021-02-14 01:18:49','2021-02-14 01:18:49'),(2428,'Kathaltali','কাঠালতলী',270,1,1,0,'2021-02-14 01:18:49','2021-02-14 01:18:49'),(2429,'Karibaria','কড়ইবাড়ীয়া',271,1,1,0,'2021-02-14 01:18:49','2021-02-14 01:18:49'),(2430,'Panchakoralia','পচাকোড়ালিয়া',271,1,1,0,'2021-02-14 01:18:49','2021-02-14 01:18:49'),(2431,'Barabagi','বড়বগি',271,1,1,0,'2021-02-14 01:18:49','2021-02-14 01:18:49'),(2432,'Chhotabagi','ছোটবগি',271,1,1,0,'2021-02-14 01:18:49','2021-02-14 01:18:49'),(2433,'Nishanbaria','নিশানবাড়ীয়া',271,1,1,0,'2021-02-14 01:18:49','2021-02-14 01:18:49'),(2434,'Sarikkhali','শারিকখালি',271,1,1,0,'2021-02-14 01:18:49','2021-02-14 01:18:49'),(2435,'Sonakata','সোনাকাটা',271,1,1,0,'2021-02-14 01:18:50','2021-02-14 01:18:50'),(2436,'Tazpur','তাজপুর',284,1,1,0,'2021-02-14 01:18:50','2021-02-14 01:18:50'),(2437,'Umorpur','উমরপুর',284,1,1,0,'2021-02-14 01:18:50','2021-02-14 01:18:50'),(2438,'West Poilanpur','পশ্চিম পৈলনপুর',284,1,1,0,'2021-02-14 01:18:50','2021-02-14 01:18:50'),(2439,'East Poilanpur','পূর্ব পৈলনপুর',272,1,1,0,'2021-02-14 01:18:50','2021-02-14 01:18:50'),(2440,'Boaljur','বোয়ালজুর',272,1,1,0,'2021-02-14 01:18:50','2021-02-14 01:18:50'),(2441,'Burungabazar','বুরুঙ্গাবাজার',284,1,1,0,'2021-02-14 01:18:50','2021-02-14 01:18:50'),(2442,'Goalabazar','গোয়ালাবাজার',284,1,1,0,'2021-02-14 01:18:50','2021-02-14 01:18:50'),(2443,'Doyamir','দয়ামীর',284,1,1,0,'2021-02-14 01:18:50','2021-02-14 01:18:50'),(2444,'Usmanpur','উসমানপুর',284,1,1,0,'2021-02-14 01:18:50','2021-02-14 01:18:50'),(2445,'Dewanbazar','দেওয়ান বাজার',272,1,1,0,'2021-02-14 01:18:50','2021-02-14 01:18:50'),(2446,'West Gouripur','পশ্চিম গৌরীপুর',272,1,1,0,'2021-02-14 01:18:50','2021-02-14 01:18:50'),(2447,'East Gouripur','পূর্ব গৌরীপুর',272,1,1,0,'2021-02-14 01:18:50','2021-02-14 01:18:50'),(2448,'Balaganj','বালাগঞ্জ',272,1,1,0,'2021-02-14 01:18:50','2021-02-14 01:18:50'),(2449,'Sadipur','সাদিরপুর',284,1,1,0,'2021-02-14 01:18:50','2021-02-14 01:18:50'),(2450,'Tilpara','তিলপাড়া',273,1,1,0,'2021-02-14 01:18:50','2021-02-14 01:18:50'),(2451,'Alinagar','আলীনগর',273,1,1,0,'2021-02-14 01:18:50','2021-02-14 01:18:50'),(2452,'Charkhai','চরখাই',273,1,1,0,'2021-02-14 01:18:50','2021-02-14 01:18:50'),(2453,'Dubag','দুবাগ',273,1,1,0,'2021-02-14 01:18:50','2021-02-14 01:18:50'),(2454,'Sheola','শেওলা',273,1,1,0,'2021-02-14 01:18:51','2021-02-14 01:18:51'),(2455,'Kurarbazar','কুড়ারবাজার',273,1,1,0,'2021-02-14 01:18:51','2021-02-14 01:18:51'),(2456,'Mathiura','মাথিউরা',273,1,1,0,'2021-02-14 01:18:51','2021-02-14 01:18:51'),(2457,'Mullapur','মোল্লাপুর',273,1,1,0,'2021-02-14 01:18:51','2021-02-14 01:18:51'),(2458,'Muria','মুড়িয়া',273,1,1,0,'2021-02-14 01:18:51','2021-02-14 01:18:51'),(2459,'Lauta','লাউতা',273,1,1,0,'2021-02-14 01:18:51','2021-02-14 01:18:51'),(2460,'Rampasha','রামপাশা',274,1,1,0,'2021-02-14 01:18:51','2021-02-14 01:18:51'),(2461,'Lamakazi','লামাকাজী',274,1,1,0,'2021-02-14 01:18:51','2021-02-14 01:18:51'),(2462,'Khajanchi','খাজাঞ্চী',274,1,1,0,'2021-02-14 01:18:51','2021-02-14 01:18:51'),(2463,'Alankari','অলংকারী',274,1,1,0,'2021-02-14 01:18:51','2021-02-14 01:18:51'),(2464,'Dewkalash','দেওকলস',274,1,1,0,'2021-02-14 01:18:51','2021-02-14 01:18:51'),(2465,'Bishwanath','বিশ্বনাথ',274,1,1,0,'2021-02-14 01:18:51','2021-02-14 01:18:51'),(2466,'Doshghar','দশঘর',274,1,1,0,'2021-02-14 01:18:51','2021-02-14 01:18:51'),(2467,'Daulatpur','দৌলতপুর',274,1,1,0,'2021-02-14 01:18:51','2021-02-14 01:18:51'),(2468,'Telikhal','তেলিখাল',275,1,1,0,'2021-02-14 01:18:51','2021-02-14 01:18:51'),(2469,'Islampur Paschim','ইসলামপুর পশ্চিম',275,1,1,0,'2021-02-14 01:18:51','2021-02-14 01:18:51'),(2470,'Islampur Purba','ইসলামপুর পূর্ব',275,1,1,0,'2021-02-14 01:18:51','2021-02-14 01:18:51'),(2471,'Isakalas','ইসাকলস',275,1,1,0,'2021-02-14 01:18:51','2021-02-14 01:18:51'),(2472,'Uttor Ronikhai','উত্তর রনিখাই',275,1,1,0,'2021-02-14 01:18:51','2021-02-14 01:18:51'),(2473,'Dakkin Ronikhai','দক্ষিন রনিখাই',275,1,1,0,'2021-02-14 01:18:51','2021-02-14 01:18:51'),(2474,'Ghilachora','ঘিলাছড়া',276,1,1,0,'2021-02-14 01:18:51','2021-02-14 01:18:51'),(2475,'Fenchuganj','ফেঞ্চুগঞ্জ',276,1,1,0,'2021-02-14 01:18:51','2021-02-14 01:18:51'),(2476,'Uttar Kushiara','উত্তর কুশিয়ারা',276,1,1,0,'2021-02-14 01:18:52','2021-02-14 01:18:52'),(2477,'Uttar Fenchuganj','উত্তর ফেঞ্চুগঞ্জ',276,1,1,0,'2021-02-14 01:18:52','2021-02-14 01:18:52'),(2478,'Maijgaon','মাইজগাঁও',276,1,1,0,'2021-02-14 01:18:52','2021-02-14 01:18:52'),(2479,'Golapganj','গোলাপগঞ্জ',277,1,1,0,'2021-02-14 01:18:52','2021-02-14 01:18:52'),(2480,'Fulbari','ফুলবাড়ী',277,1,1,0,'2021-02-14 01:18:52','2021-02-14 01:18:52'),(2481,'Lakshmipasha','লক্ষ্মীপাশা',277,1,1,0,'2021-02-14 01:18:52','2021-02-14 01:18:52'),(2482,'Budhbaribazar','বুধবারীবাজার',277,1,1,0,'2021-02-14 01:18:52','2021-02-14 01:18:52'),(2483,'Dhakadakshin','ঢাকাদক্ষিন',277,1,1,0,'2021-02-14 01:18:52','2021-02-14 01:18:52'),(2484,'Sharifganj','শরিফগঞ্জ',277,1,1,0,'2021-02-14 01:18:52','2021-02-14 01:18:52'),(2485,'Uttar Badepasha','উত্তর বাদেপাশা',277,1,1,0,'2021-02-14 01:18:52','2021-02-14 01:18:52'),(2486,'Lakshanaband','লক্ষনাবন্দ',277,1,1,0,'2021-02-14 01:18:52','2021-02-14 01:18:52'),(2487,'Bhadeshwar','ভাদেশ্বর',277,1,1,0,'2021-02-14 01:18:52','2021-02-14 01:18:52'),(2488,'West Amura','পশ্চিম আমুরা',277,1,1,0,'2021-02-14 01:18:52','2021-02-14 01:18:52'),(2489,'Fothepur','ফতেপুর',278,1,1,0,'2021-02-14 01:18:52','2021-02-14 01:18:52'),(2490,'Rustampur','রুস্তমপুর',278,1,1,0,'2021-02-14 01:18:52','2021-02-14 01:18:52'),(2491,'Paschim Jaflong','পশ্চিম জাফলং',278,1,1,0,'2021-02-14 01:18:52','2021-02-14 01:18:52'),(2492,'Purba Jaflong','পূর্ব জাফলং',278,1,1,0,'2021-02-14 01:18:52','2021-02-14 01:18:52'),(2493,'Lengura','লেঙ্গুড়া',278,1,1,0,'2021-02-14 01:18:52','2021-02-14 01:18:52'),(2494,'Alirgaon','আলীরগাঁও',278,1,1,0,'2021-02-14 01:18:52','2021-02-14 01:18:52'),(2495,'Nandirgaon','নন্দিরগাঁও',278,1,1,0,'2021-02-14 01:18:52','2021-02-14 01:18:52'),(2496,'Towakul','তোয়াকুল',278,1,1,0,'2021-02-14 01:18:52','2021-02-14 01:18:52'),(2497,'Daubari','ডৌবাড়ী',278,1,1,0,'2021-02-14 01:18:52','2021-02-14 01:18:52'),(2498,'Nijpat','নিজপাট',279,1,1,0,'2021-02-14 01:18:52','2021-02-14 01:18:52'),(2499,'Jaintapur','জৈন্তাপুর',279,1,1,0,'2021-02-14 01:18:52','2021-02-14 01:18:52'),(2500,'Charikatha','চারিকাটা',279,1,1,0,'2021-02-14 01:18:52','2021-02-14 01:18:52'),(2501,'Darbast','দরবস্ত',279,1,1,0,'2021-02-14 01:18:52','2021-02-14 01:18:52'),(2502,'Fatehpur','ফতেপুর',279,1,1,0,'2021-02-14 01:18:53','2021-02-14 01:18:53'),(2503,'Chiknagul','চিকনাগুল',279,1,1,0,'2021-02-14 01:18:53','2021-02-14 01:18:53'),(2504,'Rajagonj','রাজাগঞ্জ',280,1,1,0,'2021-02-14 01:18:53','2021-02-14 01:18:53'),(2505,'Lakshiprashad Purbo','লক্ষীপ্রাসাদ পূর্ব',280,1,1,0,'2021-02-14 01:18:53','2021-02-14 01:18:53'),(2506,'Lakshiprashad Pashim','লক্ষীপ্রাসাদ পশ্চিম',280,1,1,0,'2021-02-14 01:18:53','2021-02-14 01:18:53'),(2507,'Digirpar Purbo','দিঘিরপার পূর্ব',280,1,1,0,'2021-02-14 01:18:53','2021-02-14 01:18:53'),(2508,'Satbakh','সাতবাক',280,1,1,0,'2021-02-14 01:18:53','2021-02-14 01:18:53'),(2509,'Barachotul','বড়চতুল',280,1,1,0,'2021-02-14 01:18:53','2021-02-14 01:18:53'),(2510,'Kanaighat','কানাইঘাট',280,1,1,0,'2021-02-14 01:18:53','2021-02-14 01:18:53'),(2511,'Dakhin Banigram','দক্ষিন বানিগ্রাম',280,1,1,0,'2021-02-14 01:18:53','2021-02-14 01:18:53'),(2512,'Jinghabari','ঝিঙ্গাবাড়ী',280,1,1,0,'2021-02-14 01:18:53','2021-02-14 01:18:53'),(2513,'Jalalabad','জালালাবাদ',281,1,1,0,'2021-02-14 01:18:53','2021-02-14 01:18:53'),(2514,'Hatkhula','হাটখোলা',281,1,1,0,'2021-02-14 01:18:53','2021-02-14 01:18:53'),(2515,'Khadimnagar','খাদিমনগর',281,1,1,0,'2021-02-14 01:18:53','2021-02-14 01:18:53'),(2516,'Khadimpara','খাদিমপাড়া',281,1,1,0,'2021-02-14 01:18:53','2021-02-14 01:18:53'),(2517,'Tultikor','টুলটিকর',281,1,1,0,'2021-02-14 01:18:53','2021-02-14 01:18:53'),(2518,'Tukerbazar','টুকেরবাজার',281,1,1,0,'2021-02-14 01:18:53','2021-02-14 01:18:53'),(2519,'Mugolgaon','মোগলগাও',281,1,1,0,'2021-02-14 01:18:53','2021-02-14 01:18:53'),(2520,'Kandigaon','কান্দিগাও',281,1,1,0,'2021-02-14 01:18:53','2021-02-14 01:18:53'),(2521,'Manikpur','মানিকপুর',282,1,1,0,'2021-02-14 01:18:53','2021-02-14 01:18:53'),(2522,'Sultanpur','সুলতানপুর',282,1,1,0,'2021-02-14 01:18:53','2021-02-14 01:18:53'),(2523,'Barohal','বারহাল',282,1,1,0,'2021-02-14 01:18:53','2021-02-14 01:18:53'),(2524,'Birorsri','বিরশ্রী',282,1,1,0,'2021-02-14 01:18:53','2021-02-14 01:18:53'),(2525,'Kajalshah','কাজলশার',282,1,1,0,'2021-02-14 01:18:53','2021-02-14 01:18:53'),(2526,'Kolachora','কলাছড়া',282,1,1,0,'2021-02-14 01:18:54','2021-02-14 01:18:54'),(2527,'Zakiganj','জকিগঞ্জ',282,1,1,0,'2021-02-14 01:18:54','2021-02-14 01:18:54'),(2528,'Barothakuri','বারঠাকুরী',282,1,1,0,'2021-02-14 01:18:54','2021-02-14 01:18:54'),(2529,'Kaskanakpur','কসকনকপুর',282,1,1,0,'2021-02-14 01:18:54','2021-02-14 01:18:54'),(2530,'Lalabazar','লালাবাজার',283,1,1,0,'2021-02-14 01:18:54','2021-02-14 01:18:54'),(2531,'Moglabazar','মোগলাবাজার',283,1,1,0,'2021-02-14 01:18:54','2021-02-14 01:18:54'),(2532,'Boroikandi','বড়ইকান্দি',283,1,1,0,'2021-02-14 01:18:54','2021-02-14 01:18:54'),(2533,'Silam','সিলাম',283,1,1,0,'2021-02-14 01:18:54','2021-02-14 01:18:54'),(2534,'Daudpur','দাউদপুর',283,1,1,0,'2021-02-14 01:18:54','2021-02-14 01:18:54'),(2535,'Mollargaon','মোল্লারগাঁও',283,1,1,0,'2021-02-14 01:18:54','2021-02-14 01:18:54'),(2536,'Kuchai','কুচাই',283,1,1,0,'2021-02-14 01:18:54','2021-02-14 01:18:54'),(2537,'Kamalbazar','কামালবাজার',283,1,1,0,'2021-02-14 01:18:54','2021-02-14 01:18:54'),(2538,'Jalalpur','জালালপুর',283,1,1,0,'2021-02-14 01:18:54','2021-02-14 01:18:54'),(2539,'Tetli','তেতলী',283,1,1,0,'2021-02-14 01:18:54','2021-02-14 01:18:54'),(2540,'Talimpur','তালিমপুর',285,1,1,0,'2021-02-14 01:18:54','2021-02-14 01:18:54'),(2541,'Borni','বর্ণি',285,1,1,0,'2021-02-14 01:18:54','2021-02-14 01:18:54'),(2542,'Dasherbazar','দাসেরবাজার',285,1,1,0,'2021-02-14 01:18:54','2021-02-14 01:18:54'),(2543,'Nizbahadurpur','নিজবাহাদুরপুর',285,1,1,0,'2021-02-14 01:18:54','2021-02-14 01:18:54'),(2544,'Uttar Shahbajpur','উত্তর শাহবাজপুর',285,1,1,0,'2021-02-14 01:18:54','2021-02-14 01:18:54'),(2545,'Dakkhin Shahbajpur','দক্ষিণ শাহবাজপুর',285,1,1,0,'2021-02-14 01:18:54','2021-02-14 01:18:54'),(2546,'Talimpur','তালিমপুর',285,1,1,0,'2021-02-14 01:18:54','2021-02-14 01:18:54'),(2547,'Baralekha','বড়লেখা',285,1,1,0,'2021-02-14 01:18:54','2021-02-14 01:18:54'),(2548,'Dakshinbhag Uttar','দক্ষিণভাগ (উত্তর)',285,1,1,0,'2021-02-14 01:18:54','2021-02-14 01:18:54'),(2549,'Dakshinbhag Dakkhin','দক্ষিণভাগ (দক্ষিণ)',285,1,1,0,'2021-02-14 01:18:54','2021-02-14 01:18:54'),(2550,'Sujanagar','সুজানগর',285,1,1,0,'2021-02-14 01:18:54','2021-02-14 01:18:54'),(2551,'Adampur','আদমপুর',286,1,1,0,'2021-02-14 01:18:55','2021-02-14 01:18:55'),(2552,'Patanushar','পতনঊষার',286,1,1,0,'2021-02-14 01:18:55','2021-02-14 01:18:55'),(2553,'Madhabpur','মাধবপুর',286,1,1,0,'2021-02-14 01:18:55','2021-02-14 01:18:55'),(2554,'Rahimpur','রহিমপুর',286,1,1,0,'2021-02-14 01:18:55','2021-02-14 01:18:55'),(2555,'Shamshernagar','শমশেরনগর',286,1,1,0,'2021-02-14 01:18:55','2021-02-14 01:18:55'),(2556,'Kamalgonj','কমলগঞ্জ',286,1,1,0,'2021-02-14 01:18:55','2021-02-14 01:18:55'),(2557,'Islampur','ইসলামপুর',286,1,1,0,'2021-02-14 01:18:55','2021-02-14 01:18:55'),(2558,'Munshibazar','মুন্সিবাজার',286,1,1,0,'2021-02-14 01:18:55','2021-02-14 01:18:55'),(2559,'Alinagar','আলী নগর',286,1,1,0,'2021-02-14 01:18:55','2021-02-14 01:18:55'),(2560,'Baramchal','বরমচাল',287,1,1,0,'2021-02-14 01:18:55','2021-02-14 01:18:55'),(2561,'Bhukshimail','ভূকশিমইল',287,1,1,0,'2021-02-14 01:18:55','2021-02-14 01:18:55'),(2562,'Joychandi','জয়চন্ডি',287,1,1,0,'2021-02-14 01:18:55','2021-02-14 01:18:55'),(2563,'Brammanbazar','ব্রাহ্মণবাজার',287,1,1,0,'2021-02-14 01:18:55','2021-02-14 01:18:55'),(2564,'Kadipur','কাদিপুর',287,1,1,0,'2021-02-14 01:18:55','2021-02-14 01:18:55'),(2565,'Kulaura','কুলাউড়া',287,1,1,0,'2021-02-14 01:18:55','2021-02-14 01:18:55'),(2566,'Rauthgaon','রাউৎগাঁও',287,1,1,0,'2021-02-14 01:18:55','2021-02-14 01:18:55'),(2567,'Tilagaon','টিলাগাঁও',287,1,1,0,'2021-02-14 01:18:55','2021-02-14 01:18:55'),(2568,'Sharifpur','শরীফপুর',287,1,1,0,'2021-02-14 01:18:55','2021-02-14 01:18:55'),(2569,'Prithimpassa','পৃথিমপাশা',287,1,1,0,'2021-02-14 01:18:55','2021-02-14 01:18:55'),(2570,'Kormodha','কর্মধা',287,1,1,0,'2021-02-14 01:18:55','2021-02-14 01:18:55'),(2571,'Bhatera','ভাটেরা',287,1,1,0,'2021-02-14 01:18:55','2021-02-14 01:18:55'),(2572,'Hazipur','হাজীপুর',287,1,1,0,'2021-02-14 01:18:55','2021-02-14 01:18:55'),(2573,'Amtail','আমতৈল',288,1,1,0,'2021-02-14 01:18:56','2021-02-14 01:18:56'),(2574,'Khalilpur','খলিলপুর',288,1,1,0,'2021-02-14 01:18:56','2021-02-14 01:18:56'),(2575,'Monumukh','মনুমুখ',288,1,1,0,'2021-02-14 01:18:56','2021-02-14 01:18:56'),(2576,'Kamalpur','কামালপুর',288,1,1,0,'2021-02-14 01:18:56','2021-02-14 01:18:56'),(2577,'Apar Kagabala','আপার কাগাবলা',288,1,1,0,'2021-02-14 01:18:56','2021-02-14 01:18:56'),(2578,'Akhailkura','আখাইলকুড়া',288,1,1,0,'2021-02-14 01:18:56','2021-02-14 01:18:56'),(2579,'Ekatuna','একাটুনা',288,1,1,0,'2021-02-14 01:18:56','2021-02-14 01:18:56'),(2580,'Chadnighat','চাঁদনীঘাট',288,1,1,0,'2021-02-14 01:18:56','2021-02-14 01:18:56'),(2581,'Konokpur','কনকপুর',288,1,1,0,'2021-02-14 01:18:56','2021-02-14 01:18:56'),(2582,'Nazirabad','নাজিরাবাদ',288,1,1,0,'2021-02-14 01:18:56','2021-02-14 01:18:56'),(2583,'Mostafapur','মোস্তফাপুর',288,1,1,0,'2021-02-14 01:18:56','2021-02-14 01:18:56'),(2584,'Giasnagar','গিয়াসনগর',288,1,1,0,'2021-02-14 01:18:56','2021-02-14 01:18:56'),(2585,'Fotepur','ফতেপুর',289,1,1,0,'2021-02-14 01:18:56','2021-02-14 01:18:56'),(2586,'Uttorbhag','উত্তরভাগ',289,1,1,0,'2021-02-14 01:18:56','2021-02-14 01:18:56'),(2587,'Munsibazar','মুন্সিবাজার',289,1,1,0,'2021-02-14 01:18:56','2021-02-14 01:18:56'),(2588,'Panchgaon','পাঁচগাঁও',289,1,1,0,'2021-02-14 01:18:56','2021-02-14 01:18:56'),(2589,'Rajnagar','রাজনগর',289,1,1,0,'2021-02-14 01:18:56','2021-02-14 01:18:56'),(2590,'Tengra','টেংরা',289,1,1,0,'2021-02-14 01:18:56','2021-02-14 01:18:56'),(2591,'Kamarchak','কামারচাক',289,1,1,0,'2021-02-14 01:18:56','2021-02-14 01:18:56'),(2592,'Munsurnagar','মনসুরনগর',289,1,1,0,'2021-02-14 01:18:56','2021-02-14 01:18:56'),(2593,'Mirzapur','মির্জাপুর',290,1,1,0,'2021-02-14 01:18:56','2021-02-14 01:18:56'),(2594,'Bhunabir','ভূনবীর',290,1,1,0,'2021-02-14 01:18:56','2021-02-14 01:18:56'),(2595,'Sreemangal','শ্রীমঙ্গল',290,1,1,0,'2021-02-14 01:18:56','2021-02-14 01:18:56'),(2596,'Sindurkhan','সিন্দুরখান',290,1,1,0,'2021-02-14 01:18:56','2021-02-14 01:18:56'),(2597,'Kalapur','কালাপুর',290,1,1,0,'2021-02-14 01:18:57','2021-02-14 01:18:57'),(2598,'Ashidron','আশিদ্রোন',290,1,1,0,'2021-02-14 01:18:57','2021-02-14 01:18:57'),(2599,'Rajghat','রাজঘাট',290,1,1,0,'2021-02-14 01:18:57','2021-02-14 01:18:57'),(2600,'Kalighat','কালীঘাট',290,1,1,0,'2021-02-14 01:18:57','2021-02-14 01:18:57'),(2601,'Satgaon','সাতগাঁও',290,1,1,0,'2021-02-14 01:18:57','2021-02-14 01:18:57'),(2602,'Jafornagar','জায়ফরনগর',291,1,1,0,'2021-02-14 01:18:57','2021-02-14 01:18:57'),(2603,'West Juri','পশ্চিম জুড়ী',291,1,1,0,'2021-02-14 01:18:57','2021-02-14 01:18:57'),(2604,'Gualbari','গোয়ালবাড়ী',291,1,1,0,'2021-02-14 01:18:57','2021-02-14 01:18:57'),(2605,'Sagornal','সাগরনাল',291,1,1,0,'2021-02-14 01:18:57','2021-02-14 01:18:57'),(2606,'Fultola','ফুলতলা',291,1,1,0,'2021-02-14 01:18:57','2021-02-14 01:18:57'),(2607,'Eastjuri','পুর্ব জুড়ী',291,1,1,0,'2021-02-14 01:18:57','2021-02-14 01:18:57'),(2608,'Barabhakoir Paschim','বড় ভাকৈর (পশ্চিম)',292,1,1,0,'2021-02-14 01:18:57','2021-02-14 01:18:57'),(2609,'Barabhakoir Purba','বড় ভাকৈর (পূর্ব)',292,1,1,0,'2021-02-14 01:18:57','2021-02-14 01:18:57'),(2610,'Inatganj','ইনাতগঞ্জ',292,1,1,0,'2021-02-14 01:18:57','2021-02-14 01:18:57'),(2611,'Digholbak','দীঘলবাক',292,1,1,0,'2021-02-14 01:18:57','2021-02-14 01:18:57'),(2612,'Aushkandi','আউশকান্দি',292,1,1,0,'2021-02-14 01:18:57','2021-02-14 01:18:57'),(2613,'Kurshi','কুর্শি',292,1,1,0,'2021-02-14 01:18:57','2021-02-14 01:18:57'),(2614,'Kargoan','করগাঁও',292,1,1,0,'2021-02-14 01:18:57','2021-02-14 01:18:57'),(2615,'Nabiganj Sadar','নবীগঞ্জ সদর',292,1,1,0,'2021-02-14 01:18:57','2021-02-14 01:18:57'),(2616,'Bausha','বাউসা',292,1,1,0,'2021-02-14 01:18:57','2021-02-14 01:18:57'),(2617,'Debparra','দেবপাড়া',292,1,1,0,'2021-02-14 01:18:57','2021-02-14 01:18:57'),(2618,'Gaznaipur','গজনাইপুর',292,1,1,0,'2021-02-14 01:18:57','2021-02-14 01:18:57'),(2619,'Kaliarbhanga','কালিয়ারভাংগা',292,1,1,0,'2021-02-14 01:18:57','2021-02-14 01:18:57'),(2620,'Paniumda','পানিউমদা',292,1,1,0,'2021-02-14 01:18:57','2021-02-14 01:18:57'),(2621,'Snanghat','স্নানঘাট',293,1,1,0,'2021-02-14 01:18:58','2021-02-14 01:18:58'),(2622,'Putijuri','পুটিজুরী',293,1,1,0,'2021-02-14 01:18:58','2021-02-14 01:18:58'),(2623,'Satkapon','সাতকাপন',293,1,1,0,'2021-02-14 01:18:58','2021-02-14 01:18:58'),(2624,'Bahubal Sadar','বাহুবল সদর',293,1,1,0,'2021-02-14 01:18:58','2021-02-14 01:18:58'),(2625,'Lamatashi','লামাতাশী',293,1,1,0,'2021-02-14 01:18:58','2021-02-14 01:18:58'),(2626,'Mirpur','মিরপুর',293,1,1,0,'2021-02-14 01:18:59','2021-02-14 01:18:59'),(2627,'Bhadeshwar','ভাদেশ্বর',293,1,1,0,'2021-02-14 01:18:59','2021-02-14 01:18:59'),(2628,'Shibpasha','শিবপাশা',294,1,1,0,'2021-02-14 01:18:59','2021-02-14 01:18:59'),(2629,'Kakailsao','কাকাইলছেও',294,1,1,0,'2021-02-14 01:18:59','2021-02-14 01:18:59'),(2630,'Ajmiriganj Sadar','আজমিরীগঞ্জ সদর',294,1,1,0,'2021-02-14 01:18:59','2021-02-14 01:18:59'),(2631,'Badolpur','বদলপুর',294,1,1,0,'2021-02-14 01:18:59','2021-02-14 01:18:59'),(2632,'Jolsuka','জলসুখা',294,1,1,0,'2021-02-14 01:18:59','2021-02-14 01:18:59'),(2633,'Baniachong North East','বানিয়াচং উত্তর পূর্ব',295,1,1,0,'2021-02-14 01:18:59','2021-02-14 01:18:59'),(2634,'Baniachong North West','বানিয়াচং উত্তর পশ্চিম',295,1,1,0,'2021-02-14 01:18:59','2021-02-14 01:18:59'),(2635,'Baniachong South East','বানিয়াচং দক্ষিণ পূর্ব',295,1,1,0,'2021-02-14 01:18:59','2021-02-14 01:18:59'),(2636,'Baniachong South West','বানিয়াচং দক্ষিণ পশ্চিম',295,1,1,0,'2021-02-14 01:19:00','2021-02-14 01:19:00'),(2637,'Daulatpur','দৌলতপুর',295,1,1,0,'2021-02-14 01:19:00','2021-02-14 01:19:00'),(2638,'Khagaura','খাগাউড়া',295,1,1,0,'2021-02-14 01:19:00','2021-02-14 01:19:00'),(2639,'Baraiuri','বড়ইউড়ি',295,1,1,0,'2021-02-14 01:19:00','2021-02-14 01:19:00'),(2640,'Kagapasha','কাগাপাশা',295,1,1,0,'2021-02-14 01:19:00','2021-02-14 01:19:00'),(2641,'Pukra','পুকড়া',295,1,1,0,'2021-02-14 01:19:00','2021-02-14 01:19:00'),(2642,'Subidpur','সুবিদপুর',295,1,1,0,'2021-02-14 01:19:00','2021-02-14 01:19:00'),(2643,'Makrampur','মক্রমপুর',295,1,1,0,'2021-02-14 01:19:00','2021-02-14 01:19:00'),(2644,'Sujatpur','সুজাতপুর',295,1,1,0,'2021-02-14 01:19:00','2021-02-14 01:19:00'),(2645,'Mandari','মন্দরী',295,1,1,0,'2021-02-14 01:19:00','2021-02-14 01:19:00'),(2646,'Muradpur','মুরাদপুর',295,1,1,0,'2021-02-14 01:19:00','2021-02-14 01:19:00'),(2647,'Pailarkandi','পৈলারকান্দি',295,1,1,0,'2021-02-14 01:19:00','2021-02-14 01:19:00'),(2648,'Lakhai','লাখাই',296,1,1,0,'2021-02-14 01:19:01','2021-02-14 01:19:01'),(2649,'Murakari','মোড়াকরি',296,1,1,0,'2021-02-14 01:19:01','2021-02-14 01:19:01'),(2650,'Muriauk','মুড়িয়াউক',296,1,1,0,'2021-02-14 01:19:01','2021-02-14 01:19:01'),(2651,'Bamoi','বামৈ',296,1,1,0,'2021-02-14 01:19:01','2021-02-14 01:19:01'),(2652,'Karab','করাব',296,1,1,0,'2021-02-14 01:19:01','2021-02-14 01:19:01'),(2653,'Bulla','বুল্লা',296,1,1,0,'2021-02-14 01:19:01','2021-02-14 01:19:01'),(2654,'Gazipur','গাজীপুর',297,1,1,0,'2021-02-14 01:19:01','2021-02-14 01:19:01'),(2655,'Ahammadabad','আহম্মদাবাদ',297,1,1,0,'2021-02-14 01:19:01','2021-02-14 01:19:01'),(2656,'Deorgach','দেওরগাছ',297,1,1,0,'2021-02-14 01:19:01','2021-02-14 01:19:01'),(2657,'Paikpara','পাইকপাড়া',297,1,1,0,'2021-02-14 01:19:01','2021-02-14 01:19:01'),(2658,'Shankhala','শানখলা',297,1,1,0,'2021-02-14 01:19:01','2021-02-14 01:19:01'),(2659,'Chunarughat','চুনারুঘাট',297,1,1,0,'2021-02-14 01:19:01','2021-02-14 01:19:01'),(2660,'Ubahata','উবাহাটা',297,1,1,0,'2021-02-14 01:19:02','2021-02-14 01:19:02'),(2661,'Shatiajuri','সাটিয়াজুরী',297,1,1,0,'2021-02-14 01:19:02','2021-02-14 01:19:02'),(2662,'Ranigaon','রাণীগাঁও',297,1,1,0,'2021-02-14 01:19:02','2021-02-14 01:19:02'),(2663,'Mirashi','মিরাশী',297,1,1,0,'2021-02-14 01:19:02','2021-02-14 01:19:02'),(2664,'Lukra','লুকড়া',298,1,1,0,'2021-02-14 01:19:02','2021-02-14 01:19:02'),(2665,'Richi','রিচি',298,1,1,0,'2021-02-14 01:19:02','2021-02-14 01:19:02'),(2666,'Teghoria','তেঘরিয়া',298,1,1,0,'2021-02-14 01:19:02','2021-02-14 01:19:02'),(2667,'Poil','পইল',298,1,1,0,'2021-02-14 01:19:02','2021-02-14 01:19:02'),(2668,'Gopaya','গোপায়া',298,1,1,0,'2021-02-14 01:19:02','2021-02-14 01:19:02'),(2669,'Rajiura','রাজিউড়া',298,1,1,0,'2021-02-14 01:19:02','2021-02-14 01:19:02'),(2670,'Nurpur','নুরপুর',298,1,1,0,'2021-02-14 01:19:02','2021-02-14 01:19:02'),(2671,'Shayestaganj','শায়েস্তাগঞ্জ',298,1,1,0,'2021-02-14 01:19:02','2021-02-14 01:19:02'),(2672,'Nijampur','নিজামপুর',298,1,1,0,'2021-02-14 01:19:02','2021-02-14 01:19:02'),(2673,'Laskerpur','লস্করপুর',298,1,1,0,'2021-02-14 01:19:02','2021-02-14 01:19:02'),(2674,'Dharmaghar','ধর্মঘর',299,1,1,0,'2021-02-14 01:19:02','2021-02-14 01:19:02'),(2675,'Choumohani','চৌমুহনী',299,1,1,0,'2021-02-14 01:19:02','2021-02-14 01:19:02'),(2676,'Bahara','বহরা',299,1,1,0,'2021-02-14 01:19:03','2021-02-14 01:19:03'),(2677,'Adaoir','আদাঐর',299,1,1,0,'2021-02-14 01:19:03','2021-02-14 01:19:03'),(2678,'Andiura','আন্দিউড়া',299,1,1,0,'2021-02-14 01:19:03','2021-02-14 01:19:03'),(2679,'Shahjahanpur','শাহজাহানপুর',299,1,1,0,'2021-02-14 01:19:03','2021-02-14 01:19:03'),(2680,'Jagadishpur','জগদীশপুর',299,1,1,0,'2021-02-14 01:19:03','2021-02-14 01:19:03'),(2681,'Bulla','বুল্লা',299,1,1,0,'2021-02-14 01:19:03','2021-02-14 01:19:03'),(2682,'Noapara','নোয়াপাড়া',299,1,1,0,'2021-02-14 01:19:03','2021-02-14 01:19:03'),(2683,'Chhatiain','ছাতিয়াইন',299,1,1,0,'2021-02-14 01:19:03','2021-02-14 01:19:03'),(2684,'Bagashura','বাঘাসুরা',299,1,1,0,'2021-02-14 01:19:03','2021-02-14 01:19:03'),(2685,'Jahangirnagar','জাহাঙ্গীরনগর',300,1,1,0,'2021-02-14 01:19:03','2021-02-14 01:19:03'),(2686,'Rangarchar','রংগারচর',300,1,1,0,'2021-02-14 01:19:03','2021-02-14 01:19:03'),(2687,'Aptabnagar','আপ্তাবনগর',300,1,1,0,'2021-02-14 01:19:03','2021-02-14 01:19:03'),(2688,'Gourarang','গৌরারং',300,1,1,0,'2021-02-14 01:19:03','2021-02-14 01:19:03'),(2689,'Mollapara','মোল্লাপাড়া',300,1,1,0,'2021-02-14 01:19:03','2021-02-14 01:19:03'),(2690,'Laxmansree','লক্ষণশ্রী',300,1,1,0,'2021-02-14 01:19:03','2021-02-14 01:19:03'),(2691,'Kathair','কাঠইর',300,1,1,0,'2021-02-14 01:19:03','2021-02-14 01:19:03'),(2692,'Surma','সুরমা',300,1,1,0,'2021-02-14 01:19:03','2021-02-14 01:19:03'),(2693,'Mohonpur','মোহনপুর',300,1,1,0,'2021-02-14 01:19:03','2021-02-14 01:19:03'),(2694,'Shimulbak','শিমুলবাক',301,1,1,0,'2021-02-14 01:19:04','2021-02-14 01:19:04'),(2695,'Paschim Pagla','পশ্চিম পাগলা',301,1,1,0,'2021-02-14 01:19:04','2021-02-14 01:19:04'),(2696,'Joykalash','জয়কলস',301,1,1,0,'2021-02-14 01:19:04','2021-02-14 01:19:04'),(2697,'Purba Pagla','পূর্ব পাগলা',301,1,1,0,'2021-02-14 01:19:04','2021-02-14 01:19:04'),(2698,'Patharia','পাথারিয়া',301,1,1,0,'2021-02-14 01:19:04','2021-02-14 01:19:04'),(2699,'Purba Birgaon','পূর্ব বীরগাঁও',301,1,1,0,'2021-02-14 01:19:04','2021-02-14 01:19:04'),(2700,'Dargapasha','দরগাপাশা',301,1,1,0,'2021-02-14 01:19:04','2021-02-14 01:19:04'),(2701,'Paschim Birgaon','পশ্চিম বীরগাঁও',301,1,1,0,'2021-02-14 01:19:04','2021-02-14 01:19:04'),(2702,'Palash','পলাশ',302,1,1,0,'2021-02-14 01:19:04','2021-02-14 01:19:04'),(2703,'Solukabad','সলুকাবাদ',302,1,1,0,'2021-02-14 01:19:04','2021-02-14 01:19:04'),(2704,'Dhanpur','ধনপুর',302,1,1,0,'2021-02-14 01:19:04','2021-02-14 01:19:04'),(2705,'Badaghat South','বাদাঘাট দক্ষিণ',302,1,1,0,'2021-02-14 01:19:04','2021-02-14 01:19:04'),(2706,'Fatepur','ফতেপুর',302,1,1,0,'2021-02-14 01:19:04','2021-02-14 01:19:04'),(2707,'Islampur','ইসলামপুর',303,1,1,0,'2021-02-14 01:19:04','2021-02-14 01:19:04'),(2708,'Noarai','নোয়ারাই',303,1,1,0,'2021-02-14 01:19:04','2021-02-14 01:19:04'),(2709,'Chhatak Sadar','ছাতক সদর',303,1,1,0,'2021-02-14 01:19:04','2021-02-14 01:19:04'),(2710,'Kalaruka','কালারুকা',303,1,1,0,'2021-02-14 01:19:04','2021-02-14 01:19:04'),(2711,'Gobindganj-Syedergaon','গোবিন্দগঞ্জ-সৈদেরগাঁও',303,1,1,0,'2021-02-14 01:19:04','2021-02-14 01:19:04'),(2712,'Chhaila Afjalabad','ছৈলা আফজলাবাদ',303,1,1,0,'2021-02-14 01:19:04','2021-02-14 01:19:04'),(2713,'Khurma North','খুরমা উত্তর',303,1,1,0,'2021-02-14 01:19:04','2021-02-14 01:19:04'),(2714,'Khurma South','খুরমা দক্ষিণ',303,1,1,0,'2021-02-14 01:19:04','2021-02-14 01:19:04'),(2715,'Chormohalla','চরমহল্লা',303,1,1,0,'2021-02-14 01:19:05','2021-02-14 01:19:05'),(2716,'Jauwabazar','জাউয়া বাজার',303,1,1,0,'2021-02-14 01:19:05','2021-02-14 01:19:05'),(2717,'Singchapair','সিংচাপইড়',303,1,1,0,'2021-02-14 01:19:05','2021-02-14 01:19:05'),(2718,'Dolarbazar','দোলারবাজার',303,1,1,0,'2021-02-14 01:19:05','2021-02-14 01:19:05'),(2719,'Bhatgaon','ভাতগাঁও',303,1,1,0,'2021-02-14 01:19:05','2021-02-14 01:19:05'),(2720,'Kolkolia','কলকলিয়া',304,1,1,0,'2021-02-14 01:19:05','2021-02-14 01:19:05'),(2721,'Patli','পাটলী',304,1,1,0,'2021-02-14 01:19:05','2021-02-14 01:19:05'),(2722,'Mirpur','মীরপুর',304,1,1,0,'2021-02-14 01:19:05','2021-02-14 01:19:05'),(2723,'Chilaura Holdipur','চিলাউড়া হলদিপুর',304,1,1,0,'2021-02-14 01:19:05','2021-02-14 01:19:05'),(2724,'Raniganj','রানীগঞ্জ',304,1,1,0,'2021-02-14 01:19:05','2021-02-14 01:19:05'),(2725,'Syedpur Shaharpara','সৈয়দপুর শাহাড়পাড়া',304,1,1,0,'2021-02-14 01:19:05','2021-02-14 01:19:05'),(2726,'Asharkandi','আশারকান্দি',304,1,1,0,'2021-02-14 01:19:05','2021-02-14 01:19:05'),(2727,'Pailgaon','পাইলগাঁও',304,1,1,0,'2021-02-14 01:19:05','2021-02-14 01:19:05'),(2728,'Banglabazar','বাংলাবাজার',305,1,1,0,'2021-02-14 01:19:05','2021-02-14 01:19:05'),(2729,'Norsingpur','নরসিংহপুর',305,1,1,0,'2021-02-14 01:19:05','2021-02-14 01:19:05'),(2730,'Dowarabazar','দোয়ারাবাজার',305,1,1,0,'2021-02-14 01:19:05','2021-02-14 01:19:05'),(2731,'Mannargaon','মান্নারগাঁও',305,1,1,0,'2021-02-14 01:19:05','2021-02-14 01:19:05'),(2732,'Pandargaon','পান্ডারগাঁও',305,1,1,0,'2021-02-14 01:19:05','2021-02-14 01:19:05'),(2733,'Dohalia','দোহালিয়া',305,1,1,0,'2021-02-14 01:19:05','2021-02-14 01:19:05'),(2734,'Laxmipur','লক্ষীপুর',305,1,1,0,'2021-02-14 01:19:05','2021-02-14 01:19:05'),(2735,'Boglabazar','বোগলাবাজার',305,1,1,0,'2021-02-14 01:19:05','2021-02-14 01:19:05'),(2736,'Surma','সুরমা',305,1,1,0,'2021-02-14 01:19:05','2021-02-14 01:19:05'),(2737,'Sreepur North','শ্রীপুর উত্তর',306,1,1,0,'2021-02-14 01:19:05','2021-02-14 01:19:05'),(2738,'Sreepur South','শ্রীপুর দক্ষিণ',306,1,1,0,'2021-02-14 01:19:05','2021-02-14 01:19:05'),(2739,'Bordal South','বড়দল দক্ষিণ',306,1,1,0,'2021-02-14 01:19:06','2021-02-14 01:19:06'),(2740,'Bordal North','বড়দল উত্তর',306,1,1,0,'2021-02-14 01:19:06','2021-02-14 01:19:06'),(2741,'Badaghat','বাদাঘাট',306,1,1,0,'2021-02-14 01:19:06','2021-02-14 01:19:06'),(2742,'Tahirpur Sadar','তাহিরপুর সদর',306,1,1,0,'2021-02-14 01:19:06','2021-02-14 01:19:06'),(2743,'Balijuri','বালিজুরী',306,1,1,0,'2021-02-14 01:19:06','2021-02-14 01:19:06'),(2744,'Bongshikunda North','বংশীকুন্ডা উত্তর',307,1,1,0,'2021-02-14 01:19:06','2021-02-14 01:19:06'),(2745,'Bongshikunda South','বংশীকুন্ডা দক্ষিণ',307,1,1,0,'2021-02-14 01:19:06','2021-02-14 01:19:06'),(2746,'Chamordani','চামরদানী',307,1,1,0,'2021-02-14 01:19:06','2021-02-14 01:19:06'),(2747,'Madhyanagar','মধ্যনগর',307,1,1,0,'2021-02-14 01:19:06','2021-02-14 01:19:06'),(2748,'Paikurati','পাইকুরাটী',307,1,1,0,'2021-02-14 01:19:06','2021-02-14 01:19:06'),(2749,'Selbarash','সেলবরষ',307,1,1,0,'2021-02-14 01:19:06','2021-02-14 01:19:06'),(2750,'Dharmapasha Sadar','ধর্মপাশা সদর',307,1,1,0,'2021-02-14 01:19:06','2021-02-14 01:19:06'),(2751,'Joyasree','জয়শ্রী',307,1,1,0,'2021-02-14 01:19:06','2021-02-14 01:19:06'),(2752,'Sukhair Rajapur North','সুখাইড় রাজাপুর উত্তর',307,1,1,0,'2021-02-14 01:19:06','2021-02-14 01:19:06'),(2753,'Sukhair Rajapur South','সুখাইড় রাজাপুর দক্ষিণ',307,1,1,0,'2021-02-14 01:19:06','2021-02-14 01:19:06'),(2754,'Beheli','বেহেলী',308,1,1,0,'2021-02-14 01:19:06','2021-02-14 01:19:06'),(2755,'Sachnabazar','সাচনাবাজার',308,1,1,0,'2021-02-14 01:19:06','2021-02-14 01:19:06'),(2756,'Bhimkhali','ভীমখালী',308,1,1,0,'2021-02-14 01:19:06','2021-02-14 01:19:06'),(2757,'Fenerbak','ফেনারবাক',308,1,1,0,'2021-02-14 01:19:06','2021-02-14 01:19:06'),(2758,'Jamalganj Sadar','জামালগঞ্জ সদর',308,1,1,0,'2021-02-14 01:19:06','2021-02-14 01:19:06'),(2759,'Atgaon','আটগাঁও',309,1,1,0,'2021-02-14 01:19:06','2021-02-14 01:19:06'),(2760,'Habibpur','হবিবপুর',309,1,1,0,'2021-02-14 01:19:06','2021-02-14 01:19:06'),(2761,'Bahara','বাহারা',309,1,1,0,'2021-02-14 01:19:06','2021-02-14 01:19:06'),(2762,'Shalla Sadar','শাল্লা সদর',309,1,1,0,'2021-02-14 01:19:06','2021-02-14 01:19:06'),(2763,'Rafinagar','রফিনগর',310,1,1,0,'2021-02-14 01:19:06','2021-02-14 01:19:06'),(2764,'Bhatipara','ভাটিপাড়া',310,1,1,0,'2021-02-14 01:19:06','2021-02-14 01:19:06'),(2765,'Rajanagar','রাজানগর',310,1,1,0,'2021-02-14 01:19:07','2021-02-14 01:19:07'),(2766,'Charnarchar','চরনারচর',310,1,1,0,'2021-02-14 01:19:07','2021-02-14 01:19:07'),(2767,'Derai Sarmangal','দিরাই সরমঙ্গল',310,1,1,0,'2021-02-14 01:19:07','2021-02-14 01:19:07'),(2768,'Karimpur','করিমপুর',310,1,1,0,'2021-02-14 01:19:07','2021-02-14 01:19:07'),(2769,'Jagddol','জগদল',310,1,1,0,'2021-02-14 01:19:07','2021-02-14 01:19:07'),(2770,'Taral','তাড়ল',310,1,1,0,'2021-02-14 01:19:07','2021-02-14 01:19:07'),(2771,'Kulanj','কুলঞ্জ',310,1,1,0,'2021-02-14 01:19:07','2021-02-14 01:19:07'),(2772,'Amlaba','আমলাব',311,1,1,0,'2021-02-14 01:19:07','2021-02-14 01:19:07'),(2773,'Bajnaba','বাজনাব',311,1,1,0,'2021-02-14 01:19:08','2021-02-14 01:19:08'),(2774,'Belabo','বেলাব',311,1,1,0,'2021-02-14 01:19:08','2021-02-14 01:19:08'),(2775,'Binnabayd','বিন্নাবাইদ',311,1,1,0,'2021-02-14 01:19:08','2021-02-14 01:19:08'),(2776,'Charuzilab','চরউজিলাব',311,1,1,0,'2021-02-14 01:19:08','2021-02-14 01:19:08'),(2777,'Naraynpur','নারায়নপুর',311,1,1,0,'2021-02-14 01:19:08','2021-02-14 01:19:08'),(2778,'Sallabad','সল্লাবাদ',311,1,1,0,'2021-02-14 01:19:08','2021-02-14 01:19:08'),(2779,'Patuli','পাটুলী',311,1,1,0,'2021-02-14 01:19:08','2021-02-14 01:19:08'),(2780,'Diara','দেয়ারা মডেল',311,1,1,0,'2021-02-14 01:19:08','2021-02-14 01:19:08'),(2781,'Barachapa','বড়চাপা',312,1,1,0,'2021-02-14 01:19:08','2021-02-14 01:19:08'),(2782,'Chalakchar','চালাকচর',312,1,1,0,'2021-02-14 01:19:08','2021-02-14 01:19:08'),(2783,'Charmandalia','চরমান্দালিয়া',312,1,1,0,'2021-02-14 01:19:08','2021-02-14 01:19:08'),(2784,'Ekduaria','একদুয়ারিয়া',312,1,1,0,'2021-02-14 01:19:08','2021-02-14 01:19:08'),(2785,'Gotashia','গোতাশিয়া',312,1,1,0,'2021-02-14 01:19:09','2021-02-14 01:19:09'),(2786,'Kanchikata','কাচিকাটা',312,1,1,0,'2021-02-14 01:19:09','2021-02-14 01:19:09'),(2787,'Khidirpur','খিদিরপুর',312,1,1,0,'2021-02-14 01:19:09','2021-02-14 01:19:09'),(2788,'Shukundi','শুকুন্দি',312,1,1,0,'2021-02-14 01:19:09','2021-02-14 01:19:09'),(2789,'Dawlatpur','দৌলতপুর',312,1,1,0,'2021-02-14 01:19:09','2021-02-14 01:19:09'),(2790,'Krisnopur','কৃষ্ণপুর',312,1,1,0,'2021-02-14 01:19:09','2021-02-14 01:19:09'),(2791,'Labutala','লেবুতলা',312,1,1,0,'2021-02-14 01:19:09','2021-02-14 01:19:09'),(2792,'Chandanbari','চন্দনবাড়ী',312,1,1,0,'2021-02-14 01:19:09','2021-02-14 01:19:09'),(2793,'Alokbali','আলোকবালী',313,1,1,0,'2021-02-14 01:19:09','2021-02-14 01:19:09'),(2794,'Chardighaldi','চরদিঘলদী',313,1,1,0,'2021-02-14 01:19:09','2021-02-14 01:19:09'),(2795,'Chinishpur','চিনিশপুর',313,1,1,0,'2021-02-14 01:19:09','2021-02-14 01:19:09'),(2796,'Hajipur','হাজীপুর',313,1,1,0,'2021-02-14 01:19:09','2021-02-14 01:19:09'),(2797,'Karimpur','করিমপুর',313,1,1,0,'2021-02-14 01:19:09','2021-02-14 01:19:09'),(2798,'Khathalia','কাঠালিয়া',313,1,1,0,'2021-02-14 01:19:09','2021-02-14 01:19:09'),(2799,'Nuralapur','নূরালাপুর',313,1,1,0,'2021-02-14 01:19:09','2021-02-14 01:19:09'),(2800,'Mahishasura','মহিষাশুড়া',313,1,1,0,'2021-02-14 01:19:09','2021-02-14 01:19:09'),(2801,'Meherpara','মেহেড়পাড়া',313,1,1,0,'2021-02-14 01:19:09','2021-02-14 01:19:09'),(2802,'Nazarpur','নজরপুর',313,1,1,0,'2021-02-14 01:19:09','2021-02-14 01:19:09'),(2803,'Paikarchar','পাইকারচর',313,1,1,0,'2021-02-14 01:19:09','2021-02-14 01:19:09'),(2804,'Panchdona','পাঁচদোনা',313,1,1,0,'2021-02-14 01:19:09','2021-02-14 01:19:09'),(2805,'Silmandi','শিলমান্দী',313,1,1,0,'2021-02-14 01:19:09','2021-02-14 01:19:09'),(2806,'Amdia','আমদিয়া ২',313,1,1,0,'2021-02-14 01:19:09','2021-02-14 01:19:09'),(2807,'Danga','ডাংঙ্গা',314,1,1,0,'2021-02-14 01:19:09','2021-02-14 01:19:09'),(2808,'Charsindur','চরসিন্দুর',314,1,1,0,'2021-02-14 01:19:10','2021-02-14 01:19:10'),(2809,'Jinardi','জিনারদী',314,1,1,0,'2021-02-14 01:19:10','2021-02-14 01:19:10'),(2810,'Gazaria','গজারিয়া',314,1,1,0,'2021-02-14 01:19:10','2021-02-14 01:19:10'),(2811,'Chanpur','চানপুর',315,1,1,0,'2021-02-14 01:19:10','2021-02-14 01:19:10'),(2812,'Alipura','অলিপুরা',315,1,1,0,'2021-02-14 01:19:10','2021-02-14 01:19:10'),(2813,'Amirganj','আমিরগঞ্জ',315,1,1,0,'2021-02-14 01:19:10','2021-02-14 01:19:10'),(2814,'Adiabad','আদিয়াবাদ',315,1,1,0,'2021-02-14 01:19:10','2021-02-14 01:19:10'),(2815,'Banshgari','বাঁশগাড়ী',315,1,1,0,'2021-02-14 01:19:10','2021-02-14 01:19:10'),(2816,'Chanderkandi','চান্দেরকান্দি',315,1,1,0,'2021-02-14 01:19:10','2021-02-14 01:19:10'),(2817,'Chararalia','চরআড়ালিয়া',315,1,1,0,'2021-02-14 01:19:10','2021-02-14 01:19:10'),(2818,'Charmadhua','চরমধুয়া',315,1,1,0,'2021-02-14 01:19:10','2021-02-14 01:19:10'),(2819,'Charsubuddi','চরসুবুদ্দি',315,1,1,0,'2021-02-14 01:19:10','2021-02-14 01:19:10'),(2820,'Daukarchar','ডৌকারচর',315,1,1,0,'2021-02-14 01:19:10','2021-02-14 01:19:10'),(2821,'Hairmara','হাইরমারা',315,1,1,0,'2021-02-14 01:19:10','2021-02-14 01:19:10'),(2822,'Maheshpur','মহেষপুর',315,1,1,0,'2021-02-14 01:19:10','2021-02-14 01:19:10'),(2823,'Mirzanagar','মির্জানগর',315,1,1,0,'2021-02-14 01:19:10','2021-02-14 01:19:10'),(2824,'Mirzarchar','মির্জারচর',315,1,1,0,'2021-02-14 01:19:10','2021-02-14 01:19:10'),(2825,'Nilakhya','নিলক্ষ্যা',315,1,1,0,'2021-02-14 01:19:10','2021-02-14 01:19:10'),(2826,'Palashtali','পলাশতলী',315,1,1,0,'2021-02-14 01:19:10','2021-02-14 01:19:10'),(2827,'Paratali','পাড়াতলী',315,1,1,0,'2021-02-14 01:19:10','2021-02-14 01:19:10'),(2828,'Sreenagar','শ্রীনগর',315,1,1,0,'2021-02-14 01:19:10','2021-02-14 01:19:10'),(2829,'Roypura','রায়পুরা',315,1,1,0,'2021-02-14 01:19:10','2021-02-14 01:19:10'),(2830,'Musapur','মুছাপুর',315,1,1,0,'2021-02-14 01:19:10','2021-02-14 01:19:10'),(2831,'Uttar Bakharnagar','উত্তর বাখরনগর',315,1,1,0,'2021-02-14 01:19:10','2021-02-14 01:19:10'),(2832,'Marjal','মরজাল',315,1,1,0,'2021-02-14 01:19:11','2021-02-14 01:19:11'),(2833,'Dulalpur','দুলালপুর',316,1,1,0,'2021-02-14 01:19:11','2021-02-14 01:19:11'),(2834,'Joynagar','জয়নগর',316,1,1,0,'2021-02-14 01:19:11','2021-02-14 01:19:11'),(2835,'Sadharchar','সাধারচর',316,1,1,0,'2021-02-14 01:19:11','2021-02-14 01:19:11'),(2836,'Masimpur','মাছিমপুর',316,1,1,0,'2021-02-14 01:19:11','2021-02-14 01:19:11'),(2837,'Chakradha','চক্রধা',316,1,1,0,'2021-02-14 01:19:11','2021-02-14 01:19:11'),(2838,'Joshar','যোশর',316,1,1,0,'2021-02-14 01:19:11','2021-02-14 01:19:11'),(2839,'Baghabo','বাঘাব',316,1,1,0,'2021-02-14 01:19:11','2021-02-14 01:19:11'),(2840,'Ayubpur','আয়ুবপুর',316,1,1,0,'2021-02-14 01:19:11','2021-02-14 01:19:11'),(2841,'Putia','পুটিয়া',316,1,1,0,'2021-02-14 01:19:11','2021-02-14 01:19:11'),(2842,'Bahadursadi','বাহাদুরশাদী',317,1,1,0,'2021-02-14 01:19:11','2021-02-14 01:19:11'),(2843,'Baktarpur','বক্তারপুর',317,1,1,0,'2021-02-14 01:19:11','2021-02-14 01:19:11'),(2844,'Jamalpurnew','জামালপুর',317,1,1,0,'2021-02-14 01:19:11','2021-02-14 01:19:11'),(2845,'Jangalia','জাঙ্গালিয়া',317,1,1,0,'2021-02-14 01:19:11','2021-02-14 01:19:11'),(2846,'Moktarpur','মোক্তারপুর',317,1,1,0,'2021-02-14 01:19:11','2021-02-14 01:19:11'),(2847,'Nagari','নাগরী',317,1,1,0,'2021-02-14 01:19:11','2021-02-14 01:19:11'),(2848,'Tumulia','তুমুলিয়া',317,1,1,0,'2021-02-14 01:19:11','2021-02-14 01:19:11'),(2849,'Atabaha','আটাবহ',318,1,1,0,'2021-02-14 01:19:11','2021-02-14 01:19:11'),(2850,'Boali','বোয়ালী',318,1,1,0,'2021-02-14 01:19:11','2021-02-14 01:19:11'),(2851,'Chapair','চাপাইর',318,1,1,0,'2021-02-14 01:19:11','2021-02-14 01:19:11'),(2852,'Dhaliora','ঢালজোড়া',318,1,1,0,'2021-02-14 01:19:11','2021-02-14 01:19:11'),(2853,'Fulbaria','ফুলবাড়ীয়া',318,1,1,0,'2021-02-14 01:19:11','2021-02-14 01:19:11'),(2854,'Madhyapara','মধ্যপাড়া',318,1,1,0,'2021-02-14 01:19:11','2021-02-14 01:19:11'),(2855,'Mouchak','মৌচাক',318,1,1,0,'2021-02-14 01:19:11','2021-02-14 01:19:11'),(2856,'Sutrapur','সূত্রাপুর',318,1,1,0,'2021-02-14 01:19:11','2021-02-14 01:19:11'),(2857,'Srifaltali','শ্রীফলতলী',318,1,1,0,'2021-02-14 01:19:11','2021-02-14 01:19:11'),(2858,'Barishaba','বারিষাব',319,1,1,0,'2021-02-14 01:19:11','2021-02-14 01:19:11'),(2859,'Ghagotia','ঘাগটিয়া',319,1,1,0,'2021-02-14 01:19:11','2021-02-14 01:19:11'),(2860,'Kapasia','কাপাসিয়া',319,1,1,0,'2021-02-14 01:19:12','2021-02-14 01:19:12'),(2861,'Chandpur','চাঁদপুর',319,1,1,0,'2021-02-14 01:19:12','2021-02-14 01:19:12'),(2862,'Targoan','তরগাঁও',319,1,1,0,'2021-02-14 01:19:12','2021-02-14 01:19:12'),(2863,'Karihata','কড়িহাতা',319,1,1,0,'2021-02-14 01:19:12','2021-02-14 01:19:12'),(2864,'Tokh','টোক',319,1,1,0,'2021-02-14 01:19:12','2021-02-14 01:19:12'),(2865,'Sinhasree','সিংহশ্রী',319,1,1,0,'2021-02-14 01:19:12','2021-02-14 01:19:12'),(2866,'Durgapur','দূর্গাপুর',319,1,1,0,'2021-02-14 01:19:12','2021-02-14 01:19:12'),(2867,'Sonmania','সনমানিয়া',319,1,1,0,'2021-02-14 01:19:12','2021-02-14 01:19:12'),(2868,'Rayed','রায়েদ',319,1,1,0,'2021-02-14 01:19:12','2021-02-14 01:19:12'),(2869,'Baria','বাড়ীয়া',320,1,1,0,'2021-02-14 01:19:12','2021-02-14 01:19:12'),(2870,'Basan','বাসন',320,1,1,0,'2021-02-14 01:19:12','2021-02-14 01:19:12'),(2871,'Gachha','গাছা',320,1,1,0,'2021-02-14 01:19:12','2021-02-14 01:19:12'),(2872,'Kashimpur','কাশিমপুর',320,1,1,0,'2021-02-14 01:19:12','2021-02-14 01:19:12'),(2873,'Kayaltia','কাউলতিয়া',320,1,1,0,'2021-02-14 01:19:12','2021-02-14 01:19:12'),(2874,'Konabari','কোনাবাড়ী',320,1,1,0,'2021-02-14 01:19:12','2021-02-14 01:19:12'),(2875,'Mirzapur','মির্জাপুর',320,1,1,0,'2021-02-14 01:19:12','2021-02-14 01:19:12'),(2876,'Pubail','পূবাইল',320,1,1,0,'2021-02-14 01:19:12','2021-02-14 01:19:12'),(2877,'Barmi','বরমী',321,1,1,0,'2021-02-14 01:19:12','2021-02-14 01:19:12'),(2878,'Gazipur','গাজীপুর',321,1,1,0,'2021-02-14 01:19:12','2021-02-14 01:19:12'),(2879,'Gosinga','গোসিংগা',321,1,1,0,'2021-02-14 01:19:12','2021-02-14 01:19:12'),(2880,'Maona','মাওনা',321,1,1,0,'2021-02-14 01:19:12','2021-02-14 01:19:12'),(2881,'Kaoraid','কাওরাইদ',321,1,1,0,'2021-02-14 01:19:12','2021-02-14 01:19:12'),(2882,'Prahladpur','প্রহলাদপুর',321,1,1,0,'2021-02-14 01:19:12','2021-02-14 01:19:12'),(2883,'Rajabari','রাজাবাড়ী',321,1,1,0,'2021-02-14 01:19:12','2021-02-14 01:19:12'),(2884,'Telihati','তেলিহাটী',321,1,1,0,'2021-02-14 01:19:12','2021-02-14 01:19:12'),(2885,'Binodpur','বিনোদপুর',322,1,1,0,'2021-02-14 01:19:12','2021-02-14 01:19:12'),(2886,'Tulasar','তুলাসার',322,1,1,0,'2021-02-14 01:19:13','2021-02-14 01:19:13'),(2887,'Palong','পালং',322,1,1,0,'2021-02-14 01:19:13','2021-02-14 01:19:13'),(2888,'Domshar','ডোমসার',322,1,1,0,'2021-02-14 01:19:13','2021-02-14 01:19:13'),(2889,'Rudrakar','রুদ্রকর',322,1,1,0,'2021-02-14 01:19:13','2021-02-14 01:19:13'),(2890,'Angaria','আংগারিয়া',322,1,1,0,'2021-02-14 01:19:13','2021-02-14 01:19:13'),(2891,'Chitolia','চিতলয়া',322,1,1,0,'2021-02-14 01:19:13','2021-02-14 01:19:13'),(2892,'Mahmudpur','মাহমুদপুর',322,1,1,0,'2021-02-14 01:19:13','2021-02-14 01:19:13'),(2893,'Chikondi','চিকন্দি',322,1,1,0,'2021-02-14 01:19:13','2021-02-14 01:19:13'),(2894,'Chandrapur','চন্দ্রপুর',322,1,1,0,'2021-02-14 01:19:13','2021-02-14 01:19:13'),(2895,'Shulpara','শৌলপাড়া',322,1,1,0,'2021-02-14 01:19:13','2021-02-14 01:19:13'),(2896,'Kedarpur','কেদারপুর',323,1,1,0,'2021-02-14 01:19:13','2021-02-14 01:19:13'),(2897,'Dingamanik','ডিংগামানিক',323,1,1,0,'2021-02-14 01:19:13','2021-02-14 01:19:13'),(2898,'Garishar','ঘড়িষার',323,1,1,0,'2021-02-14 01:19:13','2021-02-14 01:19:13'),(2899,'Nowpara','নওপাড়া',323,1,1,0,'2021-02-14 01:19:13','2021-02-14 01:19:13'),(2900,'Moktererchar','মোত্তারেরচর',323,1,1,0,'2021-02-14 01:19:13','2021-02-14 01:19:13'),(2901,'Charatra','চরআত্রা',323,1,1,0,'2021-02-14 01:19:13','2021-02-14 01:19:13'),(2902,'Rajnagar','রাজনগর',323,1,1,0,'2021-02-14 01:19:13','2021-02-14 01:19:13'),(2903,'Japsa','জপসা',323,1,1,0,'2021-02-14 01:19:13','2021-02-14 01:19:13'),(2904,'Vojeshwar','ভোজেশ্বর',323,1,1,0,'2021-02-14 01:19:13','2021-02-14 01:19:13'),(2905,'Fategongpur','ফতেজংপুর',323,1,1,0,'2021-02-14 01:19:13','2021-02-14 01:19:13'),(2906,'Bijari','বিঝারি',323,1,1,0,'2021-02-14 01:19:13','2021-02-14 01:19:13'),(2907,'Vumkhara','ভূমখাড়া',323,1,1,0,'2021-02-14 01:19:13','2021-02-14 01:19:13'),(2908,'Nashason','নশাসন',323,1,1,0,'2021-02-14 01:19:14','2021-02-14 01:19:14'),(2909,'Zajira Sadar','জাজিরা সদর',324,1,1,0,'2021-02-14 01:19:14','2021-02-14 01:19:14'),(2910,'Mulna','মূলনা',324,1,1,0,'2021-02-14 01:19:14','2021-02-14 01:19:14'),(2911,'Barokandi','বড়কান্দি',324,1,1,0,'2021-02-14 01:19:14','2021-02-14 01:19:14'),(2912,'Bilaspur','বিলাসপুর',324,1,1,0,'2021-02-14 01:19:14','2021-02-14 01:19:14'),(2913,'Kundarchar','কুন্ডেরচর',324,1,1,0,'2021-02-14 01:19:14','2021-02-14 01:19:14'),(2914,'Palerchar','পালেরচর',324,1,1,0,'2021-02-14 01:19:14','2021-02-14 01:19:14'),(2915,'Purba Nawdoba','পুর্ব নাওডোবা',324,1,1,0,'2021-02-14 01:19:14','2021-02-14 01:19:14'),(2916,'Nawdoba','নাওডোবা',324,1,1,0,'2021-02-14 01:19:15','2021-02-14 01:19:15'),(2917,'Shenerchar','সেনেরচর',324,1,1,0,'2021-02-14 01:19:15','2021-02-14 01:19:15'),(2918,'Bknagar','বি. কে. নগর',324,1,1,0,'2021-02-14 01:19:15','2021-02-14 01:19:15'),(2919,'Barogopalpur','বড়গোপালপুর',324,1,1,0,'2021-02-14 01:19:15','2021-02-14 01:19:15'),(2920,'Jaynagor','জয়নগর',324,1,1,0,'2021-02-14 01:19:15','2021-02-14 01:19:15'),(2921,'Nager Para','নাগের পাড়া',325,1,1,0,'2021-02-14 01:19:15','2021-02-14 01:19:15'),(2922,'Alaolpur','আলাওলপুর',325,1,1,0,'2021-02-14 01:19:15','2021-02-14 01:19:15'),(2923,'Kodalpur','কোদালপুর',325,1,1,0,'2021-02-14 01:19:15','2021-02-14 01:19:15'),(2924,'Goshairhat','গোসাইরহাট',325,1,1,0,'2021-02-14 01:19:15','2021-02-14 01:19:15'),(2925,'Edilpur','ইদিলপুর',325,1,1,0,'2021-02-14 01:19:15','2021-02-14 01:19:15'),(2926,'Nalmuri','নলমুড়ি',325,1,1,0,'2021-02-14 01:19:15','2021-02-14 01:19:15'),(2927,'Samontasar','সামন্তসার',325,1,1,0,'2021-02-14 01:19:15','2021-02-14 01:19:15'),(2928,'Kuchipatti','কুচাইপট্টি',325,1,1,0,'2021-02-14 01:19:15','2021-02-14 01:19:15'),(2929,'Ramvadrapur','রামভদ্রপুর',326,1,1,0,'2021-02-14 01:19:15','2021-02-14 01:19:15'),(2930,'Mahisar','মহিষার',326,1,1,0,'2021-02-14 01:19:15','2021-02-14 01:19:15'),(2931,'Saygaon','ছয়গাঁও',326,1,1,0,'2021-02-14 01:19:15','2021-02-14 01:19:15'),(2932,'Narayanpur','নারায়নপুর',326,1,1,0,'2021-02-14 01:19:15','2021-02-14 01:19:15'),(2933,'D.M Khali','ডি.এম খালি',326,1,1,0,'2021-02-14 01:19:15','2021-02-14 01:19:15'),(2934,'Charkumaria','চরকুমারিয়া',326,1,1,0,'2021-02-14 01:19:15','2021-02-14 01:19:15'),(2935,'Sakhipur','সখিপুর',326,1,1,0,'2021-02-14 01:19:15','2021-02-14 01:19:15'),(2936,'Kachikata','কাচিকাঁটা',326,1,1,0,'2021-02-14 01:19:15','2021-02-14 01:19:15'),(2937,'North Tarabunia','উত্তর তারাবুনিয়া',326,1,1,0,'2021-02-14 01:19:15','2021-02-14 01:19:15'),(2938,'Charvaga','চরভাগা',326,1,1,0,'2021-02-14 01:19:15','2021-02-14 01:19:15'),(2939,'Arsinagar','আরশিনগর',326,1,1,0,'2021-02-14 01:19:15','2021-02-14 01:19:15'),(2940,'South Tarabunia','দক্ষিন তারাবুনিয়া',326,1,1,0,'2021-02-14 01:19:16','2021-02-14 01:19:16'),(2941,'Charsensas','চরসেনসাস',326,1,1,0,'2021-02-14 01:19:16','2021-02-14 01:19:16'),(2942,'Shidulkura','শিধলকুড়া',327,1,1,0,'2021-02-14 01:19:16','2021-02-14 01:19:16'),(2943,'Kaneshar','কনেস্বর',327,1,1,0,'2021-02-14 01:19:16','2021-02-14 01:19:16'),(2944,'Purba Damudya','পুর্ব ডামুড্যা',327,1,1,0,'2021-02-14 01:19:16','2021-02-14 01:19:16'),(2945,'Islampur','ইসলামপুর',327,1,1,0,'2021-02-14 01:19:16','2021-02-14 01:19:16'),(2946,'Dankati','ধানকাটি',327,1,1,0,'2021-02-14 01:19:16','2021-02-14 01:19:16'),(2947,'Sidya','সিড্যা',327,1,1,0,'2021-02-14 01:19:16','2021-02-14 01:19:16'),(2948,'Darulaman','দারুল আমান',327,1,1,0,'2021-02-14 01:19:16','2021-02-14 01:19:16'),(2949,'Satgram','সাতগ্রাম',328,1,1,0,'2021-02-14 01:19:16','2021-02-14 01:19:16'),(2950,'Duptara','দুপ্তারা',328,1,1,0,'2021-02-14 01:19:16','2021-02-14 01:19:16'),(2951,'Brahammandi','ব্রা‏হ্মন্দী',328,1,1,0,'2021-02-14 01:19:16','2021-02-14 01:19:16'),(2952,'Fatepur','ফতেপুর',328,1,1,0,'2021-02-14 01:19:16','2021-02-14 01:19:16'),(2953,'Bishnandi','বিশনন্দী',328,1,1,0,'2021-02-14 01:19:16','2021-02-14 01:19:16'),(2954,'Mahmudpur','মাহমুদপুর',328,1,1,0,'2021-02-14 01:19:16','2021-02-14 01:19:16'),(2955,'Highjadi','হাইজাদী',328,1,1,0,'2021-02-14 01:19:16','2021-02-14 01:19:16'),(2956,'Uchitpura','উচিৎপুরা',328,1,1,0,'2021-02-14 01:19:16','2021-02-14 01:19:16'),(2957,'Kalapaharia','কালাপাহাড়িয়া',328,1,1,0,'2021-02-14 01:19:16','2021-02-14 01:19:16'),(2958,'Kagkanda','খাগকান্দা',328,1,1,0,'2021-02-14 01:19:16','2021-02-14 01:19:16'),(2959,'Musapur','মুছাপুর',329,1,1,0,'2021-02-14 01:19:16','2021-02-14 01:19:16'),(2960,'Modonpur','মদনপুর',329,1,1,0,'2021-02-14 01:19:16','2021-02-14 01:19:16'),(2961,'Bandar','বন্দর',329,1,1,0,'2021-02-14 01:19:17','2021-02-14 01:19:17'),(2962,'Dhamgar','ধামগর',329,1,1,0,'2021-02-14 01:19:17','2021-02-14 01:19:17'),(2963,'Kolagathia',' কলাগাছিয়া',329,1,1,0,'2021-02-14 01:19:17','2021-02-14 01:19:17'),(2964,'Alirtek','আলিরটেক',330,1,1,0,'2021-02-14 01:19:17','2021-02-14 01:19:17'),(2965,'Kashipur','কাশীপুর',330,1,1,0,'2021-02-14 01:19:17','2021-02-14 01:19:17'),(2966,'Kutubpur','কুতুবপুর',330,1,1,0,'2021-02-14 01:19:17','2021-02-14 01:19:17'),(2967,'Gognagar','গোগনগর',330,1,1,0,'2021-02-14 01:19:17','2021-02-14 01:19:17'),(2968,'Baktaboli','বক্তাবলী',330,1,1,0,'2021-02-14 01:19:17','2021-02-14 01:19:17'),(2969,'Enayetnagor','এনায়েত নগর',330,1,1,0,'2021-02-14 01:19:17','2021-02-14 01:19:17'),(2970,'Murapara','মুড়াপাড়া',331,1,1,0,'2021-02-14 01:19:17','2021-02-14 01:19:17'),(2971,'Bhulta','ভূলতা',331,1,1,0,'2021-02-14 01:19:17','2021-02-14 01:19:17'),(2972,'Golakandail','গোলাকান্দাইল',331,1,1,0,'2021-02-14 01:19:17','2021-02-14 01:19:17'),(2973,'Daudpur','দাউদপুর',331,1,1,0,'2021-02-14 01:19:17','2021-02-14 01:19:17'),(2974,'Rupganj','রূপগঞ্জ',331,1,1,0,'2021-02-14 01:19:17','2021-02-14 01:19:17'),(2975,'Kayetpara','কায়েতপাড়া',331,1,1,0,'2021-02-14 01:19:17','2021-02-14 01:19:17'),(2976,'Bholobo','ভোলাব',331,1,1,0,'2021-02-14 01:19:17','2021-02-14 01:19:17'),(2977,'Pirojpur','পিরোজপুর',332,1,1,0,'2021-02-14 01:19:17','2021-02-14 01:19:17'),(2978,'Shambhupura','শম্ভুপুরা',332,1,1,0,'2021-02-14 01:19:17','2021-02-14 01:19:17'),(2979,'Mograpara','মোগরাপাড়া',332,1,1,0,'2021-02-14 01:19:17','2021-02-14 01:19:17'),(2980,'Baidyerbazar','বৈদ্যেরবাজার',332,1,1,0,'2021-02-14 01:19:17','2021-02-14 01:19:17'),(2981,'Baradi','বারদী',332,1,1,0,'2021-02-14 01:19:17','2021-02-14 01:19:17'),(2982,'Noagaon','নোয়াগাঁও',332,1,1,0,'2021-02-14 01:19:17','2021-02-14 01:19:17'),(2983,'Jampur','জামপুর',332,1,1,0,'2021-02-14 01:19:17','2021-02-14 01:19:17'),(2984,'Sadipur','সাদীপুর',332,1,1,0,'2021-02-14 01:19:17','2021-02-14 01:19:17'),(2985,'Sonmandi','সনমান্দি',332,1,1,0,'2021-02-14 01:19:17','2021-02-14 01:19:17'),(2986,'Kanchpur','কাচপুর',332,1,1,0,'2021-02-14 01:19:17','2021-02-14 01:19:17'),(2987,'Basail','বাসাইল',333,1,1,0,'2021-02-14 01:19:17','2021-02-14 01:19:17'),(2988,'Kanchanpur','কাঞ্চনপুর',333,1,1,0,'2021-02-14 01:19:18','2021-02-14 01:19:18'),(2989,'Habla','হাবলা',333,1,1,0,'2021-02-14 01:19:18','2021-02-14 01:19:18'),(2990,'Kashil','কাশিল',333,1,1,0,'2021-02-14 01:19:18','2021-02-14 01:19:18'),(2991,'Fulki','ফুলকি',333,1,1,0,'2021-02-14 01:19:18','2021-02-14 01:19:18'),(2992,'Kauljani','কাউলজানী',333,1,1,0,'2021-02-14 01:19:18','2021-02-14 01:19:18'),(2993,'Arjuna','অর্জুনা',334,1,1,0,'2021-02-14 01:19:18','2021-02-14 01:19:18'),(2994,'Gabshara','গাবসারা',334,1,1,0,'2021-02-14 01:19:18','2021-02-14 01:19:18'),(2995,'Falda','ফলদা',334,1,1,0,'2021-02-14 01:19:18','2021-02-14 01:19:18'),(2996,'Gobindashi','গোবিন্দাসী',334,1,1,0,'2021-02-14 01:19:18','2021-02-14 01:19:18'),(2997,'Aloa','আলোয়া',334,1,1,0,'2021-02-14 01:19:18','2021-02-14 01:19:18'),(2998,'Nikrail','নিকরাইল',334,1,1,0,'2021-02-14 01:19:18','2021-02-14 01:19:18'),(2999,'Deuli','দেউলী',335,1,1,0,'2021-02-14 01:19:18','2021-02-14 01:19:18'),(3000,'Lauhati','লাউহাটি',335,1,1,0,'2021-02-14 01:19:18','2021-02-14 01:19:18'),(3001,'Patharail','পাথরাইল',335,1,1,0,'2021-02-14 01:19:18','2021-02-14 01:19:18'),(3002,'Delduar','দেলদুয়ার',335,1,1,0,'2021-02-14 01:19:18','2021-02-14 01:19:18'),(3003,'Fazilhati','ফাজিলহাটি',335,1,1,0,'2021-02-14 01:19:18','2021-02-14 01:19:18'),(3004,'Elasin','এলাসিন',335,1,1,0,'2021-02-14 01:19:18','2021-02-14 01:19:18'),(3005,'Atia','আটিয়া',335,1,1,0,'2021-02-14 01:19:18','2021-02-14 01:19:18'),(3006,'Dubail','ডুবাইল',335,1,1,0,'2021-02-14 01:19:18','2021-02-14 01:19:18'),(3007,'Deulabari','দেউলাবাড়ী',336,1,1,0,'2021-02-14 01:19:18','2021-02-14 01:19:18'),(3008,'Ghatail','ঘাটাইল',336,1,1,0,'2021-02-14 01:19:18','2021-02-14 01:19:18'),(3009,'Jamuria','জামুরিয়া',336,1,1,0,'2021-02-14 01:19:18','2021-02-14 01:19:18'),(3010,'Lokerpara','লোকেরপাড়া',336,1,1,0,'2021-02-14 01:19:18','2021-02-14 01:19:18'),(3011,'Anehola','আনেহলা',336,1,1,0,'2021-02-14 01:19:18','2021-02-14 01:19:18'),(3012,'Dighalkandia','দিঘলকান্দি',336,1,1,0,'2021-02-14 01:19:18','2021-02-14 01:19:18'),(3013,'Digar','দিগড়',336,1,1,0,'2021-02-14 01:19:18','2021-02-14 01:19:18'),(3014,'Deopara','দেওপাড়া',336,1,1,0,'2021-02-14 01:19:19','2021-02-14 01:19:19'),(3015,'Sandhanpur','সন্ধানপুর',336,1,1,0,'2021-02-14 01:19:19','2021-02-14 01:19:19'),(3016,'Rasulpur','রসুলপুর',336,1,1,0,'2021-02-14 01:19:19','2021-02-14 01:19:19'),(3017,'Dhalapara','ধলাপাড়া',336,1,1,0,'2021-02-14 01:19:19','2021-02-14 01:19:19'),(3018,'Hadera','হাদিরা',337,1,1,0,'2021-02-14 01:19:19','2021-02-14 01:19:19'),(3019,'Jhawail','ঝাওয়াইল',337,1,1,0,'2021-02-14 01:19:19','2021-02-14 01:19:19'),(3020,'Nagdashimla','নগদাশিমলা',337,1,1,0,'2021-02-14 01:19:19','2021-02-14 01:19:19'),(3021,'Dhopakandi','ধোপাকান্দি',337,1,1,0,'2021-02-14 01:19:19','2021-02-14 01:19:19'),(3022,'Alamnagor','আলমনগর',337,1,1,0,'2021-02-14 01:19:19','2021-02-14 01:19:19'),(3023,'Hemnagor','হেমনগর',337,1,1,0,'2021-02-14 01:19:19','2021-02-14 01:19:19'),(3024,'Mirzapur','মির্জাপুর',337,1,1,0,'2021-02-14 01:19:19','2021-02-14 01:19:19'),(3025,'Alokdia','আলোকদিয়া',338,1,1,0,'2021-02-14 01:19:19','2021-02-14 01:19:19'),(3026,'Aushnara','আউশনারা',338,1,1,0,'2021-02-14 01:19:19','2021-02-14 01:19:19'),(3027,'Aronkhola','অরণখোলা',338,1,1,0,'2021-02-14 01:19:19','2021-02-14 01:19:19'),(3028,'Sholakuri','শোলাকুড়ি',338,1,1,0,'2021-02-14 01:19:19','2021-02-14 01:19:19'),(3029,'Golabari','গোলাবাড়ী',338,1,1,0,'2021-02-14 01:19:19','2021-02-14 01:19:19'),(3030,'Mirjabari','মির্জাবাড়ী',338,1,1,0,'2021-02-14 01:19:19','2021-02-14 01:19:19'),(3031,'Mahera','মহেড়া',339,1,1,0,'2021-02-14 01:19:19','2021-02-14 01:19:19'),(3032,'Jamurki','জামুর্কী',339,1,1,0,'2021-02-14 01:19:19','2021-02-14 01:19:19'),(3033,'Fatepur','ফতেপুর',339,1,1,0,'2021-02-14 01:19:19','2021-02-14 01:19:19'),(3034,'Banail','বানাইল',339,1,1,0,'2021-02-14 01:19:19','2021-02-14 01:19:19'),(3035,'Anaitara','আনাইতারা',339,1,1,0,'2021-02-14 01:19:19','2021-02-14 01:19:19'),(3036,'Warshi','ওয়ার্শী',339,1,1,0,'2021-02-14 01:19:19','2021-02-14 01:19:19'),(3037,'Bhatram','ভাতগ্রাম',339,1,1,0,'2021-02-14 01:19:19','2021-02-14 01:19:19'),(3038,'Bahuria','বহুরিয়া',339,1,1,0,'2021-02-14 01:19:20','2021-02-14 01:19:20'),(3039,'Gorai','গোড়াই',339,1,1,0,'2021-02-14 01:19:20','2021-02-14 01:19:20'),(3040,'Ajgana','আজগানা',339,1,1,0,'2021-02-14 01:19:20','2021-02-14 01:19:20'),(3041,'Tarafpur','তরফপুর',339,1,1,0,'2021-02-14 01:19:20','2021-02-14 01:19:20'),(3042,'Bastail','বাঁশতৈল',339,1,1,0,'2021-02-14 01:19:20','2021-02-14 01:19:20'),(3043,'Baora','ভাওড়া',339,1,1,0,'2021-02-14 01:19:20','2021-02-14 01:19:20'),(3044,'Latifpur','লতিফপুর',339,1,1,0,'2021-02-14 01:19:20','2021-02-14 01:19:20'),(3045,'Bharra','ভারড়া',340,1,1,0,'2021-02-14 01:19:20','2021-02-14 01:19:20'),(3046,'Sahabathpur','সহবতপুর',340,1,1,0,'2021-02-14 01:19:20','2021-02-14 01:19:20'),(3047,'Goyhata','গয়হাটা',340,1,1,0,'2021-02-14 01:19:20','2021-02-14 01:19:20'),(3048,'Solimabad','সলিমাবাদ',340,1,1,0,'2021-02-14 01:19:20','2021-02-14 01:19:20'),(3049,'Nagorpur','নাগরপুর',340,1,1,0,'2021-02-14 01:19:20','2021-02-14 01:19:20'),(3050,'Mamudnagor','মামুদনগর',340,1,1,0,'2021-02-14 01:19:20','2021-02-14 01:19:20'),(3051,'Mokna','মোকনা',340,1,1,0,'2021-02-14 01:19:20','2021-02-14 01:19:20'),(3052,'Pakutia','পাকুটিয়া',340,1,1,0,'2021-02-14 01:19:20','2021-02-14 01:19:20'),(3053,'Bekrah Atgram','বেকরা আটগ্রাম',340,1,1,0,'2021-02-14 01:19:20','2021-02-14 01:19:20'),(3054,'Dhuburia','ধুবড়িয়া',340,1,1,0,'2021-02-14 01:19:20','2021-02-14 01:19:20'),(3055,'Bhadra','ভাদ্রা',340,1,1,0,'2021-02-14 01:19:20','2021-02-14 01:19:20'),(3056,'Doptior','দপ্তিয়র',340,1,1,0,'2021-02-14 01:19:20','2021-02-14 01:19:20'),(3057,'Kakrajan','কাকড়াজান',341,1,1,0,'2021-02-14 01:19:20','2021-02-14 01:19:20'),(3058,'Gajaria','গজারিয়া',341,1,1,0,'2021-02-14 01:19:20','2021-02-14 01:19:20'),(3059,'Jaduppur','যাদবপুর',341,1,1,0,'2021-02-14 01:19:20','2021-02-14 01:19:20'),(3060,'Hatibandha','হাতীবান্ধা',341,1,1,0,'2021-02-14 01:19:20','2021-02-14 01:19:20'),(3061,'Kalia','কালিয়া',341,1,1,0,'2021-02-14 01:19:20','2021-02-14 01:19:20'),(3062,'Dariapur','দরিয়াপুর',341,1,1,0,'2021-02-14 01:19:20','2021-02-14 01:19:20'),(3063,'Kalmegha','কালমেঘা',341,1,1,0,'2021-02-14 01:19:21','2021-02-14 01:19:21'),(3064,'Baharatoil','বহেড়াতৈল',341,1,1,0,'2021-02-14 01:19:21','2021-02-14 01:19:21'),(3065,'Mogra','মগড়া',342,1,1,0,'2021-02-14 01:19:21','2021-02-14 01:19:21'),(3066,'Gala','গালা',342,1,1,0,'2021-02-14 01:19:21','2021-02-14 01:19:21'),(3067,'Gharinda','ঘারিন্দা',342,1,1,0,'2021-02-14 01:19:21','2021-02-14 01:19:21'),(3068,'Karatia','করটিয়া',342,1,1,0,'2021-02-14 01:19:21','2021-02-14 01:19:21'),(3069,'Silimpur','ছিলিমপুর',342,1,1,0,'2021-02-14 01:19:21','2021-02-14 01:19:21'),(3070,'Porabari','পোড়াবাড়ী',342,1,1,0,'2021-02-14 01:19:21','2021-02-14 01:19:21'),(3071,'Dyenna','দাইন্যা',342,1,1,0,'2021-02-14 01:19:21','2021-02-14 01:19:21'),(3072,'Baghil','বাঘিল',342,1,1,0,'2021-02-14 01:19:21','2021-02-14 01:19:21'),(3073,'Kakua','কাকুয়া',342,1,1,0,'2021-02-14 01:19:21','2021-02-14 01:19:21'),(3074,'Hugra','হুগড়া',342,1,1,0,'2021-02-14 01:19:21','2021-02-14 01:19:21'),(3075,'Katuli','কাতুলী',342,1,1,0,'2021-02-14 01:19:21','2021-02-14 01:19:21'),(3076,'Mahamudnagar','মাহমুদনগর',342,1,1,0,'2021-02-14 01:19:21','2021-02-14 01:19:21'),(3077,'Durgapur','দুর্গাপুর',343,1,1,0,'2021-02-14 01:19:21','2021-02-14 01:19:21'),(3078,'Birbashinda','বীরবাসিন্দা',343,1,1,0,'2021-02-14 01:19:21','2021-02-14 01:19:21'),(3079,'Narandia','নারান্দিয়া',343,1,1,0,'2021-02-14 01:19:21','2021-02-14 01:19:21'),(3080,'Shahadebpur','সহদেবপুর',343,1,1,0,'2021-02-14 01:19:21','2021-02-14 01:19:21'),(3081,'Kokdahara','কোকডহরা',343,1,1,0,'2021-02-14 01:19:21','2021-02-14 01:19:21'),(3082,'Balla','বল্লা',343,1,1,0,'2021-02-14 01:19:21','2021-02-14 01:19:21'),(3083,'Salla','সল্লা',343,1,1,0,'2021-02-14 01:19:21','2021-02-14 01:19:21'),(3084,'Nagbari','নাগবাড়ী',343,1,1,0,'2021-02-14 01:19:21','2021-02-14 01:19:21'),(3085,'Bangra','বাংড়া',343,1,1,0,'2021-02-14 01:19:21','2021-02-14 01:19:21'),(3086,'Paikora','পাইকড়া',343,1,1,0,'2021-02-14 01:19:21','2021-02-14 01:19:21'),(3087,'Dashokia','দশকিয়া',343,1,1,0,'2021-02-14 01:19:21','2021-02-14 01:19:21'),(3088,'Parkhi','পারখী',343,1,1,0,'2021-02-14 01:19:21','2021-02-14 01:19:21'),(3089,'Gohaliabari','গোহালিয়াবাড়ী',343,1,1,0,'2021-02-14 01:19:21','2021-02-14 01:19:21'),(3090,'Dhopakhali','ধোপাখালী',344,1,1,0,'2021-02-14 01:19:22','2021-02-14 01:19:22'),(3091,'Paiska','পাইস্কা',344,1,1,0,'2021-02-14 01:19:22','2021-02-14 01:19:22'),(3092,'Mushuddi','মুশুদ্দি',344,1,1,0,'2021-02-14 01:19:22','2021-02-14 01:19:22'),(3093,'Bolibodrow','বলিভদ্র',344,1,1,0,'2021-02-14 01:19:22','2021-02-14 01:19:22'),(3094,'Birtara','বীরতারা',344,1,1,0,'2021-02-14 01:19:22','2021-02-14 01:19:22'),(3095,'Baniajan','বানিয়াজান',344,1,1,0,'2021-02-14 01:19:22','2021-02-14 01:19:22'),(3096,'Jadunathpur','যদুনাথপুর',344,1,1,0,'2021-02-14 01:19:22','2021-02-14 01:19:22'),(3097,'Chawganga','চৌগাংগা',345,1,1,0,'2021-02-14 01:19:22','2021-02-14 01:19:22'),(3098,'Joysiddi','জয়সিদ্ধি',345,1,1,0,'2021-02-14 01:19:22','2021-02-14 01:19:22'),(3099,'Alonjori','এলংজুরী',345,1,1,0,'2021-02-14 01:19:22','2021-02-14 01:19:22'),(3100,'Badla','বাদলা',345,1,1,0,'2021-02-14 01:19:22','2021-02-14 01:19:22'),(3101,'Boribari','বড়িবাড়ি',345,1,1,0,'2021-02-14 01:19:22','2021-02-14 01:19:22'),(3102,'Itna','ইটনা',345,1,1,0,'2021-02-14 01:19:22','2021-02-14 01:19:22'),(3103,'Mriga','মৃগা',345,1,1,0,'2021-02-14 01:19:22','2021-02-14 01:19:22'),(3104,'Dhonpur','ধনপুর',345,1,1,0,'2021-02-14 01:19:22','2021-02-14 01:19:22'),(3105,'Raytoti','রায়টুটি',345,1,1,0,'2021-02-14 01:19:22','2021-02-14 01:19:22'),(3106,'Banagram','বনগ্রাম',346,1,1,0,'2021-02-14 01:19:22','2021-02-14 01:19:22'),(3107,'Shahasram Dhuldia','সহশ্রাম ধুলদিয়া',346,1,1,0,'2021-02-14 01:19:22','2021-02-14 01:19:22'),(3108,'Kargaon','কারগাঁও',346,1,1,0,'2021-02-14 01:19:22','2021-02-14 01:19:22'),(3109,'Chandpur','চান্দপুর',346,1,1,0,'2021-02-14 01:19:22','2021-02-14 01:19:22'),(3110,'Mumurdia','মুমুরদিয়া',346,1,1,0,'2021-02-14 01:19:22','2021-02-14 01:19:22'),(3111,'Acmita','আচমিতা',346,1,1,0,'2021-02-14 01:19:22','2021-02-14 01:19:22'),(3112,'Mosua','মসূয়া',346,1,1,0,'2021-02-14 01:19:22','2021-02-14 01:19:22'),(3113,'Lohajuree','লোহাজুরী',346,1,1,0,'2021-02-14 01:19:22','2021-02-14 01:19:22'),(3114,'Jalalpur','জালালপুর',346,1,1,0,'2021-02-14 01:19:22','2021-02-14 01:19:22'),(3115,'Sadekpur','সাদেকপুর',347,1,1,0,'2021-02-14 01:19:22','2021-02-14 01:19:22'),(3116,'Aganagar','আগানগর',347,1,1,0,'2021-02-14 01:19:23','2021-02-14 01:19:23'),(3117,'Shimulkandi','শিমুলকান্দি',347,1,1,0,'2021-02-14 01:19:23','2021-02-14 01:19:23'),(3118,'Gajaria','গজারিয়া',347,1,1,0,'2021-02-14 01:19:23','2021-02-14 01:19:23'),(3119,'Kalika Prashad','কালিকা প্রসাদ',347,1,1,0,'2021-02-14 01:19:23','2021-02-14 01:19:23'),(3120,'Sreenagar','শ্রীনগর',347,1,1,0,'2021-02-14 01:19:23','2021-02-14 01:19:23'),(3121,'Shibpur','শিবপুর',347,1,1,0,'2021-02-14 01:19:23','2021-02-14 01:19:23'),(3122,'Taljanga','তালজাঙ্গা',348,1,1,0,'2021-02-14 01:19:23','2021-02-14 01:19:23'),(3123,'Rauti','রাউতি',348,1,1,0,'2021-02-14 01:19:23','2021-02-14 01:19:23'),(3124,'Dhola','ধলা',348,1,1,0,'2021-02-14 01:19:23','2021-02-14 01:19:23'),(3125,'Jawar','জাওয়ার',348,1,1,0,'2021-02-14 01:19:23','2021-02-14 01:19:23'),(3126,'Damiha','দামিহা',348,1,1,0,'2021-02-14 01:19:23','2021-02-14 01:19:23'),(3127,'Digdair','দিগদাইর',348,1,1,0,'2021-02-14 01:19:23','2021-02-14 01:19:23'),(3128,'Tarail-Sachail','তাড়াইল-সাচাইল',348,1,1,0,'2021-02-14 01:19:23','2021-02-14 01:19:23'),(3129,'Jinari','জিনারী',349,1,1,0,'2021-02-14 01:19:23','2021-02-14 01:19:23'),(3130,'Gobindapur','গোবিন্দপুর',349,1,1,0,'2021-02-14 01:19:23','2021-02-14 01:19:23'),(3131,'Sidhla','সিদলা',349,1,1,0,'2021-02-14 01:19:23','2021-02-14 01:19:23'),(3132,'Araibaria','আড়াইবাড়িয়া',349,1,1,0,'2021-02-14 01:19:23','2021-02-14 01:19:23'),(3133,'Sahedal','সাহেদল',349,1,1,0,'2021-02-14 01:19:23','2021-02-14 01:19:23'),(3134,'Pumdi','পুমদি',349,1,1,0,'2021-02-14 01:19:23','2021-02-14 01:19:23'),(3135,'Jangalia','জাঙ্গালিয়া',350,1,1,0,'2021-02-14 01:19:23','2021-02-14 01:19:23'),(3136,'Hosendi','হোসেনদি',350,1,1,0,'2021-02-14 01:19:23','2021-02-14 01:19:23'),(3137,'Narandi','নারান্দি',350,1,1,0,'2021-02-14 01:19:23','2021-02-14 01:19:23'),(3138,'Shukhia','সুখিয়া',350,1,1,0,'2021-02-14 01:19:23','2021-02-14 01:19:23'),(3139,'Patuavabga','পটুয়াভাঙ্গা',350,1,1,0,'2021-02-14 01:19:23','2021-02-14 01:19:23'),(3140,'Chandipasha','চান্দিপাশা',350,1,1,0,'2021-02-14 01:19:23','2021-02-14 01:19:23'),(3141,'Charfaradi','চারফারাদি',350,1,1,0,'2021-02-14 01:19:23','2021-02-14 01:19:23'),(3142,'Burudia','বুড়ুদিয়া',350,1,1,0,'2021-02-14 01:19:24','2021-02-14 01:19:24'),(3143,'Egarasindur','ইজারাসিন্দুর',350,1,1,0,'2021-02-14 01:19:24','2021-02-14 01:19:24'),(3144,'Pakundia','পাকন্দিয়া',350,1,1,0,'2021-02-14 01:19:24','2021-02-14 01:19:24'),(3145,'Ramdi','রামদী',351,1,1,0,'2021-02-14 01:19:24','2021-02-14 01:19:24'),(3146,'Osmanpur','উছমানপুর',351,1,1,0,'2021-02-14 01:19:24','2021-02-14 01:19:24'),(3147,'Chhaysuti','ছয়সূতী',351,1,1,0,'2021-02-14 01:19:24','2021-02-14 01:19:24'),(3148,'Salua','সালুয়া',351,1,1,0,'2021-02-14 01:19:24','2021-02-14 01:19:24'),(3149,'Gobaria Abdullahpur','গোবরিয়া আব্দুল্লাহপুর',351,1,1,0,'2021-02-14 01:19:24','2021-02-14 01:19:24'),(3150,'Faridpur','ফরিদপুর',351,1,1,0,'2021-02-14 01:19:24','2021-02-14 01:19:24'),(3151,'Rashidabad','রশিদাবাদ',352,1,1,0,'2021-02-14 01:19:24','2021-02-14 01:19:24'),(3152,'Latibabad','লতিবাবাদ',352,1,1,0,'2021-02-14 01:19:24','2021-02-14 01:19:24'),(3153,'Maizkhapan','মাইজখাপন',352,1,1,0,'2021-02-14 01:19:24','2021-02-14 01:19:24'),(3154,'Mohinanda','মহিনন্দ',352,1,1,0,'2021-02-14 01:19:24','2021-02-14 01:19:24'),(3155,'Joshodal','যশোদল',352,1,1,0,'2021-02-14 01:19:24','2021-02-14 01:19:24'),(3156,'Bowlai','বৌলাই',352,1,1,0,'2021-02-14 01:19:24','2021-02-14 01:19:24'),(3157,'Binnati','বিন্নাটি',352,1,1,0,'2021-02-14 01:19:24','2021-02-14 01:19:24'),(3158,'Maria','মারিয়া',352,1,1,0,'2021-02-14 01:19:24','2021-02-14 01:19:24'),(3159,'Chowddoshata','চৌদ্দশত',352,1,1,0,'2021-02-14 01:19:24','2021-02-14 01:19:24'),(3160,'Karshakarial','কর্শাকড়িয়াইল',352,1,1,0,'2021-02-14 01:19:24','2021-02-14 01:19:24'),(3161,'Danapatuli','দানাপাটুলী',352,1,1,0,'2021-02-14 01:19:24','2021-02-14 01:19:24'),(3162,'Kadirjangal','কাদিরজঙ্গল',353,1,1,0,'2021-02-14 01:19:24','2021-02-14 01:19:24'),(3163,'Gujadia','গুজাদিয়া',353,1,1,0,'2021-02-14 01:19:24','2021-02-14 01:19:24'),(3164,'Kiraton','কিরাটন',353,1,1,0,'2021-02-14 01:19:24','2021-02-14 01:19:24'),(3165,'Barogharia','বারঘড়িয়া',353,1,1,0,'2021-02-14 01:19:24','2021-02-14 01:19:24'),(3166,'Niamatpur','নিয়ামতপুর',353,1,1,0,'2021-02-14 01:19:24','2021-02-14 01:19:24'),(3167,'Dehunda','দেহুন্দা',353,1,1,0,'2021-02-14 01:19:24','2021-02-14 01:19:24'),(3168,'Sutarpara','সুতারপাড়া',353,1,1,0,'2021-02-14 01:19:25','2021-02-14 01:19:25'),(3169,'Gunodhar','গুনধর',353,1,1,0,'2021-02-14 01:19:25','2021-02-14 01:19:25'),(3170,'Joyka','জয়কা',353,1,1,0,'2021-02-14 01:19:25','2021-02-14 01:19:25'),(3171,'Zafrabad','জাফরাবাদ',353,1,1,0,'2021-02-14 01:19:25','2021-02-14 01:19:25'),(3172,'Noabad','নোয়াবাদ',353,1,1,0,'2021-02-14 01:19:25','2021-02-14 01:19:25'),(3173,'Kailag','কৈলাগ',354,1,1,0,'2021-02-14 01:19:25','2021-02-14 01:19:25'),(3174,'Pirijpur','পিরিজপুর',354,1,1,0,'2021-02-14 01:19:25','2021-02-14 01:19:25'),(3175,'Gazirchar','গাজীরচর',354,1,1,0,'2021-02-14 01:19:25','2021-02-14 01:19:25'),(3176,'Hilochia','হিলচিয়া',354,1,1,0,'2021-02-14 01:19:25','2021-02-14 01:19:25'),(3177,'Maijchar9','মাইজচর',354,1,1,0,'2021-02-14 01:19:25','2021-02-14 01:19:25'),(3178,'Homypur','হুমাইপর',354,1,1,0,'2021-02-14 01:19:25','2021-02-14 01:19:25'),(3179,'Halimpur','হালিমপুর',354,1,1,0,'2021-02-14 01:19:25','2021-02-14 01:19:25'),(3180,'Sararchar','সরারচর',354,1,1,0,'2021-02-14 01:19:25','2021-02-14 01:19:25'),(3181,'Dilalpur','দিলালপুর',354,1,1,0,'2021-02-14 01:19:25','2021-02-14 01:19:25'),(3182,'Dighirpar','দিঘীরপাড়',354,1,1,0,'2021-02-14 01:19:25','2021-02-14 01:19:25'),(3183,'Boliardi','বলিয়ার্দী',354,1,1,0,'2021-02-14 01:19:25','2021-02-14 01:19:25'),(3184,'Dewghar','দেওঘর',355,1,1,0,'2021-02-14 01:19:25','2021-02-14 01:19:25'),(3185,'Kastul','কাস্তুল',355,1,1,0,'2021-02-14 01:19:25','2021-02-14 01:19:25'),(3186,'Austagram Sadar','অষ্টগ্রাম সদর',355,1,1,0,'2021-02-14 01:19:25','2021-02-14 01:19:25'),(3187,'Bangalpara','বাঙ্গালপাড়া',355,1,1,0,'2021-02-14 01:19:25','2021-02-14 01:19:25'),(3188,'Kalma','কলমা',355,1,1,0,'2021-02-14 01:19:25','2021-02-14 01:19:25'),(3189,'Adampur','আদমপুর',355,1,1,0,'2021-02-14 01:19:25','2021-02-14 01:19:25'),(3190,'Khyerpur-Abdullahpur','খয়েরপুর-আব্দুল্লাপুর',355,1,1,0,'2021-02-14 01:19:25','2021-02-14 01:19:25'),(3191,'Purba Austagram','পূর্ব অষ্টগ্রাম',355,1,1,0,'2021-02-14 01:19:25','2021-02-14 01:19:25'),(3192,'Gopdighi','গোপদিঘী',356,1,1,0,'2021-02-14 01:19:26','2021-02-14 01:19:26'),(3193,'Mithamoin','মিঠামইন',356,1,1,0,'2021-02-14 01:19:26','2021-02-14 01:19:26'),(3194,'Dhaki','ঢাকী',356,1,1,0,'2021-02-14 01:19:26','2021-02-14 01:19:26'),(3195,'Ghagra','ঘাগড়া',356,1,1,0,'2021-02-14 01:19:26','2021-02-14 01:19:26'),(3196,'Keoarjore','কেওয়ারজোর',356,1,1,0,'2021-02-14 01:19:26','2021-02-14 01:19:26'),(3197,'Katkhal','কাটখাল',356,1,1,0,'2021-02-14 01:19:26','2021-02-14 01:19:26'),(3198,'Bairati','বৈরাটি',356,1,1,0,'2021-02-14 01:19:26','2021-02-14 01:19:26'),(3199,'Chatirchar','ছাতিরচর',357,1,1,0,'2021-02-14 01:19:26','2021-02-14 01:19:26'),(3200,'Guroi','গুরই',357,1,1,0,'2021-02-14 01:19:26','2021-02-14 01:19:26'),(3201,'Jaraitala','জারইতলা',357,1,1,0,'2021-02-14 01:19:26','2021-02-14 01:19:26'),(3202,'Nikli Sadar','নিকলী সদর',357,1,1,0,'2021-02-14 01:19:26','2021-02-14 01:19:26'),(3203,'Karpasa','কারপাশা',357,1,1,0,'2021-02-14 01:19:26','2021-02-14 01:19:26'),(3204,'Dampara','দামপাড়া',357,1,1,0,'2021-02-14 01:19:26','2021-02-14 01:19:26'),(3205,'Singpur','সিংপুর',357,1,1,0,'2021-02-14 01:19:26','2021-02-14 01:19:26'),(3206,'Balla','বাল্লা',358,1,1,0,'2021-02-14 01:19:26','2021-02-14 01:19:26'),(3207,'Gala','গালা',358,1,1,0,'2021-02-14 01:19:26','2021-02-14 01:19:26'),(3208,'Chala','চালা',358,1,1,0,'2021-02-14 01:19:26','2021-02-14 01:19:26'),(3209,'Blara','বলড়া',358,1,1,0,'2021-02-14 01:19:26','2021-02-14 01:19:26'),(3210,'Harukandi','হারুকান্দি',358,1,1,0,'2021-02-14 01:19:26','2021-02-14 01:19:26'),(3211,'Baira','বয়রা',358,1,1,0,'2021-02-14 01:19:26','2021-02-14 01:19:26'),(3212,'Ramkrishnapur','রামকৃঞ্চপুর',358,1,1,0,'2021-02-14 01:19:26','2021-02-14 01:19:26'),(3213,'Gopinathpur','গোপীনাথপুর',358,1,1,0,'2021-02-14 01:19:26','2021-02-14 01:19:26'),(3214,'Kanchanpur','কাঞ্চনপুর',358,1,1,0,'2021-02-14 01:19:26','2021-02-14 01:19:26'),(3215,'Lacharagonj','লেছড়াগঞ্জ',358,1,1,0,'2021-02-14 01:19:26','2021-02-14 01:19:26'),(3216,'Sutalorie','সুতালড়ী',358,1,1,0,'2021-02-14 01:19:26','2021-02-14 01:19:26'),(3217,'Dhulsura','ধূলশুড়া',358,1,1,0,'2021-02-14 01:19:26','2021-02-14 01:19:26'),(3218,'Azimnagar','আজিমনগর',358,1,1,0,'2021-02-14 01:19:26','2021-02-14 01:19:26'),(3219,'Baried','বরাইদ',359,1,1,0,'2021-02-14 01:19:27','2021-02-14 01:19:27'),(3220,'Dighulia','দিঘুলিয়া',359,1,1,0,'2021-02-14 01:19:27','2021-02-14 01:19:27'),(3221,'Baliyati','বালিয়াটি',359,1,1,0,'2021-02-14 01:19:27','2021-02-14 01:19:27'),(3222,'Dargram','দড়গ্রাম',359,1,1,0,'2021-02-14 01:19:27','2021-02-14 01:19:27'),(3223,'Tilli','তিল্লী',359,1,1,0,'2021-02-14 01:19:27','2021-02-14 01:19:27'),(3224,'Hargaj','হরগজ',359,1,1,0,'2021-02-14 01:19:27','2021-02-14 01:19:27'),(3225,'Saturia','সাটুরিয়া',359,1,1,0,'2021-02-14 01:19:27','2021-02-14 01:19:27'),(3226,'Dhankora','ধানকোড়া',359,1,1,0,'2021-02-14 01:19:27','2021-02-14 01:19:27'),(3227,'Fukurhati','ফুকুরহাটি',359,1,1,0,'2021-02-14 01:19:27','2021-02-14 01:19:27'),(3228,'Betila-Mitara','বেতিলা-মিতরা',360,1,1,0,'2021-02-14 01:19:27','2021-02-14 01:19:27'),(3229,'Jagir','জাগীর',360,1,1,0,'2021-02-14 01:19:27','2021-02-14 01:19:27'),(3230,'Atigram','আটিগ্রাম',360,1,1,0,'2021-02-14 01:19:27','2021-02-14 01:19:27'),(3231,'Dighi','দিঘী',360,1,1,0,'2021-02-14 01:19:27','2021-02-14 01:19:27'),(3232,'Putile','পুটাইল',360,1,1,0,'2021-02-14 01:19:27','2021-02-14 01:19:27'),(3233,'Hatipara','হাটিপাড়া',360,1,1,0,'2021-02-14 01:19:27','2021-02-14 01:19:27'),(3234,'Vararia','ভাড়ারিয়া',360,1,1,0,'2021-02-14 01:19:27','2021-02-14 01:19:27'),(3235,'Nbogram','নবগ্রাম',360,1,1,0,'2021-02-14 01:19:27','2021-02-14 01:19:27'),(3236,'Garpara','গড়পাড়া',360,1,1,0,'2021-02-14 01:19:27','2021-02-14 01:19:27'),(3237,'Krishnapur','কৃঞ্চপুর',360,1,1,0,'2021-02-14 01:19:27','2021-02-14 01:19:27'),(3238,'Paila','পয়লা',361,1,1,0,'2021-02-14 01:19:27','2021-02-14 01:19:27'),(3239,'Shingzuri','সিংজুড়ী',361,1,1,0,'2021-02-14 01:19:27','2021-02-14 01:19:27'),(3240,'Baliyakhora','বালিয়াখোড়া',361,1,1,0,'2021-02-14 01:19:27','2021-02-14 01:19:27'),(3241,'Gior','ঘিওর',361,1,1,0,'2021-02-14 01:19:27','2021-02-14 01:19:27'),(3242,'Bartia','বড়টিয়া',361,1,1,0,'2021-02-14 01:19:27','2021-02-14 01:19:27'),(3243,'Baniazuri','বানিয়াজুড়ী',361,1,1,0,'2021-02-14 01:19:27','2021-02-14 01:19:27'),(3244,'Nalee','নালী',361,1,1,0,'2021-02-14 01:19:27','2021-02-14 01:19:27'),(3245,'Teota','তেওতা',362,1,1,0,'2021-02-14 01:19:27','2021-02-14 01:19:27'),(3246,'Utholi','উথলী',362,1,1,0,'2021-02-14 01:19:27','2021-02-14 01:19:27'),(3247,'Shibaloy','শিবালয়',362,1,1,0,'2021-02-14 01:19:27','2021-02-14 01:19:27'),(3248,'Ulayel','উলাইল',362,1,1,0,'2021-02-14 01:19:28','2021-02-14 01:19:28'),(3249,'Aruoa','আরুয়া',362,1,1,0,'2021-02-14 01:19:28','2021-02-14 01:19:28'),(3250,'Mohadebpur','মহাদেবপুর',362,1,1,0,'2021-02-14 01:19:28','2021-02-14 01:19:28'),(3251,'Shimulia','শিমুলিয়া',362,1,1,0,'2021-02-14 01:19:28','2021-02-14 01:19:28'),(3252,'Charkataree','চরকাটারী',363,1,1,0,'2021-02-14 01:19:28','2021-02-14 01:19:28'),(3253,'Bachamara','বাচামারা',363,1,1,0,'2021-02-14 01:19:28','2021-02-14 01:19:28'),(3254,'Baghutia','বাঘুটিয়া',363,1,1,0,'2021-02-14 01:19:28','2021-02-14 01:19:28'),(3255,'Zionpur','জিয়নপুর',363,1,1,0,'2021-02-14 01:19:28','2021-02-14 01:19:28'),(3256,'Khalshi','খলশী',363,1,1,0,'2021-02-14 01:19:28','2021-02-14 01:19:28'),(3257,'Chakmirpur','চকমিরপুর',363,1,1,0,'2021-02-14 01:19:28','2021-02-14 01:19:28'),(3258,'Klia','কলিয়া',363,1,1,0,'2021-02-14 01:19:28','2021-02-14 01:19:28'),(3259,'Dhamswar','ধামশ্বর',363,1,1,0,'2021-02-14 01:19:28','2021-02-14 01:19:28'),(3260,'Buyra','বায়রা',364,1,1,0,'2021-02-14 01:19:28','2021-02-14 01:19:28'),(3261,'Talebpur','তালেবপুর',364,1,1,0,'2021-02-14 01:19:28','2021-02-14 01:19:28'),(3262,'Singiar','সিংগাইর',364,1,1,0,'2021-02-14 01:19:28','2021-02-14 01:19:28'),(3263,'Baldhara','বলধারা',364,1,1,0,'2021-02-14 01:19:28','2021-02-14 01:19:28'),(3264,'Zamsha','জামশা',364,1,1,0,'2021-02-14 01:19:28','2021-02-14 01:19:28'),(3265,'Charigram','চারিগ্রাম',364,1,1,0,'2021-02-14 01:19:28','2021-02-14 01:19:28'),(3266,'Shayesta','শায়েস্তা',364,1,1,0,'2021-02-14 01:19:28','2021-02-14 01:19:28'),(3267,'Joymonto','জয়মন্টপ',364,1,1,0,'2021-02-14 01:19:28','2021-02-14 01:19:28'),(3268,'Dhalla','ধল্লা',364,1,1,0,'2021-02-14 01:19:28','2021-02-14 01:19:28'),(3269,'Jamirta','জার্মিতা',364,1,1,0,'2021-02-14 01:19:28','2021-02-14 01:19:28'),(3270,'Chandhar','চান্দহর',364,1,1,0,'2021-02-14 01:19:28','2021-02-14 01:19:28'),(3271,'Savar','সাভার',365,1,1,0,'2021-02-14 01:19:28','2021-02-14 01:19:28'),(3272,'Birulia','বিরুলিয়া',365,1,1,0,'2021-02-14 01:19:28','2021-02-14 01:19:28'),(3273,'Dhamsona','ধামসোনা',365,1,1,0,'2021-02-14 01:19:28','2021-02-14 01:19:28'),(3274,'Shimulia','শিমুলিয়া',365,1,1,0,'2021-02-14 01:19:29','2021-02-14 01:19:29'),(3275,'Ashulia','আশুলিয়া',365,1,1,0,'2021-02-14 01:19:29','2021-02-14 01:19:29'),(3276,'Yearpur','ইয়ারপুর',365,1,1,0,'2021-02-14 01:19:29','2021-02-14 01:19:29'),(3277,'Vakurta','ভাকুর্তা',365,1,1,0,'2021-02-14 01:19:29','2021-02-14 01:19:29'),(3278,'Pathalia','পাথালিয়া',365,1,1,0,'2021-02-14 01:19:29','2021-02-14 01:19:29'),(3279,'Bongaon','বনগাঁও',365,1,1,0,'2021-02-14 01:19:29','2021-02-14 01:19:29'),(3280,'Kaundia','কাউন্দিয়া',365,1,1,0,'2021-02-14 01:19:29','2021-02-14 01:19:29'),(3281,'Tetuljhora','তেঁতুলঝোড়া',365,1,1,0,'2021-02-14 01:19:29','2021-02-14 01:19:29'),(3282,'Aminbazar','আমিনবাজার',365,1,1,0,'2021-02-14 01:19:29','2021-02-14 01:19:29'),(3283,'Chauhat','চৌহাট',366,1,1,0,'2021-02-14 01:19:29','2021-02-14 01:19:29'),(3284,'Amta','আমতা',366,1,1,0,'2021-02-14 01:19:29','2021-02-14 01:19:29'),(3285,'Balia','বালিয়া',366,1,1,0,'2021-02-14 01:19:29','2021-02-14 01:19:29'),(3286,'Jadabpur','যাদবপুর',366,1,1,0,'2021-02-14 01:19:29','2021-02-14 01:19:29'),(3287,'Baisakanda','বাইশাকান্দা',366,1,1,0,'2021-02-14 01:19:29','2021-02-14 01:19:29'),(3288,'Kushura','কুশুরা',366,1,1,0,'2021-02-14 01:19:29','2021-02-14 01:19:29'),(3289,'Gangutia','গাংগুটিয়া',366,1,1,0,'2021-02-14 01:19:29','2021-02-14 01:19:29'),(3290,'Sanora','সানোড়া',366,1,1,0,'2021-02-14 01:19:29','2021-02-14 01:19:29'),(3291,'Sutipara','সূতিপাড়া',366,1,1,0,'2021-02-14 01:19:29','2021-02-14 01:19:29'),(3292,'Sombhag','সোমভাগ',366,1,1,0,'2021-02-14 01:19:29','2021-02-14 01:19:29'),(3293,'Vararia','ভাড়ারিয়া',366,1,1,0,'2021-02-14 01:19:29','2021-02-14 01:19:29'),(3294,'Dhamrai','ধামরাই',366,1,1,0,'2021-02-14 01:19:29','2021-02-14 01:19:29'),(3295,'Kulla','কুল্লা',366,1,1,0,'2021-02-14 01:19:29','2021-02-14 01:19:29'),(3296,'Rowail','রোয়াইল',366,1,1,0,'2021-02-14 01:19:29','2021-02-14 01:19:29'),(3297,'Suapur','সুয়াপুর',366,1,1,0,'2021-02-14 01:19:29','2021-02-14 01:19:29'),(3298,'Nannar','নান্নার',366,1,1,0,'2021-02-14 01:19:29','2021-02-14 01:19:29'),(3299,'Hazratpur','হযরতপুর',367,1,1,0,'2021-02-14 01:19:30','2021-02-14 01:19:30'),(3300,'Kalatia','কলাতিয়া',367,1,1,0,'2021-02-14 01:19:30','2021-02-14 01:19:30'),(3301,'Taranagar','তারানগর',367,1,1,0,'2021-02-14 01:19:30','2021-02-14 01:19:30'),(3302,'Sakta','শাক্তা',367,1,1,0,'2021-02-14 01:19:30','2021-02-14 01:19:30'),(3303,'Ruhitpur','রোহিতপুর',367,1,1,0,'2021-02-14 01:19:30','2021-02-14 01:19:30'),(3304,'Basta','বাস্তা',367,1,1,0,'2021-02-14 01:19:30','2021-02-14 01:19:30'),(3305,'Kalindi','কালিন্দি',367,1,1,0,'2021-02-14 01:19:30','2021-02-14 01:19:30'),(3306,'Zinzira','জিনজিরা',367,1,1,0,'2021-02-14 01:19:30','2021-02-14 01:19:30'),(3307,'Suvadda','শুভাঢ্যা',367,1,1,0,'2021-02-14 01:19:30','2021-02-14 01:19:30'),(3308,'Taghoria','তেঘরিয়া',367,1,1,0,'2021-02-14 01:19:30','2021-02-14 01:19:30'),(3309,'Konda','কোন্ডা',367,1,1,0,'2021-02-14 01:19:30','2021-02-14 01:19:30'),(3310,'Aganagar','আগানগর',367,1,1,0,'2021-02-14 01:19:30','2021-02-14 01:19:30'),(3311,'Shikaripara','শিকারীপাড়া',368,1,1,0,'2021-02-14 01:19:30','2021-02-14 01:19:30'),(3312,'Joykrishnapur','জয়কৃষ্ণপুর',368,1,1,0,'2021-02-14 01:19:30','2021-02-14 01:19:30'),(3313,'Baruakhali','বারুয়াখালী',368,1,1,0,'2021-02-14 01:19:30','2021-02-14 01:19:30'),(3314,'Nayansree','নয়নশ্রী',368,1,1,0,'2021-02-14 01:19:30','2021-02-14 01:19:30'),(3315,'Sholla','শোল্লা',368,1,1,0,'2021-02-14 01:19:30','2021-02-14 01:19:30'),(3316,'Jantrail','যন্ত্রাইল',368,1,1,0,'2021-02-14 01:19:30','2021-02-14 01:19:30'),(3317,'Bandura','বান্দুরা',368,1,1,0,'2021-02-14 01:19:30','2021-02-14 01:19:30'),(3318,'Kalakopa','কলাকোপা',368,1,1,0,'2021-02-14 01:19:30','2021-02-14 01:19:30'),(3319,'Bakshanagar','বক্সনগর',368,1,1,0,'2021-02-14 01:19:30','2021-02-14 01:19:30'),(3320,'Barrah','বাহ্রা',368,1,1,0,'2021-02-14 01:19:30','2021-02-14 01:19:30'),(3321,'Kailail','কৈলাইল',368,1,1,0,'2021-02-14 01:19:30','2021-02-14 01:19:30'),(3322,'Agla','আগলা',368,1,1,0,'2021-02-14 01:19:30','2021-02-14 01:19:30'),(3323,'Galimpur','গালিমপুর',368,1,1,0,'2021-02-14 01:19:30','2021-02-14 01:19:30'),(3324,'Churain','চুড়াইন',368,1,1,0,'2021-02-14 01:19:31','2021-02-14 01:19:31'),(3325,'Nayabari','নয়াবাড়ী',369,1,1,0,'2021-02-14 01:19:31','2021-02-14 01:19:31'),(3326,'Kusumhathi','কুসুমহাটি',369,1,1,0,'2021-02-14 01:19:31','2021-02-14 01:19:31'),(3327,'Raipara','রাইপাড়া',369,1,1,0,'2021-02-14 01:19:31','2021-02-14 01:19:31'),(3328,'Sutarpara','সুতারপাড়া',369,1,1,0,'2021-02-14 01:19:31','2021-02-14 01:19:31'),(3329,'Narisha','নারিশা',369,1,1,0,'2021-02-14 01:19:31','2021-02-14 01:19:31'),(3330,'Muksudpur','মুকসুদপুর',369,1,1,0,'2021-02-14 01:19:31','2021-02-14 01:19:31'),(3331,'Mahmudpur','মাহমুদপুর',369,1,1,0,'2021-02-14 01:19:31','2021-02-14 01:19:31'),(3332,'Bilaspur','বিলাসপুর',369,1,1,0,'2021-02-14 01:19:31','2021-02-14 01:19:31'),(3333,'Rampal','রামপাল',370,1,1,0,'2021-02-14 01:19:31','2021-02-14 01:19:31'),(3334,'Panchashar','পঞ্চসার',370,1,1,0,'2021-02-14 01:19:31','2021-02-14 01:19:31'),(3335,'Bajrajogini','বজ্রযোগিনী',370,1,1,0,'2021-02-14 01:19:31','2021-02-14 01:19:31'),(3336,'Mohakali','মহাকালী',370,1,1,0,'2021-02-14 01:19:31','2021-02-14 01:19:31'),(3337,'Charkewar','চরকেওয়ার',370,1,1,0,'2021-02-14 01:19:31','2021-02-14 01:19:31'),(3338,'Mollakandi','মোল্লাকান্দি',370,1,1,0,'2021-02-14 01:19:31','2021-02-14 01:19:31'),(3339,'Adhara','আধারা',370,1,1,0,'2021-02-14 01:19:31','2021-02-14 01:19:31'),(3340,'Shiloy','শিলই',370,1,1,0,'2021-02-14 01:19:31','2021-02-14 01:19:31'),(3341,'Banglabazar','বাংলাবাজার',370,1,1,0,'2021-02-14 01:19:31','2021-02-14 01:19:31'),(3342,'Baraikhali','বাড়েখাল',371,1,1,0,'2021-02-14 01:19:31','2021-02-14 01:19:31'),(3343,'Hashara','হাসাড়া',371,1,1,0,'2021-02-14 01:19:31','2021-02-14 01:19:31'),(3344,'Birtara','বাড়তারা',371,1,1,0,'2021-02-14 01:19:31','2021-02-14 01:19:31'),(3345,'Shologhor','ষোলঘর',371,1,1,0,'2021-02-14 01:19:31','2021-02-14 01:19:31'),(3346,'Sreenagar','শ্রীনগর',371,1,1,0,'2021-02-14 01:19:31','2021-02-14 01:19:31'),(3347,'Patabhog','পাঢাভোগ',371,1,1,0,'2021-02-14 01:19:31','2021-02-14 01:19:31'),(3348,'Shamshiddi','শ্যামসিদ্দি',371,1,1,0,'2021-02-14 01:19:32','2021-02-14 01:19:32'),(3349,'Kolapara','কুলাপাড়া',371,1,1,0,'2021-02-14 01:19:32','2021-02-14 01:19:32'),(3350,'Vaggakol','ভাগ্যকুল',371,1,1,0,'2021-02-14 01:19:32','2021-02-14 01:19:32'),(3351,'Bagra','বাঘড়া',371,1,1,0,'2021-02-14 01:19:32','2021-02-14 01:19:32'),(3352,'Rarikhal','রাঢ়ীখাল',371,1,1,0,'2021-02-14 01:19:32','2021-02-14 01:19:32'),(3353,'Kukutia','কুকুটিয়া',371,1,1,0,'2021-02-14 01:19:32','2021-02-14 01:19:32'),(3354,'Atpara','আটপাড়া',371,1,1,0,'2021-02-14 01:19:32','2021-02-14 01:19:32'),(3355,'Tantor','তন্তর',371,1,1,0,'2021-02-14 01:19:32','2021-02-14 01:19:32'),(3356,'Chitracoat','চিত্রকোট',372,1,1,0,'2021-02-14 01:19:32','2021-02-14 01:19:32'),(3357,'Sekhornagar','শেখরনগার',372,1,1,0,'2021-02-14 01:19:32','2021-02-14 01:19:32'),(3358,'Rajanagar','রাজানগর',372,1,1,0,'2021-02-14 01:19:32','2021-02-14 01:19:32'),(3359,'Keyain','কেয়াইন',372,1,1,0,'2021-02-14 01:19:32','2021-02-14 01:19:32'),(3360,'Basail','বাসাইল',372,1,1,0,'2021-02-14 01:19:32','2021-02-14 01:19:32'),(3361,'Baluchar','বালুচর',372,1,1,0,'2021-02-14 01:19:32','2021-02-14 01:19:32'),(3362,'Latabdi','লতাব্দী',372,1,1,0,'2021-02-14 01:19:32','2021-02-14 01:19:32'),(3363,'Rasunia','রশুনিয়া',372,1,1,0,'2021-02-14 01:19:32','2021-02-14 01:19:32'),(3364,'Ichhapura','ইছাপুরা',372,1,1,0,'2021-02-14 01:19:32','2021-02-14 01:19:32'),(3365,'Bairagadi','বয়রাগাদি',372,1,1,0,'2021-02-14 01:19:32','2021-02-14 01:19:32'),(3366,'Malkhanagar','মালখানগর',372,1,1,0,'2021-02-14 01:19:32','2021-02-14 01:19:32'),(3367,'Madhypara','মধ্যপাড়া',372,1,1,0,'2021-02-14 01:19:32','2021-02-14 01:19:32'),(3368,'Kola','কোলা',372,1,1,0,'2021-02-14 01:19:32','2021-02-14 01:19:32'),(3369,'Joyinshar','জৈনসার',372,1,1,0,'2021-02-14 01:19:32','2021-02-14 01:19:32'),(3370,'Medinimandal','মেদিনীমন্ডল',373,1,1,0,'2021-02-14 01:19:32','2021-02-14 01:19:32'),(3371,'Kumarbhog','কুমারভোগ',373,1,1,0,'2021-02-14 01:19:32','2021-02-14 01:19:32'),(3372,'Haldia','হলদিয়া',373,1,1,0,'2021-02-14 01:19:32','2021-02-14 01:19:32'),(3373,'Kanaksar','কনকসার',373,1,1,0,'2021-02-14 01:19:32','2021-02-14 01:19:32'),(3374,'Lohajang-Teotia','লৌহজং-তেওটিয়া',373,1,1,0,'2021-02-14 01:19:33','2021-02-14 01:19:33'),(3375,'Bejgaon','বেজগাঁও',373,1,1,0,'2021-02-14 01:19:33','2021-02-14 01:19:33'),(3376,'Baultoli','বৌলতলী',373,1,1,0,'2021-02-14 01:19:33','2021-02-14 01:19:33'),(3377,'Khidirpara','খিদিরপাড়া',373,1,1,0,'2021-02-14 01:19:33','2021-02-14 01:19:33'),(3378,'Gaodia','গাওদিয়া',373,1,1,0,'2021-02-14 01:19:33','2021-02-14 01:19:33'),(3379,'Kalma','কলমা',373,1,1,0,'2021-02-14 01:19:33','2021-02-14 01:19:33'),(3380,'Gajaria','গজারিয়া',374,1,1,0,'2021-02-14 01:19:33','2021-02-14 01:19:33'),(3381,'Baushia','বাউশিয়া',374,1,1,0,'2021-02-14 01:19:33','2021-02-14 01:19:33'),(3382,'Vaberchar','ভবেরচর',374,1,1,0,'2021-02-14 01:19:33','2021-02-14 01:19:33'),(3383,'Baluakandi','বালুয়াকান্দী',374,1,1,0,'2021-02-14 01:19:33','2021-02-14 01:19:33'),(3384,'Tengarchar','টেংগারচর',374,1,1,0,'2021-02-14 01:19:33','2021-02-14 01:19:33'),(3385,'Hosendee','হোসেন্দী',374,1,1,0,'2021-02-14 01:19:33','2021-02-14 01:19:33'),(3386,'Guagachia','গুয়াগাছিয়া',374,1,1,0,'2021-02-14 01:19:33','2021-02-14 01:19:33'),(3387,'Imampur','ইমামপুর',374,1,1,0,'2021-02-14 01:19:33','2021-02-14 01:19:33'),(3388,'Betka','বেতকা',375,1,1,0,'2021-02-14 01:19:33','2021-02-14 01:19:33'),(3389,'Abdullapur','আব্দুল্লাপুর',375,1,1,0,'2021-02-14 01:19:33','2021-02-14 01:19:33'),(3390,'Sonarong Tongibari','সোনারং টংগীবাড়ী',375,1,1,0,'2021-02-14 01:19:33','2021-02-14 01:19:33'),(3391,'Autshahi','আউটশাহী',375,1,1,0,'2021-02-14 01:19:33','2021-02-14 01:19:33'),(3392,'Arial Baligaon','আড়িয়ল বালিগাঁও',375,1,1,0,'2021-02-14 01:19:33','2021-02-14 01:19:33'),(3393,'Dhipur','ধীপুর',375,1,1,0,'2021-02-14 01:19:33','2021-02-14 01:19:33'),(3394,'Kathadia Shimolia','কাঠাদিয়া শিমুলিয়া',375,1,1,0,'2021-02-14 01:19:33','2021-02-14 01:19:33'),(3395,'Joslong','যশলং',375,1,1,0,'2021-02-14 01:19:33','2021-02-14 01:19:33'),(3396,'Panchgaon','পাঁচগাও',375,1,1,0,'2021-02-14 01:19:33','2021-02-14 01:19:33'),(3397,'Kamarkhara','কামারখাড়া',375,1,1,0,'2021-02-14 01:19:33','2021-02-14 01:19:33'),(3398,'Hasailbanari','হাসাইল বানারী',375,1,1,0,'2021-02-14 01:19:33','2021-02-14 01:19:33'),(3399,'Dighirpar','দিঘীরপাড়',375,1,1,0,'2021-02-14 01:19:33','2021-02-14 01:19:33'),(3400,'Mijanpur','মিজানপুর',376,1,1,0,'2021-02-14 01:19:34','2021-02-14 01:19:34'),(3401,'Borat','বরাট',376,1,1,0,'2021-02-14 01:19:34','2021-02-14 01:19:34'),(3402,'Chandoni','চন্দনী',376,1,1,0,'2021-02-14 01:19:34','2021-02-14 01:19:34'),(3403,'Khangonj','খানগঞ্জ',376,1,1,0,'2021-02-14 01:19:34','2021-02-14 01:19:34'),(3404,'Banibaha','বানীবহ',376,1,1,0,'2021-02-14 01:19:34','2021-02-14 01:19:34'),(3405,'Dadshee','দাদশী',376,1,1,0,'2021-02-14 01:19:34','2021-02-14 01:19:34'),(3406,'Mulghar','মুলঘর',376,1,1,0,'2021-02-14 01:19:34','2021-02-14 01:19:34'),(3407,'Basantapur','বসন্তপুর',376,1,1,0,'2021-02-14 01:19:34','2021-02-14 01:19:34'),(3408,'Khankhanapur','খানখানাপুর',376,1,1,0,'2021-02-14 01:19:34','2021-02-14 01:19:34'),(3409,'Alipur','আলীপুর',376,1,1,0,'2021-02-14 01:19:34','2021-02-14 01:19:34'),(3410,'Ramkantapur','রামকান্তপুর',376,1,1,0,'2021-02-14 01:19:34','2021-02-14 01:19:34'),(3411,'Shahidwahabpur','শহীদওহাবপুর',376,1,1,0,'2021-02-14 01:19:34','2021-02-14 01:19:34'),(3412,'Panchuria','পাঁচুরিয়া',376,1,1,0,'2021-02-14 01:19:34','2021-02-14 01:19:34'),(3413,'Sultanpur','সুলতানপুর',376,1,1,0,'2021-02-14 01:19:34','2021-02-14 01:19:34'),(3414,'Doulatdia','দৌলতদিয়া',377,1,1,0,'2021-02-14 01:19:34','2021-02-14 01:19:34'),(3415,'Debugram','দেবগ্রাম',377,1,1,0,'2021-02-14 01:19:34','2021-02-14 01:19:34'),(3416,'Uzancar','উজানচর',377,1,1,0,'2021-02-14 01:19:34','2021-02-14 01:19:34'),(3417,'Chotovakla','ছোটভাকলা',377,1,1,0,'2021-02-14 01:19:34','2021-02-14 01:19:34'),(3418,'Bahadurpur','বাহাদুরপুর',378,1,1,0,'2021-02-14 01:19:34','2021-02-14 01:19:34'),(3419,'Habashpur','হাবাসপুর',378,1,1,0,'2021-02-14 01:19:34','2021-02-14 01:19:34'),(3420,'Jashai','যশাই',378,1,1,0,'2021-02-14 01:19:34','2021-02-14 01:19:34'),(3421,'Babupara','বাবুপাড়া',378,1,1,0,'2021-02-14 01:19:34','2021-02-14 01:19:34'),(3422,'Mourat','মৌরাট',378,1,1,0,'2021-02-14 01:19:34','2021-02-14 01:19:34'),(3423,'Patta','পাট্টা',378,1,1,0,'2021-02-14 01:19:34','2021-02-14 01:19:34'),(3424,'Sarisha','সরিষা',378,1,1,0,'2021-02-14 01:19:34','2021-02-14 01:19:34'),(3425,'Kalimahar','কলিমহর',378,1,1,0,'2021-02-14 01:19:35','2021-02-14 01:19:35'),(3426,'Kasbamajhail','কসবামাজাইল',378,1,1,0,'2021-02-14 01:19:35','2021-02-14 01:19:35'),(3427,'Machhpara','মাছপাড়া',378,1,1,0,'2021-02-14 01:19:35','2021-02-14 01:19:35'),(3428,'Islampur','ইসলামপুর',379,1,1,0,'2021-02-14 01:19:35','2021-02-14 01:19:35'),(3429,'Baharpur','বহরপুর',379,1,1,0,'2021-02-14 01:19:35','2021-02-14 01:19:35'),(3430,'Nawabpur','নবাবপুর',379,1,1,0,'2021-02-14 01:19:35','2021-02-14 01:19:35'),(3431,'Narua','নারুয়া',379,1,1,0,'2021-02-14 01:19:35','2021-02-14 01:19:35'),(3432,'Baliakandi','বালিয়াকান্দি',379,1,1,0,'2021-02-14 01:19:35','2021-02-14 01:19:35'),(3433,'Janjal','জঙ্গল',379,1,1,0,'2021-02-14 01:19:35','2021-02-14 01:19:35'),(3434,'Jamalpur','জামালপুর',379,1,1,0,'2021-02-14 01:19:35','2021-02-14 01:19:35'),(3435,'Kalukhali','কালুখালী',380,1,1,0,'2021-02-14 01:19:35','2021-02-14 01:19:35'),(3436,'Ratandia','রতনদিয়া',380,1,1,0,'2021-02-14 01:19:35','2021-02-14 01:19:35'),(3437,'Kalikapur','কালিকাপুর',380,1,1,0,'2021-02-14 01:19:35','2021-02-14 01:19:35'),(3438,'Boalia','বোয়ালিয়া',380,1,1,0,'2021-02-14 01:19:35','2021-02-14 01:19:35'),(3439,'Majbari','মাজবাড়ী',380,1,1,0,'2021-02-14 01:19:35','2021-02-14 01:19:35'),(3440,'Madapur','মদাপুর',380,1,1,0,'2021-02-14 01:19:35','2021-02-14 01:19:35'),(3441,'Shawrail','সাওরাইল',380,1,1,0,'2021-02-14 01:19:35','2021-02-14 01:19:35'),(3442,'Mrigi','মৃগী',380,1,1,0,'2021-02-14 01:19:35','2021-02-14 01:19:35'),(3443,'Sirkhara','শিড়খাড়া',381,1,1,0,'2021-02-14 01:19:35','2021-02-14 01:19:35'),(3444,'Bahadurpur','বাহাদুরপুর',381,1,1,0,'2021-02-14 01:19:35','2021-02-14 01:19:35'),(3445,'Kunia','কুনিয়া',381,1,1,0,'2021-02-14 01:19:35','2021-02-14 01:19:35'),(3446,'Peyarpur','পেয়ারপুর',381,1,1,0,'2021-02-14 01:19:35','2021-02-14 01:19:35'),(3447,'Kandua','কেন্দুয়া',381,1,1,0,'2021-02-14 01:19:35','2021-02-14 01:19:35'),(3448,'Mastofapur','মস্তফাপুর',381,1,1,0,'2021-02-14 01:19:35','2021-02-14 01:19:35'),(3449,'Dudkhali','দুধখালী',381,1,1,0,'2021-02-14 01:19:35','2021-02-14 01:19:35'),(3450,'Kalikapur','কালিকাপুর',381,1,1,0,'2021-02-14 01:19:35','2021-02-14 01:19:35'),(3451,'Chilarchar','ছিলারচর',381,1,1,0,'2021-02-14 01:19:36','2021-02-14 01:19:36'),(3452,'Panchkhola','পাঁচখোলা',381,1,1,0,'2021-02-14 01:19:36','2021-02-14 01:19:36'),(3453,'Ghatmajhi','ঘটমাঝি',381,1,1,0,'2021-02-14 01:19:36','2021-02-14 01:19:36'),(3454,'Jhaoudi','ঝাউদী',381,1,1,0,'2021-02-14 01:19:36','2021-02-14 01:19:36'),(3455,'Khoajpur','খোয়াজপুর',381,1,1,0,'2021-02-14 01:19:36','2021-02-14 01:19:36'),(3456,'Rasti','রাস্তি',381,1,1,0,'2021-02-14 01:19:36','2021-02-14 01:19:36'),(3457,'Dhurail','ধুরাইল',381,1,1,0,'2021-02-14 01:19:36','2021-02-14 01:19:36'),(3458,'Shibchar','শিবচর',382,1,1,0,'2021-02-14 01:19:36','2021-02-14 01:19:36'),(3459,'Ditiyakhando','দ্বিতীয়খন্ড',382,1,1,0,'2021-02-14 01:19:36','2021-02-14 01:19:36'),(3460,'Nilokhe','নিলখি',382,1,1,0,'2021-02-14 01:19:36','2021-02-14 01:19:36'),(3461,'Bandarkhola','বন্দরখোলা',382,1,1,0,'2021-02-14 01:19:36','2021-02-14 01:19:36'),(3462,'Charjanazat','চরজানাজাত',382,1,1,0,'2021-02-14 01:19:36','2021-02-14 01:19:36'),(3463,'Madbarerchar','মাদবরেরচর',382,1,1,0,'2021-02-14 01:19:36','2021-02-14 01:19:36'),(3464,'Panchar','পাঁচচর',382,1,1,0,'2021-02-14 01:19:36','2021-02-14 01:19:36'),(3465,'Sannasirchar','সন্যাসিরচর',382,1,1,0,'2021-02-14 01:19:36','2021-02-14 01:19:36'),(3466,'Kathalbari','কাঁঠালবাড়ী',382,1,1,0,'2021-02-14 01:19:36','2021-02-14 01:19:36'),(3467,'Kutubpur','কুতুবপুর',382,1,1,0,'2021-02-14 01:19:36','2021-02-14 01:19:36'),(3468,'Kadirpur','কাদিরপুর',382,1,1,0,'2021-02-14 01:19:36','2021-02-14 01:19:36'),(3469,'Vhandarikandi','ভান্ডারীকান্দি',382,1,1,0,'2021-02-14 01:19:36','2021-02-14 01:19:36'),(3470,'Bahertala South','বহেরাতলা দক্ষিণ',382,1,1,0,'2021-02-14 01:19:36','2021-02-14 01:19:36'),(3471,'Baheratala North','বহেরাতলা উত্তর',382,1,1,0,'2021-02-14 01:19:36','2021-02-14 01:19:36'),(3472,'Baskandi','বাঁশকান্দি',382,1,1,0,'2021-02-14 01:19:36','2021-02-14 01:19:36'),(3473,'Umedpur','উমেদপুর',382,1,1,0,'2021-02-14 01:19:36','2021-02-14 01:19:36'),(3474,'Vhadrasion','ভদ্রাসন',382,1,1,0,'2021-02-14 01:19:36','2021-02-14 01:19:36'),(3475,'Shiruail','শিরুয়াইল',382,1,1,0,'2021-02-14 01:19:36','2021-02-14 01:19:36'),(3476,'Dattapara','দত্তপাড়া',382,1,1,0,'2021-02-14 01:19:36','2021-02-14 01:19:36'),(3477,'Alinagar','আলীনগর',383,1,1,0,'2021-02-14 01:19:36','2021-02-14 01:19:36'),(3478,'Baligram','বালীগ্রাম',383,1,1,0,'2021-02-14 01:19:36','2021-02-14 01:19:36'),(3479,'Basgari','বাঁশগাড়ী',383,1,1,0,'2021-02-14 01:19:37','2021-02-14 01:19:37'),(3480,'Chardoulatkhan','চরদৌলতখান',383,1,1,0,'2021-02-14 01:19:37','2021-02-14 01:19:37'),(3481,'Dashar','ডাসার',383,1,1,0,'2021-02-14 01:19:37','2021-02-14 01:19:37'),(3482,'Enayetnagor','এনায়েতনগর',383,1,1,0,'2021-02-14 01:19:37','2021-02-14 01:19:37'),(3483,'Gopalpur','গোপালপুর',383,1,1,0,'2021-02-14 01:19:37','2021-02-14 01:19:37'),(3484,'Koyaria','কয়ারিয়া',383,1,1,0,'2021-02-14 01:19:37','2021-02-14 01:19:37'),(3485,'Kazibakai','কাজীবাকাই',383,1,1,0,'2021-02-14 01:19:37','2021-02-14 01:19:37'),(3486,'Laxmipur','লক্ষীপুর',383,1,1,0,'2021-02-14 01:19:37','2021-02-14 01:19:37'),(3487,'Nabogram','নবগ্রাম',383,1,1,0,'2021-02-14 01:19:37','2021-02-14 01:19:37'),(3488,'Ramjanpur','রমজানপুর',383,1,1,0,'2021-02-14 01:19:37','2021-02-14 01:19:37'),(3489,'Shahebrampur','সাহেবরামপুর',383,1,1,0,'2021-02-14 01:19:37','2021-02-14 01:19:37'),(3490,'Shikarmongol','শিকারমঙ্গল',383,1,1,0,'2021-02-14 01:19:37','2021-02-14 01:19:37'),(3491,'Haridasdi-Mahendrodi','হরিদাসদী-মহেন্দ্রদী',384,1,1,0,'2021-02-14 01:19:37','2021-02-14 01:19:37'),(3492,'Kadambari','কদমবাড়ী',384,1,1,0,'2021-02-14 01:19:37','2021-02-14 01:19:37'),(3493,'Bajitpur','বাজিতপুর',384,1,1,0,'2021-02-14 01:19:37','2021-02-14 01:19:37'),(3494,'Amgram','আমগ্রাম',384,1,1,0,'2021-02-14 01:19:37','2021-02-14 01:19:37'),(3495,'Rajoir','রাজৈর',384,1,1,0,'2021-02-14 01:19:37','2021-02-14 01:19:37'),(3496,'Khaliya','খালিয়া',384,1,1,0,'2021-02-14 01:19:37','2021-02-14 01:19:37'),(3497,'Ishibpur','ইশিবপুর',384,1,1,0,'2021-02-14 01:19:37','2021-02-14 01:19:37'),(3498,'Badarpasa','বদরপাশা',384,1,1,0,'2021-02-14 01:19:37','2021-02-14 01:19:37'),(3499,'Kabirajpur','কবিরাজপুর',384,1,1,0,'2021-02-14 01:19:37','2021-02-14 01:19:37'),(3500,'Hosenpur','হোসেনপুর',384,1,1,0,'2021-02-14 01:19:37','2021-02-14 01:19:37'),(3501,'Paikpara','পাইকপাড়া',384,1,1,0,'2021-02-14 01:19:37','2021-02-14 01:19:37'),(3502,'Jalalabad','জালালাবাদ',385,1,1,0,'2021-02-14 01:19:37','2021-02-14 01:19:37'),(3503,'Shuktail','শুকতাইল',385,1,1,0,'2021-02-14 01:19:37','2021-02-14 01:19:37'),(3504,'Chandradighalia','চন্দ্রদিঘলিয়া',385,1,1,0,'2021-02-14 01:19:37','2021-02-14 01:19:37'),(3505,'Gopinathpur','গোপীনাথপুর',385,1,1,0,'2021-02-14 01:19:38','2021-02-14 01:19:38'),(3506,'Paikkandi','পাইককান্দি',385,1,1,0,'2021-02-14 01:19:38','2021-02-14 01:19:38'),(3507,'Urfi','উরফি',385,1,1,0,'2021-02-14 01:19:38','2021-02-14 01:19:38'),(3508,'Lotifpur','লতিফপুর',385,1,1,0,'2021-02-14 01:19:38','2021-02-14 01:19:38'),(3509,'Satpar','সাতপাড়',385,1,1,0,'2021-02-14 01:19:38','2021-02-14 01:19:38'),(3510,'Sahapur','সাহাপুর',385,1,1,0,'2021-02-14 01:19:38','2021-02-14 01:19:38'),(3511,'Horidaspur','হরিদাসপুর',385,1,1,0,'2021-02-14 01:19:38','2021-02-14 01:19:38'),(3512,'Ulpur','উলপুর',385,1,1,0,'2021-02-14 01:19:38','2021-02-14 01:19:38'),(3513,'Nizra','নিজড়া',385,1,1,0,'2021-02-14 01:19:38','2021-02-14 01:19:38'),(3514,'Karpara','করপাড়া',385,1,1,0,'2021-02-14 01:19:38','2021-02-14 01:19:38'),(3515,'Durgapur','দুর্গাপুর',385,1,1,0,'2021-02-14 01:19:38','2021-02-14 01:19:38'),(3516,'Kajulia','কাজুলিয়া',385,1,1,0,'2021-02-14 01:19:38','2021-02-14 01:19:38'),(3517,'Majhigati','মাঝিগাতী',385,1,1,0,'2021-02-14 01:19:38','2021-02-14 01:19:38'),(3518,'Roghunathpur','রঘুনাথপুর',385,1,1,0,'2021-02-14 01:19:38','2021-02-14 01:19:38'),(3519,'Gobra','গোবরা',385,1,1,0,'2021-02-14 01:19:38','2021-02-14 01:19:38'),(3520,'Borashi','বোড়াশী',385,1,1,0,'2021-02-14 01:19:38','2021-02-14 01:19:38'),(3521,'Kati','কাঠি',385,1,1,0,'2021-02-14 01:19:38','2021-02-14 01:19:38'),(3522,'Boultali','বৌলতলী',385,1,1,0,'2021-02-14 01:19:38','2021-02-14 01:19:38'),(3523,'Kashiani','কাশিয়ানী',386,1,1,0,'2021-02-14 01:19:38','2021-02-14 01:19:38'),(3524,'Hatiara','হাতিয়াড়া',386,1,1,0,'2021-02-14 01:19:38','2021-02-14 01:19:38'),(3525,'Fukura','ফুকরা',386,1,1,0,'2021-02-14 01:19:38','2021-02-14 01:19:38'),(3526,'Rajpat','রাজপাট',386,1,1,0,'2021-02-14 01:19:38','2021-02-14 01:19:38'),(3527,'Bethuri','বেথুড়ী',386,1,1,0,'2021-02-14 01:19:38','2021-02-14 01:19:38'),(3528,'Nijamkandi','নিজামকান্দি',386,1,1,0,'2021-02-14 01:19:38','2021-02-14 01:19:38'),(3529,'Sajail','সাজাইল',386,1,1,0,'2021-02-14 01:19:38','2021-02-14 01:19:38'),(3530,'Mamudpur','মাহমুদপুর',386,1,1,0,'2021-02-14 01:19:38','2021-02-14 01:19:38'),(3531,'Maheshpur','মহেশপুর',386,1,1,0,'2021-02-14 01:19:39','2021-02-14 01:19:39'),(3532,'Orakandia','ওড়াকান্দি',386,1,1,0,'2021-02-14 01:19:39','2021-02-14 01:19:39'),(3533,'Parulia','পারুলিয়া',386,1,1,0,'2021-02-14 01:19:39','2021-02-14 01:19:39'),(3534,'Ratail','রাতইল',386,1,1,0,'2021-02-14 01:19:39','2021-02-14 01:19:39'),(3535,'Puisur','পুইশুর',386,1,1,0,'2021-02-14 01:19:39','2021-02-14 01:19:39'),(3536,'Singa','সিংগা',386,1,1,0,'2021-02-14 01:19:39','2021-02-14 01:19:39'),(3537,'Kushli','কুশলী',387,1,1,0,'2021-02-14 01:19:39','2021-02-14 01:19:39'),(3538,'Gopalpur','গোপালপুর',387,1,1,0,'2021-02-14 01:19:39','2021-02-14 01:19:39'),(3539,'Patgati','পাটগাতী',387,1,1,0,'2021-02-14 01:19:39','2021-02-14 01:19:39'),(3540,'Borni','বর্ণি',387,1,1,0,'2021-02-14 01:19:39','2021-02-14 01:19:39'),(3541,'Dumaria','ডুমরিয়া',387,1,1,0,'2021-02-14 01:19:39','2021-02-14 01:19:39'),(3542,'Sadullapur','সাদুল্লাপুর',388,1,1,0,'2021-02-14 01:19:39','2021-02-14 01:19:39'),(3543,'Ramshil','রামশীল',388,1,1,0,'2021-02-14 01:19:39','2021-02-14 01:19:39'),(3544,'Bandhabari','বান্ধাবাড়ী',388,1,1,0,'2021-02-14 01:19:39','2021-02-14 01:19:39'),(3545,'Kolabari','কলাবাড়ী',388,1,1,0,'2021-02-14 01:19:39','2021-02-14 01:19:39'),(3546,'Kushla','কুশলা',388,1,1,0,'2021-02-14 01:19:39','2021-02-14 01:19:39'),(3547,'Amtoli','আমতলী',388,1,1,0,'2021-02-14 01:19:39','2021-02-14 01:19:39'),(3548,'Pinjuri','পিঞ্জুরী',388,1,1,0,'2021-02-14 01:19:39','2021-02-14 01:19:39'),(3549,'Ghaghor','ঘাঘর',388,1,1,0,'2021-02-14 01:19:39','2021-02-14 01:19:39'),(3550,'Radhaganj','রাধাগঞ্জ',388,1,1,0,'2021-02-14 01:19:39','2021-02-14 01:19:39'),(3551,'Hiron','হিরণ',388,1,1,0,'2021-02-14 01:19:39','2021-02-14 01:19:39'),(3552,'Kandi','কান্দি',388,1,1,0,'2021-02-14 01:19:39','2021-02-14 01:19:39'),(3553,'Ujani','উজানী',389,1,1,0,'2021-02-14 01:19:39','2021-02-14 01:19:39'),(3554,'Nanikhir','ননীক্ষীর',389,1,1,0,'2021-02-14 01:19:39','2021-02-14 01:19:39'),(3555,'Dignagar','দিগনগর',389,1,1,0,'2021-02-14 01:19:39','2021-02-14 01:19:39'),(3556,'Poshargati','পশারগাতি',389,1,1,0,'2021-02-14 01:19:39','2021-02-14 01:19:39'),(3557,'Gobindopur','গোবিন্দপুর',389,1,1,0,'2021-02-14 01:19:39','2021-02-14 01:19:39'),(3558,'Khandarpara','খান্দারপাড়া',389,1,1,0,'2021-02-14 01:19:40','2021-02-14 01:19:40'),(3559,'Bohugram','বহুগ্রাম',389,1,1,0,'2021-02-14 01:19:40','2021-02-14 01:19:40'),(3560,'Banshbaria','বাশঁবাড়িয়া',389,1,1,0,'2021-02-14 01:19:40','2021-02-14 01:19:40'),(3561,'Vabrashur','ভাবড়াশুর',389,1,1,0,'2021-02-14 01:19:40','2021-02-14 01:19:40'),(3562,'Moharajpur','মহারাজপুর',389,1,1,0,'2021-02-14 01:19:40','2021-02-14 01:19:40'),(3563,'Batikamari','বাটিকামারী',389,1,1,0,'2021-02-14 01:19:40','2021-02-14 01:19:40'),(3564,'Jalirpar','জলিরপাড়',389,1,1,0,'2021-02-14 01:19:40','2021-02-14 01:19:40'),(3565,'Raghdi','রাঘদী',389,1,1,0,'2021-02-14 01:19:40','2021-02-14 01:19:40'),(3566,'Gohala','গোহালা',389,1,1,0,'2021-02-14 01:19:40','2021-02-14 01:19:40'),(3567,'Mochna','মোচনা',389,1,1,0,'2021-02-14 01:19:40','2021-02-14 01:19:40'),(3568,'Kashalia','কাশালিয়া',389,1,1,0,'2021-02-14 01:19:40','2021-02-14 01:19:40'),(3569,'Ishangopalpur','ঈশানগোপালপুর',390,1,1,0,'2021-02-14 01:19:40','2021-02-14 01:19:40'),(3570,'Charmadbdia','চরমাধবদিয়া',390,1,1,0,'2021-02-14 01:19:40','2021-02-14 01:19:40'),(3571,'Aliabad','আলিয়াবাদ',390,1,1,0,'2021-02-14 01:19:40','2021-02-14 01:19:40'),(3572,'Uttarchannel','নর্থচ্যানেল',390,1,1,0,'2021-02-14 01:19:40','2021-02-14 01:19:40'),(3573,'Decreerchar','ডিক্রিরচর',390,1,1,0,'2021-02-14 01:19:40','2021-02-14 01:19:40'),(3574,'Majchar','মাচ্চর',390,1,1,0,'2021-02-14 01:19:40','2021-02-14 01:19:40'),(3575,'Krishnanagar','কৃষ্ণনগর',390,1,1,0,'2021-02-14 01:19:40','2021-02-14 01:19:40'),(3576,'Ambikapur','অম্বিকাপুর',390,1,1,0,'2021-02-14 01:19:40','2021-02-14 01:19:40'),(3577,'Kanaipur','কানাইপুর',390,1,1,0,'2021-02-14 01:19:40','2021-02-14 01:19:40'),(3578,'Kaijuri','কৈজুরী',390,1,1,0,'2021-02-14 01:19:40','2021-02-14 01:19:40'),(3579,'Greda','গেরদা',390,1,1,0,'2021-02-14 01:19:41','2021-02-14 01:19:41'),(3580,'Buraich','বুড়াইচ',391,1,1,0,'2021-02-14 01:19:41','2021-02-14 01:19:41'),(3581,'Alfadanga','আলফাডাঙ্গা',391,1,1,0,'2021-02-14 01:19:41','2021-02-14 01:19:41'),(3582,'Tagarbanda','টগরবন্দ',391,1,1,0,'2021-02-14 01:19:41','2021-02-14 01:19:41'),(3583,'Bana','বানা',391,1,1,0,'2021-02-14 01:19:41','2021-02-14 01:19:41'),(3584,'Panchuria','পাঁচুড়িয়া',391,1,1,0,'2021-02-14 01:19:41','2021-02-14 01:19:41'),(3585,'Gopalpur','গোপালপুর',391,1,1,0,'2021-02-14 01:19:41','2021-02-14 01:19:41'),(3586,'Boalmari','বোয়ালমারী',392,1,1,0,'2021-02-14 01:19:41','2021-02-14 01:19:41'),(3587,'Dadpur','দাদপুর',392,1,1,0,'2021-02-14 01:19:41','2021-02-14 01:19:41'),(3588,'Chatul','চতুল',392,1,1,0,'2021-02-14 01:19:41','2021-02-14 01:19:41'),(3589,'Ghoshpur','ঘোষপুর',392,1,1,0,'2021-02-14 01:19:41','2021-02-14 01:19:41'),(3590,'Gunbaha','গুনবহা',392,1,1,0,'2021-02-14 01:19:41','2021-02-14 01:19:41'),(3591,'Chandpur','চাঁদপুর',392,1,1,0,'2021-02-14 01:19:41','2021-02-14 01:19:41'),(3592,'Parameshwardi','পরমেশ্বরদী',392,1,1,0,'2021-02-14 01:19:41','2021-02-14 01:19:41'),(3593,'Satair','সাতৈর',392,1,1,0,'2021-02-14 01:19:41','2021-02-14 01:19:41'),(3594,'Rupapat','রূপাপাত',392,1,1,0,'2021-02-14 01:19:41','2021-02-14 01:19:41'),(3595,'Shekhar','শেখর',392,1,1,0,'2021-02-14 01:19:41','2021-02-14 01:19:41'),(3596,'Moyna','ময়না',392,1,1,0,'2021-02-14 01:19:41','2021-02-14 01:19:41'),(3597,'Char Bisnopur','চর বিষ্ণুপুর',393,1,1,0,'2021-02-14 01:19:41','2021-02-14 01:19:41'),(3598,'Akoter Char','আকোটের চর',393,1,1,0,'2021-02-14 01:19:42','2021-02-14 01:19:42'),(3599,'Char Nasirpur','চর নাসিরপুর',393,1,1,0,'2021-02-14 01:19:42','2021-02-14 01:19:42'),(3600,'Narikel Bariya','নারিকেল বাড়িয়া',393,1,1,0,'2021-02-14 01:19:42','2021-02-14 01:19:42'),(3601,'Bhashanchar','ভাষানচর',393,1,1,0,'2021-02-14 01:19:42','2021-02-14 01:19:42'),(3602,'Krishnapur','কৃষ্ণপুর',393,1,1,0,'2021-02-14 01:19:42','2021-02-14 01:19:42'),(3603,'Sadarpur','সদরপুর',393,1,1,0,'2021-02-14 01:19:42','2021-02-14 01:19:42'),(3604,'Char Manair','চর মানাইর',393,1,1,0,'2021-02-14 01:19:42','2021-02-14 01:19:42'),(3605,'Dhaukhali','ঢেউখালী',393,1,1,0,'2021-02-14 01:19:42','2021-02-14 01:19:42'),(3606,'Charjashordi','চরযশোরদী',394,1,1,0,'2021-02-14 01:19:42','2021-02-14 01:19:42'),(3607,'Purapara','পুরাপাড়া',394,1,1,0,'2021-02-14 01:19:42','2021-02-14 01:19:42'),(3608,'Laskardia','লস্করদিয়া',394,1,1,0,'2021-02-14 01:19:42','2021-02-14 01:19:42'),(3609,'Ramnagar','রামনগর',394,1,1,0,'2021-02-14 01:19:42','2021-02-14 01:19:42'),(3610,'Kaichail','কাইচাইল',394,1,1,0,'2021-02-14 01:19:42','2021-02-14 01:19:42'),(3611,'Talma','তালমা',394,1,1,0,'2021-02-14 01:19:42','2021-02-14 01:19:42'),(3612,'Fulsuti','ফুলসুতি',394,1,1,0,'2021-02-14 01:19:42','2021-02-14 01:19:42'),(3613,'Dangi','ডাঙ্গী',394,1,1,0,'2021-02-14 01:19:42','2021-02-14 01:19:42'),(3614,'Kodalia Shohidnagar','কোদালিয়া শহিদনগর',394,1,1,0,'2021-02-14 01:19:42','2021-02-14 01:19:42'),(3615,'Gharua','ঘারুয়া',395,1,1,0,'2021-02-14 01:19:42','2021-02-14 01:19:42'),(3616,'Nurullagonj','নুরুল্যাগঞ্জ',395,1,1,0,'2021-02-14 01:19:42','2021-02-14 01:19:42'),(3617,'Manikdha','মানিকদহ',395,1,1,0,'2021-02-14 01:19:42','2021-02-14 01:19:42'),(3618,'Kawlibera','কাউলিবেড়া',395,1,1,0,'2021-02-14 01:19:42','2021-02-14 01:19:42'),(3619,'Nasirabad','নাছিরাবাদ',395,1,1,0,'2021-02-14 01:19:42','2021-02-14 01:19:42'),(3620,'Tujerpur','তুজারপুর',395,1,1,0,'2021-02-14 01:19:42','2021-02-14 01:19:42'),(3621,'Algi','আলগী',395,1,1,0,'2021-02-14 01:19:42','2021-02-14 01:19:42'),(3622,'Chumurdi','চুমুরদী',395,1,1,0,'2021-02-14 01:19:42','2021-02-14 01:19:42'),(3623,'Kalamridha','কালামৃধা',395,1,1,0,'2021-02-14 01:19:42','2021-02-14 01:19:42'),(3624,'Azimnagor','আজিমনগর',395,1,1,0,'2021-02-14 01:19:42','2021-02-14 01:19:42'),(3625,'Chandra','চান্দ্রা',395,1,1,0,'2021-02-14 01:19:42','2021-02-14 01:19:42'),(3626,'Hamirdi','হামিরদী',395,1,1,0,'2021-02-14 01:19:43','2021-02-14 01:19:43'),(3627,'Gazirtek','গাজীরটেক',396,1,1,0,'2021-02-14 01:19:43','2021-02-14 01:19:43'),(3628,'Char Bhadrasan','চর ভদ্রাসন',396,1,1,0,'2021-02-14 01:19:43','2021-02-14 01:19:43'),(3629,'Char Harirampur','চর হরিরামপুর',396,1,1,0,'2021-02-14 01:19:43','2021-02-14 01:19:43'),(3630,'Char Jahukanda','চর ঝাউকান্দা',396,1,1,0,'2021-02-14 01:19:43','2021-02-14 01:19:43'),(3631,'Madhukhali','মধুখালী',397,1,1,0,'2021-02-14 01:19:43','2021-02-14 01:19:43'),(3632,'Jahapur','জাহাপুর',397,1,1,0,'2021-02-14 01:19:43','2021-02-14 01:19:43'),(3633,'Gazna','গাজনা',397,1,1,0,'2021-02-14 01:19:43','2021-02-14 01:19:43'),(3634,'Megchami','মেগচামী',397,1,1,0,'2021-02-14 01:19:43','2021-02-14 01:19:43'),(3635,'Raipur','রায়পুর',397,1,1,0,'2021-02-14 01:19:43','2021-02-14 01:19:43'),(3636,'Bagat','বাগাট',397,1,1,0,'2021-02-14 01:19:43','2021-02-14 01:19:43'),(3637,'Dumain','ডুমাইন',397,1,1,0,'2021-02-14 01:19:43','2021-02-14 01:19:43'),(3638,'Nowpara','নওপাড়া',397,1,1,0,'2021-02-14 01:19:43','2021-02-14 01:19:43'),(3639,'Kamarkhali','কামারখালী',397,1,1,0,'2021-02-14 01:19:43','2021-02-14 01:19:43'),(3640,'Bhawal','ভাওয়াল',398,1,1,0,'2021-02-14 01:19:43','2021-02-14 01:19:43'),(3641,'Atghar','আটঘর',398,1,1,0,'2021-02-14 01:19:43','2021-02-14 01:19:43'),(3642,'Mazadia','মাঝারদিয়া',398,1,1,0,'2021-02-14 01:19:44','2021-02-14 01:19:44'),(3643,'Ballabhdi','বল্লভদী',398,1,1,0,'2021-02-14 01:19:44','2021-02-14 01:19:44'),(3644,'Gatti','গট্টি',398,1,1,0,'2021-02-14 01:19:44','2021-02-14 01:19:44'),(3645,'Jadunandi','যদুনন্দী',398,1,1,0,'2021-02-14 01:19:44','2021-02-14 01:19:44'),(3646,'Ramkantapur','রামকান্তপুর',398,1,1,0,'2021-02-14 01:19:44','2021-02-14 01:19:44'),(3647,'Sonapur','সোনাপুর',398,1,1,0,'2021-02-14 01:19:44','2021-02-14 01:19:44'),(3648,'Panchagarh Sadar','পঞ্চগড় সদর',399,1,1,0,'2021-02-14 01:19:44','2021-02-14 01:19:44'),(3649,'Satmara','সাতমেরা',399,1,1,0,'2021-02-14 01:19:44','2021-02-14 01:19:44'),(3650,'Amarkhana','অমরখানা',399,1,1,0,'2021-02-14 01:19:44','2021-02-14 01:19:44'),(3651,'Haribhasa','হাড়িভাসা',399,1,1,0,'2021-02-14 01:19:44','2021-02-14 01:19:44'),(3652,'Chaklahat','চাকলাহাট',399,1,1,0,'2021-02-14 01:19:44','2021-02-14 01:19:44'),(3653,'Hafizabad','হাফিজাবাদ',399,1,1,0,'2021-02-14 01:19:44','2021-02-14 01:19:44'),(3654,'Kamat Kajol Dighi','কামাত কাজল দীঘি',399,1,1,0,'2021-02-14 01:19:44','2021-02-14 01:19:44'),(3655,'Dhakkamara','ধাক্কামারা',399,1,1,0,'2021-02-14 01:19:44','2021-02-14 01:19:44'),(3656,'Magura','মাগুরা',399,1,1,0,'2021-02-14 01:19:44','2021-02-14 01:19:44'),(3657,'Garinabari','গরিনাবাড়ী',399,1,1,0,'2021-02-14 01:19:44','2021-02-14 01:19:44'),(3658,'Chilahati','চিলাহাটি',400,1,1,0,'2021-02-14 01:19:44','2021-02-14 01:19:44'),(3659,'Shaldanga','শালডাঙ্গা',400,1,1,0,'2021-02-14 01:19:44','2021-02-14 01:19:44'),(3660,'Debiganj Sadar','দেবীগঞ্জ সদর',400,1,1,0,'2021-02-14 01:19:45','2021-02-14 01:19:45'),(3661,'Pamuli','পামুলী',400,1,1,0,'2021-02-14 01:19:45','2021-02-14 01:19:45'),(3662,'Sundardighi','সুন্দরদিঘী',400,1,1,0,'2021-02-14 01:19:45','2021-02-14 01:19:45'),(3663,'Sonahar Mollikadaha','সোনাহার মল্লিকাদহ',400,1,1,0,'2021-02-14 01:19:45','2021-02-14 01:19:45'),(3664,'Tepriganj','টেপ্রীগঞ্জ',400,1,1,0,'2021-02-14 01:19:45','2021-02-14 01:19:45'),(3665,'Dandopal','দন্ডপাল',400,1,1,0,'2021-02-14 01:19:45','2021-02-14 01:19:45'),(3666,'Debiduba','দেবীডুবা',400,1,1,0,'2021-02-14 01:19:45','2021-02-14 01:19:45'),(3667,'Chengthi Hazra Danga','চেংঠী হাজরা ডাঙ্গা',400,1,1,0,'2021-02-14 01:19:45','2021-02-14 01:19:45'),(3668,'Jholaishal Shiri','ঝলইশাল শিরি',401,1,1,0,'2021-02-14 01:19:45','2021-02-14 01:19:45'),(3669,'Moidandighi','ময়দান দীঘি',401,1,1,0,'2021-02-14 01:19:45','2021-02-14 01:19:45'),(3670,'Banghari','বেংহারী',401,1,1,0,'2021-02-14 01:19:45','2021-02-14 01:19:45'),(3671,'Kajoldighi Kaligonj','কাজলদীঘি কালিগঞ্জ',401,1,1,0,'2021-02-14 01:19:45','2021-02-14 01:19:45'),(3672,'Boroshoshi','বড়শশী',401,1,1,0,'2021-02-14 01:19:45','2021-02-14 01:19:45'),(3673,'Chandanbari','চন্দনবাড়ী',401,1,1,0,'2021-02-14 01:19:45','2021-02-14 01:19:45'),(3674,'Marea Bamonhat','মাড়েয়া বামনহাট',401,1,1,0,'2021-02-14 01:19:45','2021-02-14 01:19:45'),(3675,'Boda','বোদা',401,1,1,0,'2021-02-14 01:19:45','2021-02-14 01:19:45'),(3676,'Sakoa','সাকোয়া',401,1,1,0,'2021-02-14 01:19:45','2021-02-14 01:19:45'),(3677,'Pachpir','পাচপীর',401,1,1,0,'2021-02-14 01:19:46','2021-02-14 01:19:46'),(3678,'Mirgapur','মির্জাপুর',402,1,1,0,'2021-02-14 01:19:46','2021-02-14 01:19:46'),(3679,'Radhanagar','রাধানগর',402,1,1,0,'2021-02-14 01:19:46','2021-02-14 01:19:46'),(3680,'Toria','তোড়িয়া',402,1,1,0,'2021-02-14 01:19:46','2021-02-14 01:19:46'),(3681,'Balarampur','বলরামপুর',402,1,1,0,'2021-02-14 01:19:46','2021-02-14 01:19:46'),(3682,'Alowakhowa','আলোয়াখোয়া',402,1,1,0,'2021-02-14 01:19:46','2021-02-14 01:19:46'),(3683,'Dhamor','ধামোর',402,1,1,0,'2021-02-14 01:19:46','2021-02-14 01:19:46'),(3684,'Banglabandha','বাংলাবান্ধা',403,1,1,0,'2021-02-14 01:19:46','2021-02-14 01:19:46'),(3685,'Bhojoanpur','ভজনপুর',403,1,1,0,'2021-02-14 01:19:46','2021-02-14 01:19:46'),(3686,'Bhojoanpur','ভজনপুর',403,1,1,0,'2021-02-14 01:19:46','2021-02-14 01:19:46'),(3687,'Buraburi','বুড়াবুড়ী',403,1,1,0,'2021-02-14 01:19:46','2021-02-14 01:19:46'),(3688,'Debnagar','দেবনগর',403,1,1,0,'2021-02-14 01:19:46','2021-02-14 01:19:46'),(3689,'Salbahan','শালবাহান',403,1,1,0,'2021-02-14 01:19:46','2021-02-14 01:19:46'),(3690,'Tentulia','তেতুলিয়া',403,1,1,0,'2021-02-14 01:19:46','2021-02-14 01:19:46'),(3691,'Timaihat','তিমাইহাট',403,1,1,0,'2021-02-14 01:19:46','2021-02-14 01:19:46'),(3692,'Joypur','জয়পুর',404,1,1,0,'2021-02-14 01:19:46','2021-02-14 01:19:46'),(3693,'Binodnagar','বিনোদনগর',404,1,1,0,'2021-02-14 01:19:46','2021-02-14 01:19:46'),(3694,'Golapgonj','গোলাপগঞ্জ',404,1,1,0,'2021-02-14 01:19:46','2021-02-14 01:19:46'),(3695,'Shalkhuria','শালখুরিয়া',404,1,1,0,'2021-02-14 01:19:46','2021-02-14 01:19:46'),(3696,'Putimara','পুটিমারা',404,1,1,0,'2021-02-14 01:19:46','2021-02-14 01:19:46'),(3697,'Bhaduria','ভাদুরিয়া',404,1,1,0,'2021-02-14 01:19:46','2021-02-14 01:19:46'),(3698,'Daudpur','দাউদপুর',404,1,1,0,'2021-02-14 01:19:46','2021-02-14 01:19:46'),(3699,'Mahmudpur','মাহামুদপুর',404,1,1,0,'2021-02-14 01:19:46','2021-02-14 01:19:46'),(3700,'Kushdaha','কুশদহ',404,1,1,0,'2021-02-14 01:19:46','2021-02-14 01:19:46'),(3701,'Shibrampur','শিবরামপুর',405,1,1,0,'2021-02-14 01:19:46','2021-02-14 01:19:46'),(3702,'Polashbari','পলাশবাড়ী',405,1,1,0,'2021-02-14 01:19:46','2021-02-14 01:19:46'),(3703,'Shatagram','শতগ্রাম',405,1,1,0,'2021-02-14 01:19:47','2021-02-14 01:19:47'),(3704,'Paltapur','পাল্টাপুর',405,1,1,0,'2021-02-14 01:19:47','2021-02-14 01:19:47'),(3705,'Sujalpur','সুজালপুর',405,1,1,0,'2021-02-14 01:19:47','2021-02-14 01:19:47'),(3706,'Nijpara','নিজপাড়া',405,1,1,0,'2021-02-14 01:19:47','2021-02-14 01:19:47'),(3707,'Mohammadpur','মোহাম্মদপুর',405,1,1,0,'2021-02-14 01:19:47','2021-02-14 01:19:47'),(3708,'Bhognagar','ভোগনগর',405,1,1,0,'2021-02-14 01:19:47','2021-02-14 01:19:47'),(3709,'Sator','সাতোর',405,1,1,0,'2021-02-14 01:19:47','2021-02-14 01:19:47'),(3710,'Mohonpur','মোহনপুর',405,1,1,0,'2021-02-14 01:19:47','2021-02-14 01:19:47'),(3711,'Moricha','মরিচা',405,1,1,0,'2021-02-14 01:19:47','2021-02-14 01:19:47'),(3712,'Bulakipur','বুলাকীপুর',406,1,1,0,'2021-02-14 01:19:47','2021-02-14 01:19:47'),(3713,'Palsha','পালশা',406,1,1,0,'2021-02-14 01:19:47','2021-02-14 01:19:47'),(3714,'Singra','সিংড়া',406,1,1,0,'2021-02-14 01:19:47','2021-02-14 01:19:47'),(3715,'Ghoraghat','ঘোড়াঘাট',406,1,1,0,'2021-02-14 01:19:47','2021-02-14 01:19:47'),(3716,'Mukundopur','মুকুন্দপুর',407,1,1,0,'2021-02-14 01:19:47','2021-02-14 01:19:47'),(3717,'Katla','কাটলা',407,1,1,0,'2021-02-14 01:19:47','2021-02-14 01:19:47'),(3718,'Khanpur','খানপুর',407,1,1,0,'2021-02-14 01:19:47','2021-02-14 01:19:47'),(3719,'Dior','দিওড়',407,1,1,0,'2021-02-14 01:19:47','2021-02-14 01:19:47'),(3720,'Binail','বিনাইল',407,1,1,0,'2021-02-14 01:19:47','2021-02-14 01:19:47'),(3721,'Jatbani','জোতবানী',407,1,1,0,'2021-02-14 01:19:47','2021-02-14 01:19:47'),(3722,'Poliproyagpur','পলিপ্রয়াগপুর',407,1,1,0,'2021-02-14 01:19:47','2021-02-14 01:19:47'),(3723,'Belaichandi','বেলাইচন্ডি',408,1,1,0,'2021-02-14 01:19:47','2021-02-14 01:19:47'),(3724,'Monmothopur','মন্মথপুর',408,1,1,0,'2021-02-14 01:19:47','2021-02-14 01:19:47'),(3725,'Rampur','রামপুর',408,1,1,0,'2021-02-14 01:19:47','2021-02-14 01:19:47'),(3726,'Polashbari','পলাশবাড়ী',408,1,1,0,'2021-02-14 01:19:47','2021-02-14 01:19:47'),(3727,'Chandipur','চন্ডীপুর',408,1,1,0,'2021-02-14 01:19:47','2021-02-14 01:19:47'),(3728,'Mominpur','মোমিনপুর',408,1,1,0,'2021-02-14 01:19:48','2021-02-14 01:19:48'),(3729,'Mostofapur','মোস্তফাপুর',408,1,1,0,'2021-02-14 01:19:48','2021-02-14 01:19:48'),(3730,'Habra','হাবড়া',408,1,1,0,'2021-02-14 01:19:48','2021-02-14 01:19:48'),(3731,'Hamidpur','হামিদপুর',408,1,1,0,'2021-02-14 01:19:48','2021-02-14 01:19:48'),(3732,'Harirampur','হরিরামপুর',408,1,1,0,'2021-02-14 01:19:48','2021-02-14 01:19:48'),(3733,'Nafanagar','নাফানগর',409,1,1,0,'2021-02-14 01:19:48','2021-02-14 01:19:48'),(3734,'Eshania','ঈশানিয়া',409,1,1,0,'2021-02-14 01:19:48','2021-02-14 01:19:48'),(3735,'Atgaon','আটগাঁও',409,1,1,0,'2021-02-14 01:19:48','2021-02-14 01:19:48'),(3736,'Shatail','ছাতইল',409,1,1,0,'2021-02-14 01:19:48','2021-02-14 01:19:48'),(3737,'Rongaon','রনগাঁও',409,1,1,0,'2021-02-14 01:19:48','2021-02-14 01:19:48'),(3738,'Murshidhat','মুর্শিদহাট',409,1,1,0,'2021-02-14 01:19:48','2021-02-14 01:19:48'),(3739,'Dabor','ডাবোর',410,1,1,0,'2021-02-14 01:19:48','2021-02-14 01:19:48'),(3740,'Rasulpur','রসুলপুর',410,1,1,0,'2021-02-14 01:19:48','2021-02-14 01:19:48'),(3741,'Mukundapur','মুকুন্দপুর',410,1,1,0,'2021-02-14 01:19:48','2021-02-14 01:19:48'),(3742,'Targao','তারগাঁও',410,1,1,0,'2021-02-14 01:19:48','2021-02-14 01:19:48'),(3743,'Ramchandrapur','রামচন্দ্রপুর',410,1,1,0,'2021-02-14 01:19:48','2021-02-14 01:19:48'),(3744,'Sundarpur','সুন্দরপুর',410,1,1,0,'2021-02-14 01:19:48','2021-02-14 01:19:48'),(3745,'Aloary','এলুয়াড়ী',411,1,1,0,'2021-02-14 01:19:48','2021-02-14 01:19:48'),(3746,'Aladipur','আলাদিপুর',411,1,1,0,'2021-02-14 01:19:48','2021-02-14 01:19:48'),(3747,'Kagihal','কাজীহাল',411,1,1,0,'2021-02-14 01:19:48','2021-02-14 01:19:48'),(3748,'Bethdighi','বেতদিঘী',411,1,1,0,'2021-02-14 01:19:48','2021-02-14 01:19:48'),(3749,'Khairbari','খয়েরবাড়ী',411,1,1,0,'2021-02-14 01:19:48','2021-02-14 01:19:48'),(3750,'Daulatpur','দৌলতপুর',411,1,1,0,'2021-02-14 01:19:48','2021-02-14 01:19:48'),(3751,'Shibnagor','শিবনগর',411,1,1,0,'2021-02-14 01:19:48','2021-02-14 01:19:48'),(3752,'Chealgazi','চেহেলগাজী',412,1,1,0,'2021-02-14 01:19:48','2021-02-14 01:19:48'),(3753,'Sundorbon','সুন্দরবন',412,1,1,0,'2021-02-14 01:19:48','2021-02-14 01:19:48'),(3754,'Fazilpur','ফাজিলপুর',412,1,1,0,'2021-02-14 01:19:48','2021-02-14 01:19:48'),(3755,'Shekpura','শেখপুরা',412,1,1,0,'2021-02-14 01:19:48','2021-02-14 01:19:48'),(3756,'Shashora','শশরা',412,1,1,0,'2021-02-14 01:19:49','2021-02-14 01:19:49'),(3757,'Auliapur','আউলিয়াপুর',412,1,1,0,'2021-02-14 01:19:49','2021-02-14 01:19:49'),(3758,'Uthrail','উথরাইল',412,1,1,0,'2021-02-14 01:19:49','2021-02-14 01:19:49'),(3759,'Sankarpur','শংকরপুর',412,1,1,0,'2021-02-14 01:19:49','2021-02-14 01:19:49'),(3760,'Askorpur','আস্করপুর',412,1,1,0,'2021-02-14 01:19:49','2021-02-14 01:19:49'),(3761,'Kamalpur','কমলপুর',412,1,1,0,'2021-02-14 01:19:49','2021-02-14 01:19:49'),(3762,'Alihat','আলীহাট',413,1,1,0,'2021-02-14 01:19:49','2021-02-14 01:19:49'),(3763,'Khattamadobpara','খট্টামাধবপাড়া',413,1,1,0,'2021-02-14 01:19:49','2021-02-14 01:19:49'),(3764,'Boalder','বোয়ালদার',413,1,1,0,'2021-02-14 01:19:49','2021-02-14 01:19:49'),(3765,'Alokjhari','আলোকঝাড়ী',414,1,1,0,'2021-02-14 01:19:49','2021-02-14 01:19:49'),(3766,'Bherbheri','ভেড়ভেড়ী',414,1,1,0,'2021-02-14 01:19:49','2021-02-14 01:19:49'),(3767,'Angarpara','আঙ্গারপাড়া',414,1,1,0,'2021-02-14 01:19:49','2021-02-14 01:19:49'),(3768,'Goaldihi','গোয়ালডিহি',414,1,1,0,'2021-02-14 01:19:49','2021-02-14 01:19:49'),(3769,'Bhabki','ভাবকী',414,1,1,0,'2021-02-14 01:19:49','2021-02-14 01:19:49'),(3770,'Khamarpara','খামারপাড়া',414,1,1,0,'2021-02-14 01:19:49','2021-02-14 01:19:49'),(3771,'Azimpur','আজিমপুর',415,1,1,0,'2021-02-14 01:19:49','2021-02-14 01:19:49'),(3772,'Farakkabad','ফরাক্কাবাদ',415,1,1,0,'2021-02-14 01:19:49','2021-02-14 01:19:49'),(3773,'Dhamoir','ধামইর',415,1,1,0,'2021-02-14 01:19:49','2021-02-14 01:19:49'),(3774,'Shohorgram','শহরগ্রাম',415,1,1,0,'2021-02-14 01:19:49','2021-02-14 01:19:49'),(3775,'Birol','বিরল',415,1,1,0,'2021-02-14 01:19:49','2021-02-14 01:19:49'),(3776,'Bhandra','ভান্ডারা',415,1,1,0,'2021-02-14 01:19:49','2021-02-14 01:19:49'),(3777,'Bijora','বিজোড়া',415,1,1,0,'2021-02-14 01:19:49','2021-02-14 01:19:49'),(3778,'Dharmapur','ধর্মপুর',415,1,1,0,'2021-02-14 01:19:49','2021-02-14 01:19:49'),(3779,'Mongalpur','মঙ্গলপুর',415,1,1,0,'2021-02-14 01:19:49','2021-02-14 01:19:49'),(3780,'Ranipukur','রাণীপুকুর',415,1,1,0,'2021-02-14 01:19:49','2021-02-14 01:19:49'),(3781,'Rajarampur','রাজারামপুর',415,1,1,0,'2021-02-14 01:19:49','2021-02-14 01:19:49'),(3782,'Nashratpur','নশরতপুর',416,1,1,0,'2021-02-14 01:19:50','2021-02-14 01:19:50'),(3783,'Satnala','সাতনালা',416,1,1,0,'2021-02-14 01:19:50','2021-02-14 01:19:50'),(3784,'Fatejangpur','ফতেজংপুর',416,1,1,0,'2021-02-14 01:19:50','2021-02-14 01:19:50'),(3785,'Isobpur','ইসবপুর',416,1,1,0,'2021-02-14 01:19:50','2021-02-14 01:19:50'),(3786,'Abdulpur','আব্দুলপুর',416,1,1,0,'2021-02-14 01:19:50','2021-02-14 01:19:50'),(3787,'Amarpur','অমরপুর',416,1,1,0,'2021-02-14 01:19:50','2021-02-14 01:19:50'),(3788,'Auliapukur','আউলিয়াপুকুর',416,1,1,0,'2021-02-14 01:19:50','2021-02-14 01:19:50'),(3789,'Saitara','সাইতারা',416,1,1,0,'2021-02-14 01:19:50','2021-02-14 01:19:50'),(3790,'Viail','ভিয়াইল',416,1,1,0,'2021-02-14 01:19:50','2021-02-14 01:19:50'),(3791,'Punotti','পুনট্টি',416,1,1,0,'2021-02-14 01:19:50','2021-02-14 01:19:50'),(3792,'Tetulia','তেতুলিয়া',416,1,1,0,'2021-02-14 01:19:50','2021-02-14 01:19:50'),(3793,'Alokdihi','আলোকডিহি',416,1,1,0,'2021-02-14 01:19:50','2021-02-14 01:19:50'),(3794,'Rajpur','রাজপুর',417,1,1,0,'2021-02-14 01:19:50','2021-02-14 01:19:50'),(3795,'Harati','হারাটি',417,1,1,0,'2021-02-14 01:19:50','2021-02-14 01:19:50'),(3796,'Mogolhat','মোগলহাট',417,1,1,0,'2021-02-14 01:19:50','2021-02-14 01:19:50'),(3797,'Gokunda','গোকুন্ডা',417,1,1,0,'2021-02-14 01:19:50','2021-02-14 01:19:50'),(3798,'Barobari','বড়বাড়ী',417,1,1,0,'2021-02-14 01:19:50','2021-02-14 01:19:50'),(3799,'Kulaghat','কুলাঘাট',417,1,1,0,'2021-02-14 01:19:50','2021-02-14 01:19:50'),(3800,'Mohendranagar','মহেন্দ্রনগর',417,1,1,0,'2021-02-14 01:19:50','2021-02-14 01:19:50'),(3801,'Khuniagachh','খুনিয়াগাছ',417,1,1,0,'2021-02-14 01:19:50','2021-02-14 01:19:50'),(3802,'Panchagram','পঞ্চগ্রাম',417,1,1,0,'2021-02-14 01:19:50','2021-02-14 01:19:50'),(3803,'Bhotmari','ভোটমারী',418,1,1,0,'2021-02-14 01:19:50','2021-02-14 01:19:50'),(3804,'Modati','মদাতী',418,1,1,0,'2021-02-14 01:19:50','2021-02-14 01:19:50'),(3805,'Dologram','দলগ্রাম',418,1,1,0,'2021-02-14 01:19:50','2021-02-14 01:19:50'),(3806,'Tushbhandar','তুষভান্ডার',418,1,1,0,'2021-02-14 01:19:50','2021-02-14 01:19:50'),(3807,'Goral','গোড়ল',418,1,1,0,'2021-02-14 01:19:50','2021-02-14 01:19:50'),(3808,'Chondropur','চন্দ্রপুর',418,1,1,0,'2021-02-14 01:19:50','2021-02-14 01:19:50'),(3809,'Cholbola','চলবলা',418,1,1,0,'2021-02-14 01:19:50','2021-02-14 01:19:50'),(3810,'Kakina','কাকিনা',418,1,1,0,'2021-02-14 01:19:51','2021-02-14 01:19:51'),(3811,'Barokhata','বড়খাতা',419,1,1,0,'2021-02-14 01:19:51','2021-02-14 01:19:51'),(3812,'Goddimari','গড্ডিমারী',419,1,1,0,'2021-02-14 01:19:51','2021-02-14 01:19:51'),(3813,'Singimari','সিংগীমারী',419,1,1,0,'2021-02-14 01:19:51','2021-02-14 01:19:51'),(3814,'Tongvhanga','টংভাঙ্গা',419,1,1,0,'2021-02-14 01:19:51','2021-02-14 01:19:51'),(3815,'Sindurna','সিন্দুর্ণা',419,1,1,0,'2021-02-14 01:19:51','2021-02-14 01:19:51'),(3816,'Paticapara','পাটিকাপাড়া',419,1,1,0,'2021-02-14 01:19:51','2021-02-14 01:19:51'),(3817,'Nowdabas','নওদাবাস',419,1,1,0,'2021-02-14 01:19:51','2021-02-14 01:19:51'),(3818,'Gotamari','গোতামারী',419,1,1,0,'2021-02-14 01:19:51','2021-02-14 01:19:51'),(3819,'Vhelaguri','ভেলাগুড়ি',419,1,1,0,'2021-02-14 01:19:51','2021-02-14 01:19:51'),(3820,'Shaniajan','সানিয়াজান',419,1,1,0,'2021-02-14 01:19:51','2021-02-14 01:19:51'),(3821,'Fakirpara','ফকিরপাড়া',419,1,1,0,'2021-02-14 01:19:51','2021-02-14 01:19:51'),(3822,'Dawabari','ডাউয়াবাড়ী',419,1,1,0,'2021-02-14 01:19:51','2021-02-14 01:19:51'),(3823,'Sreerampur','শ্রীরামপুর',420,1,1,0,'2021-02-14 01:19:51','2021-02-14 01:19:51'),(3824,'Patgram','পাটগ্রাম',420,1,1,0,'2021-02-14 01:19:51','2021-02-14 01:19:51'),(3825,'Jagatber','জগতবেড়',420,1,1,0,'2021-02-14 01:19:51','2021-02-14 01:19:51'),(3826,'Kuchlibari','কুচলিবাড়ী',420,1,1,0,'2021-02-14 01:19:52','2021-02-14 01:19:52'),(3827,'Jongra','জোংড়া',420,1,1,0,'2021-02-14 01:19:52','2021-02-14 01:19:52'),(3828,'Baura','বাউড়া',420,1,1,0,'2021-02-14 01:19:52','2021-02-14 01:19:52'),(3829,'Dahagram','দহগ্রাম',420,1,1,0,'2021-02-14 01:19:52','2021-02-14 01:19:52'),(3830,'Burimari','বুড়িমারী',420,1,1,0,'2021-02-14 01:19:52','2021-02-14 01:19:52'),(3831,'Bhelabari','ভেলাবাড়ী',421,1,1,0,'2021-02-14 01:19:52','2021-02-14 01:19:52'),(3832,'Bhadai','ভাদাই',421,1,1,0,'2021-02-14 01:19:52','2021-02-14 01:19:52'),(3833,'Kamlabari','কমলাবাড়ী',421,1,1,0,'2021-02-14 01:19:52','2021-02-14 01:19:52'),(3834,'Durgapur','দূর্গাপুর',421,1,1,0,'2021-02-14 01:19:52','2021-02-14 01:19:52'),(3835,'Sarpukur','সারপুকুর',421,1,1,0,'2021-02-14 01:19:52','2021-02-14 01:19:52'),(3836,'Saptibari','সাপ্টিবাড়ী',421,1,1,0,'2021-02-14 01:19:52','2021-02-14 01:19:52'),(3837,'Palashi','পলাশী',421,1,1,0,'2021-02-14 01:19:52','2021-02-14 01:19:52'),(3838,'Mohishkhocha','মহিষখোচা',421,1,1,0,'2021-02-14 01:19:52','2021-02-14 01:19:52'),(3839,'Kamarpukur','কামারপুকুর',422,1,1,0,'2021-02-14 01:19:52','2021-02-14 01:19:52'),(3840,'Kasiram Belpukur','কাশিরাম বেলপুকুর',422,1,1,0,'2021-02-14 01:19:52','2021-02-14 01:19:52'),(3841,'Bangalipur','বাঙ্গালীপুর',422,1,1,0,'2021-02-14 01:19:52','2021-02-14 01:19:52'),(3842,'Botlagari','বোতলাগাড়ী',422,1,1,0,'2021-02-14 01:19:52','2021-02-14 01:19:52'),(3843,'Khata Madhupur','খাতা মধুপুর',422,1,1,0,'2021-02-14 01:19:53','2021-02-14 01:19:53'),(3844,'Gomnati','গোমনাতি',423,1,1,0,'2021-02-14 01:19:53','2021-02-14 01:19:53'),(3845,'Bhogdaburi','ভোগডাবুড়ী',423,1,1,0,'2021-02-14 01:19:53','2021-02-14 01:19:53'),(3846,'Ketkibari','কেতকীবাড়ী',423,1,1,0,'2021-02-14 01:19:53','2021-02-14 01:19:53'),(3847,'Jorabari','জোড়াবাড়ী',423,1,1,0,'2021-02-14 01:19:53','2021-02-14 01:19:53'),(3848,'Bamunia','বামুনীয়া',423,1,1,0,'2021-02-14 01:19:53','2021-02-14 01:19:53'),(3849,'Panga Motukpur','পাংগা মটকপুর',423,1,1,0,'2021-02-14 01:19:53','2021-02-14 01:19:53'),(3850,'Boragari','বোড়াগাড়ী',423,1,1,0,'2021-02-14 01:19:53','2021-02-14 01:19:53'),(3851,'Domar','ডোমার',423,1,1,0,'2021-02-14 01:19:53','2021-02-14 01:19:53'),(3852,'Sonaray','সোনারায়',423,1,1,0,'2021-02-14 01:19:53','2021-02-14 01:19:53'),(3853,'Harinchara','হরিণচরা',423,1,1,0,'2021-02-14 01:19:53','2021-02-14 01:19:53'),(3854,'Paschim Chhatnay','পশ্চিম ছাতনাই',424,1,1,0,'2021-02-14 01:19:53','2021-02-14 01:19:53'),(3855,'Balapara','বালাপাড়া',424,1,1,0,'2021-02-14 01:19:53','2021-02-14 01:19:53'),(3856,'Dimla Sadar','ডিমলা সদর',424,1,1,0,'2021-02-14 01:19:53','2021-02-14 01:19:53'),(3857,'Khogakharibari','খগা খড়িবাড়ী',424,1,1,0,'2021-02-14 01:19:53','2021-02-14 01:19:53'),(3858,'Gayabari','গয়াবাড়ী',424,1,1,0,'2021-02-14 01:19:53','2021-02-14 01:19:53'),(3859,'Noutara','নাউতারা',424,1,1,0,'2021-02-14 01:19:53','2021-02-14 01:19:53'),(3860,'Khalisha Chapani','খালিশা চাপানী',424,1,1,0,'2021-02-14 01:19:53','2021-02-14 01:19:53'),(3861,'Jhunagach Chapani','ঝুনাগাছ চাপানী',424,1,1,0,'2021-02-14 01:19:53','2021-02-14 01:19:53'),(3862,'Tepa Khribari','টেপা খরীবাড়ী',424,1,1,0,'2021-02-14 01:19:54','2021-02-14 01:19:54'),(3863,'Purba Chhatnay','পুর্ব ছাতনাই',424,1,1,0,'2021-02-14 01:19:54','2021-02-14 01:19:54'),(3864,'Douabari','ডাউয়াবাড়ী',425,1,1,0,'2021-02-14 01:19:54','2021-02-14 01:19:54'),(3865,'Golmunda','গোলমুন্ডা',425,1,1,0,'2021-02-14 01:19:54','2021-02-14 01:19:54'),(3866,'Balagram','বালাগ্রাম',425,1,1,0,'2021-02-14 01:19:54','2021-02-14 01:19:54'),(3867,'Golna','গোলনা',425,1,1,0,'2021-02-14 01:19:54','2021-02-14 01:19:54'),(3868,'Dharmapal','ধর্মপাল',425,1,1,0,'2021-02-14 01:19:54','2021-02-14 01:19:54'),(3869,'Simulbari','শিমুলবাড়ী',425,1,1,0,'2021-02-14 01:19:54','2021-02-14 01:19:54'),(3870,'Mirganj','মীরগঞ্জ',425,1,1,0,'2021-02-14 01:19:54','2021-02-14 01:19:54'),(3871,'Kathali','কাঠালী',425,1,1,0,'2021-02-14 01:19:54','2021-02-14 01:19:54'),(3872,'Khutamara','খুটামারা',425,1,1,0,'2021-02-14 01:19:54','2021-02-14 01:19:54'),(3873,'Shaulmari','শৌলমারী',425,1,1,0,'2021-02-14 01:19:54','2021-02-14 01:19:54'),(3874,'Kaimari','কৈমারী',425,1,1,0,'2021-02-14 01:19:54','2021-02-14 01:19:54'),(3875,'Barabhita','বড়ভিটা',426,1,1,0,'2021-02-14 01:19:54','2021-02-14 01:19:54'),(3876,'Putimari','পুটিমারী',426,1,1,0,'2021-02-14 01:19:54','2021-02-14 01:19:54'),(3877,'Nitai','নিতাই',426,1,1,0,'2021-02-14 01:19:54','2021-02-14 01:19:54'),(3878,'Bahagili','বাহাগিলি',426,1,1,0,'2021-02-14 01:19:54','2021-02-14 01:19:54'),(3879,'Chandkhana','চাঁদখানা',426,1,1,0,'2021-02-14 01:19:54','2021-02-14 01:19:54'),(3880,'Kishoreganj','কিশোরগঞ্জ',426,1,1,0,'2021-02-14 01:19:54','2021-02-14 01:19:54'),(3881,'Ranachandi','রনচন্ডি',426,1,1,0,'2021-02-14 01:19:54','2021-02-14 01:19:54'),(3882,'Garagram','গাড়াগ্রাম',426,1,1,0,'2021-02-14 01:19:54','2021-02-14 01:19:54'),(3883,'Magura','মাগুরা',426,1,1,0,'2021-02-14 01:19:54','2021-02-14 01:19:54'),(3884,'Chaora Bargacha','চওড়া বড়গাছা',427,1,1,0,'2021-02-14 01:19:54','2021-02-14 01:19:54'),(3885,'Gorgram','গোড়গ্রাম',427,1,1,0,'2021-02-14 01:19:54','2021-02-14 01:19:54'),(3886,'Khoksabari','খোকসাবাড়ী',427,1,1,0,'2021-02-14 01:19:54','2021-02-14 01:19:54'),(3887,'Palasbari','পলাশবাড়ী',427,1,1,0,'2021-02-14 01:19:55','2021-02-14 01:19:55'),(3888,'Ramnagar','রামনগর',427,1,1,0,'2021-02-14 01:19:55','2021-02-14 01:19:55'),(3889,'Kachukata','কচুকাটা',427,1,1,0,'2021-02-14 01:19:55','2021-02-14 01:19:55'),(3890,'Panchapukur','পঞ্চপুকুর',427,1,1,0,'2021-02-14 01:19:55','2021-02-14 01:19:55'),(3891,'Itakhola','ইটাখোলা',427,1,1,0,'2021-02-14 01:19:55','2021-02-14 01:19:55'),(3892,'Kundapukur','কুন্দপুকুর',427,1,1,0,'2021-02-14 01:19:55','2021-02-14 01:19:55'),(3893,'Sonaray','সোনারায়',427,1,1,0,'2021-02-14 01:19:55','2021-02-14 01:19:55'),(3894,'Songalsi','সংগলশী',427,1,1,0,'2021-02-14 01:19:55','2021-02-14 01:19:55'),(3895,'Charaikhola','চড়াইখোলা',427,1,1,0,'2021-02-14 01:19:55','2021-02-14 01:19:55'),(3896,'Chapra Sarnjami','চাপড়া সরঞ্জানী',427,1,1,0,'2021-02-14 01:19:55','2021-02-14 01:19:55'),(3897,'Lakshmicha','লক্ষ্মীচাপ',427,1,1,0,'2021-02-14 01:19:55','2021-02-14 01:19:55'),(3898,'Tupamari','টুপামারী',427,1,1,0,'2021-02-14 01:19:55','2021-02-14 01:19:55'),(3899,'Rasulpur','রসুলপুর',428,1,1,0,'2021-02-14 01:19:55','2021-02-14 01:19:55'),(3900,'Noldanga','নলডাঙ্গা',428,1,1,0,'2021-02-14 01:19:55','2021-02-14 01:19:55'),(3901,'Damodorpur','দামোদরপুর',428,1,1,0,'2021-02-14 01:19:55','2021-02-14 01:19:55'),(3902,'Jamalpur','জামালপুর',428,1,1,0,'2021-02-14 01:19:55','2021-02-14 01:19:55'),(3903,'Faridpur','ফরিদপুর',428,1,1,0,'2021-02-14 01:19:55','2021-02-14 01:19:55'),(3904,'Dhaperhat','ধাপেরহাট',428,1,1,0,'2021-02-14 01:19:55','2021-02-14 01:19:55'),(3905,'Idilpur','ইদিলপুর',428,1,1,0,'2021-02-14 01:19:55','2021-02-14 01:19:55'),(3906,'Vatgram','ভাতগ্রাম',428,1,1,0,'2021-02-14 01:19:55','2021-02-14 01:19:55'),(3907,'Bongram','বনগ্রাম',428,1,1,0,'2021-02-14 01:19:55','2021-02-14 01:19:55'),(3908,'Kamarpara','কামারপাড়া',428,1,1,0,'2021-02-14 01:19:55','2021-02-14 01:19:55'),(3909,'Khodkomor','খোদকোমরপুর',428,1,1,0,'2021-02-14 01:19:55','2021-02-14 01:19:55'),(3910,'Laxmipur','লক্ষ্মীপুর',429,1,1,0,'2021-02-14 01:19:55','2021-02-14 01:19:55'),(3911,'Malibari','মালীবাড়ী',429,1,1,0,'2021-02-14 01:19:55','2021-02-14 01:19:55'),(3912,'Kuptola','কুপতলা',429,1,1,0,'2021-02-14 01:19:55','2021-02-14 01:19:55'),(3913,'Shahapara','সাহাপাড়া',429,1,1,0,'2021-02-14 01:19:56','2021-02-14 01:19:56'),(3914,'Ballamjhar','বল্লমঝাড়',429,1,1,0,'2021-02-14 01:19:56','2021-02-14 01:19:56'),(3915,'Ramchandrapur','রামচন্দ্রপুর',429,1,1,0,'2021-02-14 01:19:56','2021-02-14 01:19:56'),(3916,'Badiakhali','বাদিয়াখালী',429,1,1,0,'2021-02-14 01:19:56','2021-02-14 01:19:56'),(3917,'Boali','বোয়ালী',429,1,1,0,'2021-02-14 01:19:56','2021-02-14 01:19:56'),(3918,'Ghagoa','ঘাগোয়া',429,1,1,0,'2021-02-14 01:19:56','2021-02-14 01:19:56'),(3919,'Gidari','গিদারী',429,1,1,0,'2021-02-14 01:19:56','2021-02-14 01:19:56'),(3920,'Kholahati','খোলাহাটী',429,1,1,0,'2021-02-14 01:19:56','2021-02-14 01:19:56'),(3921,'Mollarchar','মোল্লারচর',429,1,1,0,'2021-02-14 01:19:56','2021-02-14 01:19:56'),(3922,'Kamarjani','কামারজানি',429,1,1,0,'2021-02-14 01:19:56','2021-02-14 01:19:56'),(3923,'Kishoregari','কিশোরগাড়ী',430,1,1,0,'2021-02-14 01:19:56','2021-02-14 01:19:56'),(3924,'Hosenpur','হোসেনপুর',430,1,1,0,'2021-02-14 01:19:56','2021-02-14 01:19:56'),(3925,'Palashbari','পলাশবাড়ী',430,1,1,0,'2021-02-14 01:19:56','2021-02-14 01:19:56'),(3926,'Barisal','বরিশাল',430,1,1,0,'2021-02-14 01:19:56','2021-02-14 01:19:56'),(3927,'Mohdipur','মহদীপুর',430,1,1,0,'2021-02-14 01:19:56','2021-02-14 01:19:56'),(3928,'Betkapa','বেতকাপা',430,1,1,0,'2021-02-14 01:19:56','2021-02-14 01:19:56'),(3929,'Pobnapur','পবনাপুর',430,1,1,0,'2021-02-14 01:19:56','2021-02-14 01:19:56'),(3930,'Monohorpur','মনোহরপুর',430,1,1,0,'2021-02-14 01:19:56','2021-02-14 01:19:56'),(3931,'Harinathpur','হরিণাথপুর',430,1,1,0,'2021-02-14 01:19:56','2021-02-14 01:19:56'),(3932,'Padumsahar','পদুমশহর',431,1,1,0,'2021-02-14 01:19:56','2021-02-14 01:19:56'),(3933,'Varotkhali','ভরতখালী',431,1,1,0,'2021-02-14 01:19:56','2021-02-14 01:19:56'),(3934,'Saghata','সাঘাটা',431,1,1,0,'2021-02-14 01:19:56','2021-02-14 01:19:56'),(3935,'Muktinagar','মুক্তিনগর',431,1,1,0,'2021-02-14 01:19:56','2021-02-14 01:19:56'),(3936,'Kachua','কচুয়া',431,1,1,0,'2021-02-14 01:19:56','2021-02-14 01:19:56'),(3937,'Ghuridah','ঘুরিদহ',431,1,1,0,'2021-02-14 01:19:56','2021-02-14 01:19:56'),(3938,'Holdia','হলদিয়া',431,1,1,0,'2021-02-14 01:19:56','2021-02-14 01:19:56'),(3939,'Jumarbari','জুমারবাড়ী',431,1,1,0,'2021-02-14 01:19:56','2021-02-14 01:19:56'),(3940,'Kamalerpara','কামালেরপাড়া',431,1,1,0,'2021-02-14 01:19:57','2021-02-14 01:19:57'),(3941,'Bonarpara','বোনারপাড়া',431,1,1,0,'2021-02-14 01:19:57','2021-02-14 01:19:57'),(3942,'Kamdia','কামদিয়া',432,1,1,0,'2021-02-14 01:19:57','2021-02-14 01:19:57'),(3943,'Katabari','কাটাবাড়ী',432,1,1,0,'2021-02-14 01:19:57','2021-02-14 01:19:57'),(3944,'Shakhahar','শাখাহার',432,1,1,0,'2021-02-14 01:19:57','2021-02-14 01:19:57'),(3945,'Rajahar','রাজাহার',432,1,1,0,'2021-02-14 01:19:57','2021-02-14 01:19:57'),(3946,'Sapmara','সাপমারা',432,1,1,0,'2021-02-14 01:19:57','2021-02-14 01:19:57'),(3947,'Dorbosto','দরবস্ত ইয়নিয়ন',432,1,1,0,'2021-02-14 01:19:57','2021-02-14 01:19:57'),(3948,'Talukkanupur','তালুককানুপুর',432,1,1,0,'2021-02-14 01:19:57','2021-02-14 01:19:57'),(3949,'Nakai','নাকাই',432,1,1,0,'2021-02-14 01:19:57','2021-02-14 01:19:57'),(3950,'Harirampur','হরিরামপুর',432,1,1,0,'2021-02-14 01:19:57','2021-02-14 01:19:57'),(3951,'Rakhalburuj','রাখালবুরুজ',432,1,1,0,'2021-02-14 01:19:57','2021-02-14 01:19:57'),(3952,'Phulbari','ফুলবাড়ী',432,1,1,0,'2021-02-14 01:19:57','2021-02-14 01:19:57'),(3953,'Gumaniganj','গুমানীগঞ্জ',432,1,1,0,'2021-02-14 01:19:57','2021-02-14 01:19:57'),(3954,'Kamardoho','কামারদহ',432,1,1,0,'2021-02-14 01:19:57','2021-02-14 01:19:57'),(3955,'Kochasahar','কোচাশহর',432,1,1,0,'2021-02-14 01:19:57','2021-02-14 01:19:57'),(3956,'Shibpur','শিবপুর',432,1,1,0,'2021-02-14 01:19:57','2021-02-14 01:19:57'),(3957,'Mahimaganj','মহিমাগঞ্জ',432,1,1,0,'2021-02-14 01:19:57','2021-02-14 01:19:57'),(3958,'Shalmara','শালমারা',432,1,1,0,'2021-02-14 01:19:57','2021-02-14 01:19:57'),(3959,'Bamondanga','বামনডাঙ্গা',433,1,1,0,'2021-02-14 01:19:57','2021-02-14 01:19:57'),(3960,'Sonaroy','সোনারায়',433,1,1,0,'2021-02-14 01:19:57','2021-02-14 01:19:57'),(3961,'Tarapur','তারাপুর',433,1,1,0,'2021-02-14 01:19:57','2021-02-14 01:19:57'),(3962,'Belka','বেলকা',433,1,1,0,'2021-02-14 01:19:57','2021-02-14 01:19:57'),(3963,'Dohbond','দহবন্দ',433,1,1,0,'2021-02-14 01:19:57','2021-02-14 01:19:57'),(3964,'Sorbanondo','সর্বানন্দ',433,1,1,0,'2021-02-14 01:19:58','2021-02-14 01:19:58'),(3965,'Ramjibon','রামজীবন',433,1,1,0,'2021-02-14 01:19:58','2021-02-14 01:19:58'),(3966,'Dhopadanga','ধোপাডাঙ্গা',433,1,1,0,'2021-02-14 01:19:58','2021-02-14 01:19:58'),(3967,'Chaporhati','ছাপরহাটী',433,1,1,0,'2021-02-14 01:19:58','2021-02-14 01:19:58'),(3968,'Shantiram','শান্তিরাম',433,1,1,0,'2021-02-14 01:19:58','2021-02-14 01:19:58'),(3969,'Konchibari','কঞ্চিবাড়ী',433,1,1,0,'2021-02-14 01:19:58','2021-02-14 01:19:58'),(3970,'Sreepur','শ্রীপুর',433,1,1,0,'2021-02-14 01:19:58','2021-02-14 01:19:58'),(3971,'Chandipur','চন্ডিপুর',433,1,1,0,'2021-02-14 01:19:58','2021-02-14 01:19:58'),(3972,'Kapasia','কাপাসিয়া',433,1,1,0,'2021-02-14 01:19:58','2021-02-14 01:19:58'),(3973,'Haripur','হরিপুর',433,1,1,0,'2021-02-14 01:19:58','2021-02-14 01:19:58'),(3974,'Kanchipara','কঞ্চিপাড়া',434,1,1,0,'2021-02-14 01:19:58','2021-02-14 01:19:58'),(3975,'Uria','উড়িয়া',434,1,1,0,'2021-02-14 01:19:58','2021-02-14 01:19:58'),(3976,'Udakhali','উদাখালী',434,1,1,0,'2021-02-14 01:19:58','2021-02-14 01:19:58'),(3977,'Gazaria','গজারিয়া',434,1,1,0,'2021-02-14 01:19:58','2021-02-14 01:19:58'),(3978,'Phulchari','ফুলছড়ি',434,1,1,0,'2021-02-14 01:19:58','2021-02-14 01:19:58'),(3979,'Erendabari','এরেন্ডাবাড়ী',434,1,1,0,'2021-02-14 01:19:58','2021-02-14 01:19:58'),(3980,'Fazlupur','ফজলুপুর',434,1,1,0,'2021-02-14 01:19:58','2021-02-14 01:19:58'),(3981,'Ruhea','রুহিয়া',435,1,1,0,'2021-02-14 01:19:58','2021-02-14 01:19:58'),(3982,'Akhanagar','আখানগর',435,1,1,0,'2021-02-14 01:19:58','2021-02-14 01:19:58'),(3983,'Ahcha','আকচা',435,1,1,0,'2021-02-14 01:19:58','2021-02-14 01:19:58'),(3984,'Baragaon','বড়গাঁও',435,1,1,0,'2021-02-14 01:19:58','2021-02-14 01:19:58'),(3985,'Balia','বালিয়া',435,1,1,0,'2021-02-14 01:19:58','2021-02-14 01:19:58'),(3986,'Auliapur','আউলিয়াপুর',435,1,1,0,'2021-02-14 01:19:58','2021-02-14 01:19:58'),(3987,'Chilarang','চিলারং',435,1,1,0,'2021-02-14 01:19:58','2021-02-14 01:19:58'),(3988,'Rahimanpur','রহিমানপুর',435,1,1,0,'2021-02-14 01:19:58','2021-02-14 01:19:58'),(3989,'Roypur','রায়পুর',435,1,1,0,'2021-02-14 01:19:58','2021-02-14 01:19:58'),(3990,'Jamalpur','জামালপুর',435,1,1,0,'2021-02-14 01:19:58','2021-02-14 01:19:58'),(3991,'Mohammadpur','মোহাম্মদপুর',435,1,1,0,'2021-02-14 01:19:59','2021-02-14 01:19:59'),(3992,'Salandar','সালন্দর',435,1,1,0,'2021-02-14 01:19:59','2021-02-14 01:19:59'),(3993,'Gareya','গড়েয়া',435,1,1,0,'2021-02-14 01:19:59','2021-02-14 01:19:59'),(3994,'Rajagaon','রাজাগাঁও',435,1,1,0,'2021-02-14 01:19:59','2021-02-14 01:19:59'),(3995,'Debipur','দেবীপুর',435,1,1,0,'2021-02-14 01:19:59','2021-02-14 01:19:59'),(3996,'Nargun','নারগুন',435,1,1,0,'2021-02-14 01:19:59','2021-02-14 01:19:59'),(3997,'Jagannathpur','জগন্নাথপুর',435,1,1,0,'2021-02-14 01:19:59','2021-02-14 01:19:59'),(3998,'Sukhanpukhari','শুখানপুকুরী',435,1,1,0,'2021-02-14 01:19:59','2021-02-14 01:19:59'),(3999,'Begunbari','বেগুনবাড়ী',435,1,1,0,'2021-02-14 01:19:59','2021-02-14 01:19:59'),(4000,'Ruhia Pashchim','রুহিয়া পশ্চিম',435,1,1,0,'2021-02-14 01:19:59','2021-02-14 01:19:59'),(4001,'Dholarhat','ঢোলারহাট',435,1,1,0,'2021-02-14 01:19:59','2021-02-14 01:19:59'),(4002,'Bhomradaha','ভোমরাদহ',436,1,1,0,'2021-02-14 01:19:59','2021-02-14 01:19:59'),(4003,'Kosharaniganj','কোষারাণীগঞ্জ',436,1,1,0,'2021-02-14 01:19:59','2021-02-14 01:19:59'),(4004,'Khangaon','খনগাঁও',436,1,1,0,'2021-02-14 01:19:59','2021-02-14 01:19:59'),(4005,'Saidpur','সৈয়দপুর',436,1,1,0,'2021-02-14 01:19:59','2021-02-14 01:19:59'),(4006,'Pirganj','পীরগঞ্জ',436,1,1,0,'2021-02-14 01:19:59','2021-02-14 01:19:59'),(4007,'Hajipur','হাজীপুর',436,1,1,0,'2021-02-14 01:19:59','2021-02-14 01:19:59'),(4008,'Daulatpur','দৌলতপুর',436,1,1,0,'2021-02-14 01:19:59','2021-02-14 01:19:59'),(4009,'Sengaon','সেনগাঁও',436,1,1,0,'2021-02-14 01:19:59','2021-02-14 01:19:59'),(4010,'Jabarhat','জাবরহাট',436,1,1,0,'2021-02-14 01:19:59','2021-02-14 01:19:59'),(4011,'Bairchuna','বৈরচুনা',436,1,1,0,'2021-02-14 01:19:59','2021-02-14 01:19:59'),(4012,'Dhormogarh','ধর্মগড়',437,1,1,0,'2021-02-14 01:19:59','2021-02-14 01:19:59'),(4013,'Nekmorod','নেকমরদ',437,1,1,0,'2021-02-14 01:19:59','2021-02-14 01:19:59'),(4014,'Hosengaon','হোসেনগাঁও',437,1,1,0,'2021-02-14 01:19:59','2021-02-14 01:19:59'),(4015,'Lehemba','লেহেম্বা',437,1,1,0,'2021-02-14 01:19:59','2021-02-14 01:19:59'),(4016,'Bachor','বাচোর',437,1,1,0,'2021-02-14 01:19:59','2021-02-14 01:19:59'),(4017,'Kashipur','কাশিপুর',437,1,1,0,'2021-02-14 01:19:59','2021-02-14 01:19:59'),(4018,'Ratore','রাতোর',437,1,1,0,'2021-02-14 01:19:59','2021-02-14 01:19:59'),(4019,'Nonduar','নন্দুয়ার',437,1,1,0,'2021-02-14 01:20:00','2021-02-14 01:20:00'),(4020,'Gedura','গেদুড়া',438,1,1,0,'2021-02-14 01:20:00','2021-02-14 01:20:00'),(4021,'Amgaon','আমগাঁও',438,1,1,0,'2021-02-14 01:20:00','2021-02-14 01:20:00'),(4022,'Bakua','বকুয়া',438,1,1,0,'2021-02-14 01:20:00','2021-02-14 01:20:00'),(4023,'Dangipara','ডাঙ্গীপাড়া',438,1,1,0,'2021-02-14 01:20:00','2021-02-14 01:20:00'),(4024,'Haripur','হরিপুর',438,1,1,0,'2021-02-14 01:20:00','2021-02-14 01:20:00'),(4025,'Bhaturia','ভাতুরিয়া',438,1,1,0,'2021-02-14 01:20:00','2021-02-14 01:20:00'),(4026,'Paria','পাড়িয়া',439,1,1,0,'2021-02-14 01:20:00','2021-02-14 01:20:00'),(4027,'Charol','চারোল',439,1,1,0,'2021-02-14 01:20:00','2021-02-14 01:20:00'),(4028,'Dhontola','ধনতলা',439,1,1,0,'2021-02-14 01:20:00','2021-02-14 01:20:00'),(4029,'Boropalashbari','বড়পলাশবাড়ী',439,1,1,0,'2021-02-14 01:20:00','2021-02-14 01:20:00'),(4030,'Duosuo','দুওসুও',439,1,1,0,'2021-02-14 01:20:00','2021-02-14 01:20:00'),(4031,'Vanor','ভানোর',439,1,1,0,'2021-02-14 01:20:00','2021-02-14 01:20:00'),(4032,'Amjankhore','আমজানখোর',439,1,1,0,'2021-02-14 01:20:00','2021-02-14 01:20:00'),(4033,'Borobari','বড়বাড়ী',439,1,1,0,'2021-02-14 01:20:00','2021-02-14 01:20:00'),(4034,'Mominpur','মমিনপুর',440,1,1,0,'2021-02-14 01:20:00','2021-02-14 01:20:00'),(4035,'Horidebpur','হরিদেবপুর',440,1,1,0,'2021-02-14 01:20:00','2021-02-14 01:20:00'),(4036,'Uttam','উত্তম',440,1,1,0,'2021-02-14 01:20:00','2021-02-14 01:20:00'),(4037,'Porshuram','পরশুরাম',440,1,1,0,'2021-02-14 01:20:00','2021-02-14 01:20:00'),(4038,'Topodhan','তপোধন',440,1,1,0,'2021-02-14 01:20:00','2021-02-14 01:20:00'),(4039,'Satgara','সাতগারা',440,1,1,0,'2021-02-14 01:20:00','2021-02-14 01:20:00'),(4040,'Rajendrapur','রাজেন্দ্রপুর',440,1,1,0,'2021-02-14 01:20:00','2021-02-14 01:20:00'),(4041,'Sadwapuskoroni','সদ্যপুস্করনী',440,1,1,0,'2021-02-14 01:20:00','2021-02-14 01:20:00'),(4042,'Chandanpat','চন্দনপাট',440,1,1,0,'2021-02-14 01:20:00','2021-02-14 01:20:00'),(4043,'Dorshona','দর্শানা',440,1,1,0,'2021-02-14 01:20:00','2021-02-14 01:20:00'),(4044,'Tampat','তামপাট',440,1,1,0,'2021-02-14 01:20:01','2021-02-14 01:20:01'),(4045,'Betgari','বেতগাড়ী',441,1,1,0,'2021-02-14 01:20:01','2021-02-14 01:20:01'),(4046,'Kholeya','খলেয়া',441,1,1,0,'2021-02-14 01:20:01','2021-02-14 01:20:01'),(4047,'Borobil','বড়বিল',441,1,1,0,'2021-02-14 01:20:01','2021-02-14 01:20:01'),(4048,'Kolcondo','কোলকোন্দ',441,1,1,0,'2021-02-14 01:20:01','2021-02-14 01:20:01'),(4049,'Gongachora','গংগাচড়া',441,1,1,0,'2021-02-14 01:20:01','2021-02-14 01:20:01'),(4050,'Gojoghonta','গজঘন্টা',441,1,1,0,'2021-02-14 01:20:01','2021-02-14 01:20:01'),(4051,'Morneya','মর্ণেয়া',441,1,1,0,'2021-02-14 01:20:01','2021-02-14 01:20:01'),(4052,'Alambiditor','আলমবিদিতর',441,1,1,0,'2021-02-14 01:20:01','2021-02-14 01:20:01'),(4053,'Lakkhitari','লক্ষীটারী',441,1,1,0,'2021-02-14 01:20:01','2021-02-14 01:20:01'),(4054,'Nohali','নোহালী',441,1,1,0,'2021-02-14 01:20:01','2021-02-14 01:20:01'),(4055,'Kurshatara','কুর্শা',442,1,1,0,'2021-02-14 01:20:01','2021-02-14 01:20:01'),(4056,'Alampur','আলমপুর',442,1,1,0,'2021-02-14 01:20:01','2021-02-14 01:20:01'),(4057,'Soyar','সয়ার',442,1,1,0,'2021-02-14 01:20:01','2021-02-14 01:20:01'),(4058,'Ikorchali','ইকরচালী',442,1,1,0,'2021-02-14 01:20:01','2021-02-14 01:20:01'),(4059,'Hariarkuthi','হাড়িয়ারকুঠি',442,1,1,0,'2021-02-14 01:20:01','2021-02-14 01:20:01'),(4060,'Radhanagar','রাধানগর',443,1,1,0,'2021-02-14 01:20:01','2021-02-14 01:20:01'),(4061,'Gopinathpur','গোপীনাথপুর',443,1,1,0,'2021-02-14 01:20:02','2021-02-14 01:20:02'),(4062,'Modhupur','মধুপুর',443,1,1,0,'2021-02-14 01:20:02','2021-02-14 01:20:02'),(4063,'Kutubpur','কুতুবপুর',443,1,1,0,'2021-02-14 01:20:02','2021-02-14 01:20:02'),(4064,'Bishnapur','বিষ্ণপুর',443,1,1,0,'2021-02-14 01:20:02','2021-02-14 01:20:02'),(4065,'Kalupara','কালুপাড়া',443,1,1,0,'2021-02-14 01:20:02','2021-02-14 01:20:02'),(4066,'Lohanipara','লোহানীপাড়া',443,1,1,0,'2021-02-14 01:20:02','2021-02-14 01:20:02'),(4067,'Gopalpur','গোপালপুর',443,1,1,0,'2021-02-14 01:20:02','2021-02-14 01:20:02'),(4068,'Damodorpur','দামোদরপুর',443,1,1,0,'2021-02-14 01:20:02','2021-02-14 01:20:02'),(4069,'Ramnathpurupb','রামনাথপুর',443,1,1,0,'2021-02-14 01:20:02','2021-02-14 01:20:02'),(4070,'Khoragach','খোরাগাছ',444,1,1,0,'2021-02-14 01:20:02','2021-02-14 01:20:02'),(4071,'Ranipukur','রাণীপুকুর',444,1,1,0,'2021-02-14 01:20:02','2021-02-14 01:20:02'),(4072,'Payrabond','পায়রাবন্দ',444,1,1,0,'2021-02-14 01:20:02','2021-02-14 01:20:02'),(4073,'Vangni','ভাংনী',444,1,1,0,'2021-02-14 01:20:02','2021-02-14 01:20:02'),(4074,'Balarhat','বালারহাট',444,1,1,0,'2021-02-14 01:20:02','2021-02-14 01:20:02'),(4075,'Kafrikhal','কাফ্রিখাল',444,1,1,0,'2021-02-14 01:20:02','2021-02-14 01:20:02'),(4076,'Latibpur','লতিবপুর',444,1,1,0,'2021-02-14 01:20:02','2021-02-14 01:20:02'),(4077,'Chengmari','চেংমারী',444,1,1,0,'2021-02-14 01:20:02','2021-02-14 01:20:02'),(4078,'Moyenpur','ময়েনপুর',444,1,1,0,'2021-02-14 01:20:02','2021-02-14 01:20:02'),(4079,'Baluya Masimpur','বালুয়া মাসিমপুর',444,1,1,0,'2021-02-14 01:20:02','2021-02-14 01:20:02'),(4080,'Borobala','বড়বালা',444,1,1,0,'2021-02-14 01:20:02','2021-02-14 01:20:02'),(4081,'Mirzapur','মির্জাপুর',444,1,1,0,'2021-02-14 01:20:02','2021-02-14 01:20:02'),(4082,'Imadpur','ইমাদপুর',444,1,1,0,'2021-02-14 01:20:02','2021-02-14 01:20:02'),(4083,'Milonpur','মিলনপুর',444,1,1,0,'2021-02-14 01:20:02','2021-02-14 01:20:02'),(4084,'Mgopalpur','গোপালপুর',444,1,1,0,'2021-02-14 01:20:03','2021-02-14 01:20:03'),(4085,'Durgapur','দূর্গাপুর',444,1,1,0,'2021-02-14 01:20:03','2021-02-14 01:20:03'),(4086,'Boro Hazratpur','বড় হযরতপুর',444,1,1,0,'2021-02-14 01:20:03','2021-02-14 01:20:03'),(4087,'Chattracol','চৈত্রকোল',445,1,1,0,'2021-02-14 01:20:03','2021-02-14 01:20:03'),(4088,'Vendabari','ভেন্ডাবাড়ী',445,1,1,0,'2021-02-14 01:20:03','2021-02-14 01:20:03'),(4089,'Borodargah','বড়দরগাহ',445,1,1,0,'2021-02-14 01:20:03','2021-02-14 01:20:03'),(4090,'Kumedpur','কুমেদপুর',445,1,1,0,'2021-02-14 01:20:03','2021-02-14 01:20:03'),(4091,'Modankhali','মদনখালী',445,1,1,0,'2021-02-14 01:20:03','2021-02-14 01:20:03'),(4092,'Tukuria','টুকুরিয়া',445,1,1,0,'2021-02-14 01:20:03','2021-02-14 01:20:03'),(4093,'Boro Alampur','বড় আলমপুর',445,1,1,0,'2021-02-14 01:20:03','2021-02-14 01:20:03'),(4094,'Raypur','রায়পুর',445,1,1,0,'2021-02-14 01:20:03','2021-02-14 01:20:03'),(4095,'Pirgonj','পীরগঞ্জ',445,1,1,0,'2021-02-14 01:20:03','2021-02-14 01:20:03'),(4096,'Shanerhat','শানেরহাট',445,1,1,0,'2021-02-14 01:20:03','2021-02-14 01:20:03'),(4097,'Mithipur','মিঠিপুর',445,1,1,0,'2021-02-14 01:20:03','2021-02-14 01:20:03'),(4098,'Ramnathpur','রামনাথপুর',445,1,1,0,'2021-02-14 01:20:03','2021-02-14 01:20:03'),(4099,'Chattra','চতরা',445,1,1,0,'2021-02-14 01:20:03','2021-02-14 01:20:03'),(4100,'Kabilpur','কাবিলপুর',445,1,1,0,'2021-02-14 01:20:03','2021-02-14 01:20:03'),(4101,'Pachgachi','পাঁচগাছী',445,1,1,0,'2021-02-14 01:20:03','2021-02-14 01:20:03'),(4102,'Sarai','সারাই',446,1,1,0,'2021-02-14 01:20:03','2021-02-14 01:20:03'),(4103,'Balapara','বালাপাড়া',446,1,1,0,'2021-02-14 01:20:03','2021-02-14 01:20:03'),(4104,'Shahidbag','শহীদবাগ',446,1,1,0,'2021-02-14 01:20:03','2021-02-14 01:20:03'),(4105,'Haragach','হারাগাছ',446,1,1,0,'2021-02-14 01:20:03','2021-02-14 01:20:03'),(4106,'Tepamodhupur','টেপামধুপুর',446,1,1,0,'2021-02-14 01:20:03','2021-02-14 01:20:03'),(4107,'Kurshaupk','কুর্শা',446,1,1,0,'2021-02-14 01:20:03','2021-02-14 01:20:03'),(4108,'Kollyani','কল্যাণী',447,1,1,0,'2021-02-14 01:20:03','2021-02-14 01:20:03'),(4109,'Parul','পারুল',447,1,1,0,'2021-02-14 01:20:03','2021-02-14 01:20:03'),(4110,'Itakumari','ইটাকুমারী',447,1,1,0,'2021-02-14 01:20:03','2021-02-14 01:20:03'),(4111,'Saula','ছাওলা',447,1,1,0,'2021-02-14 01:20:04','2021-02-14 01:20:04'),(4112,'Kandi','কান্দি',447,1,1,0,'2021-02-14 01:20:04','2021-02-14 01:20:04'),(4113,'Pirgacha','পীরগাছা',447,1,1,0,'2021-02-14 01:20:04','2021-02-14 01:20:04'),(4114,'Annodanagar','অন্নদানগর',447,1,1,0,'2021-02-14 01:20:04','2021-02-14 01:20:04'),(4115,'Tambulpur','তাম্বুলপুর',447,1,1,0,'2021-02-14 01:20:04','2021-02-14 01:20:04'),(4116,'Koikuri','কৈকুড়ী',447,1,1,0,'2021-02-14 01:20:04','2021-02-14 01:20:04'),(4117,'Holokhana','হলোখানা',448,1,1,0,'2021-02-14 01:20:04','2021-02-14 01:20:04'),(4118,'Ghogadhoh','ঘোগাদহ',448,1,1,0,'2021-02-14 01:20:04','2021-02-14 01:20:04'),(4119,'Belgacha','বেলগাছা',448,1,1,0,'2021-02-14 01:20:04','2021-02-14 01:20:04'),(4120,'Mogolbasa','মোগলবাসা',448,1,1,0,'2021-02-14 01:20:04','2021-02-14 01:20:04'),(4121,'Panchgachi','পাঁচগাছি',448,1,1,0,'2021-02-14 01:20:04','2021-02-14 01:20:04'),(4122,'Jatrapur','যাত্রাপুর',448,1,1,0,'2021-02-14 01:20:04','2021-02-14 01:20:04'),(4123,'Kanthalbari','কাঁঠালবাড়ী',448,1,1,0,'2021-02-14 01:20:04','2021-02-14 01:20:04'),(4124,'Bhogdanga','ভোগডাঙ্গা',448,1,1,0,'2021-02-14 01:20:04','2021-02-14 01:20:04'),(4125,'Ramkhana','রামখানা',449,1,1,0,'2021-02-14 01:20:04','2021-02-14 01:20:04'),(4126,'Raigonj','রায়গঞ্জ',449,1,1,0,'2021-02-14 01:20:04','2021-02-14 01:20:04'),(4127,'Bamondanga','বামনডাঙ্গা',449,1,1,0,'2021-02-14 01:20:04','2021-02-14 01:20:04'),(4128,'Berubari','বেরুবাড়ী',449,1,1,0,'2021-02-14 01:20:04','2021-02-14 01:20:04'),(4129,'Sontaspur','সন্তোষপুর',449,1,1,0,'2021-02-14 01:20:04','2021-02-14 01:20:04'),(4130,'Hasnabad','হাসনাবাদ',449,1,1,0,'2021-02-14 01:20:04','2021-02-14 01:20:04'),(4131,'Newyashi','নেওয়াশী',449,1,1,0,'2021-02-14 01:20:04','2021-02-14 01:20:04'),(4132,'Bhitorbond','ভিতরবন্দ',449,1,1,0,'2021-02-14 01:20:04','2021-02-14 01:20:04'),(4133,'Kaligonj','কালীগঞ্জ',449,1,1,0,'2021-02-14 01:20:04','2021-02-14 01:20:04'),(4134,'Noonkhawa','নুনখাওয়া',449,1,1,0,'2021-02-14 01:20:04','2021-02-14 01:20:04'),(4135,'Narayanpur','নারায়নপুর',449,1,1,0,'2021-02-14 01:20:04','2021-02-14 01:20:04'),(4136,'Kedar','কেদার',449,1,1,0,'2021-02-14 01:20:04','2021-02-14 01:20:04'),(4137,'Kachakata','কঁচাকাঁটা',449,1,1,0,'2021-02-14 01:20:04','2021-02-14 01:20:04'),(4138,'Bollobherkhas','বল্লভেরখাস',449,1,1,0,'2021-02-14 01:20:05','2021-02-14 01:20:05'),(4139,'Pathordubi','পাথরডুবি',450,1,1,0,'2021-02-14 01:20:05','2021-02-14 01:20:05'),(4140,'Shilkhuri','শিলখুড়ি',450,1,1,0,'2021-02-14 01:20:05','2021-02-14 01:20:05'),(4141,'Tilai','তিলাই',450,1,1,0,'2021-02-14 01:20:05','2021-02-14 01:20:05'),(4142,'Paikarchara','পাইকেরছড়া',450,1,1,0,'2021-02-14 01:20:05','2021-02-14 01:20:05'),(4143,'Bhurungamari','ভূরুঙ্গামারী',450,1,1,0,'2021-02-14 01:20:05','2021-02-14 01:20:05'),(4144,'Joymonirhat','জয়মনিরহাট',450,1,1,0,'2021-02-14 01:20:05','2021-02-14 01:20:05'),(4145,'Andharirjhar','আন্ধারীরঝাড়',450,1,1,0,'2021-02-14 01:20:05','2021-02-14 01:20:05'),(4146,'Char-Bhurungamari','চর-ভূরুঙ্গামারী',450,1,1,0,'2021-02-14 01:20:05','2021-02-14 01:20:05'),(4147,'Bangasonahat','বঙ্গসোনাহাট',450,1,1,0,'2021-02-14 01:20:05','2021-02-14 01:20:05'),(4148,'Boldia','বলদিয়া',450,1,1,0,'2021-02-14 01:20:05','2021-02-14 01:20:05'),(4149,'Nawdanga','নাওডাঙ্গা',451,1,1,0,'2021-02-14 01:20:05','2021-02-14 01:20:05'),(4150,'Shimulbari','শিমুলবাড়ী',451,1,1,0,'2021-02-14 01:20:05','2021-02-14 01:20:05'),(4151,'Phulbari','ফুলবাড়ী',451,1,1,0,'2021-02-14 01:20:05','2021-02-14 01:20:05'),(4152,'Baravita','বড়ভিটা',451,1,1,0,'2021-02-14 01:20:05','2021-02-14 01:20:05'),(4153,'Bhangamor','ভাঙ্গামোড়',451,1,1,0,'2021-02-14 01:20:05','2021-02-14 01:20:05'),(4154,'Kashipur','কাশিপুর',451,1,1,0,'2021-02-14 01:20:05','2021-02-14 01:20:05'),(4155,'Chinai','ছিনাই',452,1,1,0,'2021-02-14 01:20:05','2021-02-14 01:20:05'),(4156,'Rajarhat','রাজারহাট',452,1,1,0,'2021-02-14 01:20:05','2021-02-14 01:20:05'),(4157,'Nazimkhan','নাজিমখাঁন',452,1,1,0,'2021-02-14 01:20:05','2021-02-14 01:20:05'),(4158,'Gharialdanga','ঘড়িয়ালডাঙ্গা',452,1,1,0,'2021-02-14 01:20:05','2021-02-14 01:20:05'),(4159,'Chakirpashar','চাকিরপশার',452,1,1,0,'2021-02-14 01:20:05','2021-02-14 01:20:05'),(4160,'Biddanondo','বিদ্যানন্দ',452,1,1,0,'2021-02-14 01:20:05','2021-02-14 01:20:05'),(4161,'Umarmajid','উমর মজিদ',452,1,1,0,'2021-02-14 01:20:05','2021-02-14 01:20:05'),(4162,'Daldalia','দলদলিয়া',453,1,1,0,'2021-02-14 01:20:05','2021-02-14 01:20:05'),(4163,'Durgapur','দুর্গাপুর',453,1,1,0,'2021-02-14 01:20:06','2021-02-14 01:20:06'),(4164,'Pandul','পান্ডুল',453,1,1,0,'2021-02-14 01:20:06','2021-02-14 01:20:06'),(4165,'Buraburi','বুড়াবুড়ী',453,1,1,0,'2021-02-14 01:20:06','2021-02-14 01:20:06'),(4166,'Dharanibari','ধরণীবাড়ী',453,1,1,0,'2021-02-14 01:20:06','2021-02-14 01:20:06'),(4167,'Dhamsreni','ধামশ্রেণী',453,1,1,0,'2021-02-14 01:20:06','2021-02-14 01:20:06'),(4168,'Gunaigas','গুনাইগাছ',453,1,1,0,'2021-02-14 01:20:06','2021-02-14 01:20:06'),(4169,'Bazra','বজরা',453,1,1,0,'2021-02-14 01:20:06','2021-02-14 01:20:06'),(4170,'Tobockpur','তবকপুর',453,1,1,0,'2021-02-14 01:20:06','2021-02-14 01:20:06'),(4171,'Hatia','হাতিয়া',453,1,1,0,'2021-02-14 01:20:06','2021-02-14 01:20:06'),(4172,'Begumgonj','বেগমগঞ্জ',453,1,1,0,'2021-02-14 01:20:06','2021-02-14 01:20:06'),(4173,'Shahabiar Alga','সাহেবের আলগা',453,1,1,0,'2021-02-14 01:20:06','2021-02-14 01:20:06'),(4174,'Thetrai','থেতরাই',453,1,1,0,'2021-02-14 01:20:06','2021-02-14 01:20:06'),(4175,'Ranigonj','রাণীগঞ্জ',454,1,1,0,'2021-02-14 01:20:06','2021-02-14 01:20:06'),(4176,'Nayarhat','নয়ারহাট',454,1,1,0,'2021-02-14 01:20:06','2021-02-14 01:20:06'),(4177,'Thanahat','থানাহাট',454,1,1,0,'2021-02-14 01:20:06','2021-02-14 01:20:06'),(4178,'Ramna','রমনা',454,1,1,0,'2021-02-14 01:20:06','2021-02-14 01:20:06'),(4179,'Chilmari','চিলমারী',454,1,1,0,'2021-02-14 01:20:06','2021-02-14 01:20:06'),(4180,'Austomirchar','অষ্টমীর চর',454,1,1,0,'2021-02-14 01:20:06','2021-02-14 01:20:06'),(4181,'Dadevanga','দাঁতভাঙ্গা',455,1,1,0,'2021-02-14 01:20:06','2021-02-14 01:20:06'),(4182,'Shoulemari','শৌলমারী',455,1,1,0,'2021-02-14 01:20:06','2021-02-14 01:20:06'),(4183,'Bondober','বন্দবেড়',455,1,1,0,'2021-02-14 01:20:06','2021-02-14 01:20:06'),(4184,'Rowmari','রৌমারী',455,1,1,0,'2021-02-14 01:20:06','2021-02-14 01:20:06'),(4185,'Jadurchar','যাদুরচর',455,1,1,0,'2021-02-14 01:20:06','2021-02-14 01:20:06'),(4186,'Rajibpur','রাজিবপুর',456,1,1,0,'2021-02-14 01:20:06','2021-02-14 01:20:06'),(4187,'Kodalkati','কোদালকাটি',456,1,1,0,'2021-02-14 01:20:07','2021-02-14 01:20:07'),(4188,'Mohongonj','মোহনগঞ্জ',456,1,1,0,'2021-02-14 01:20:07','2021-02-14 01:20:07'),(4189,'Kamararchor','কামারের চর',457,1,1,0,'2021-02-14 01:20:07','2021-02-14 01:20:07'),(4190,'Chorsherpur','চরশেরপুর',457,1,1,0,'2021-02-14 01:20:07','2021-02-14 01:20:07'),(4191,'Bajitkhila','বাজিতখিলা',457,1,1,0,'2021-02-14 01:20:07','2021-02-14 01:20:07'),(4192,'Gajir Khamar','গাজির খামার',457,1,1,0,'2021-02-14 01:20:07','2021-02-14 01:20:07'),(4193,'Dhola','ধলা',457,1,1,0,'2021-02-14 01:20:07','2021-02-14 01:20:07'),(4194,'Pakuriya','পাকুরিয়া',457,1,1,0,'2021-02-14 01:20:07','2021-02-14 01:20:07'),(4195,'Vatshala','ভাতশালা',457,1,1,0,'2021-02-14 01:20:07','2021-02-14 01:20:07'),(4196,'Losmonpur','লছমনপুর',457,1,1,0,'2021-02-14 01:20:07','2021-02-14 01:20:07'),(4197,'Rouha','রৌহা',457,1,1,0,'2021-02-14 01:20:07','2021-02-14 01:20:07'),(4198,'Kamariya','কামারিয়া',457,1,1,0,'2021-02-14 01:20:07','2021-02-14 01:20:07'),(4199,'Chor Mochoriya','চর মোচারিয়া',457,1,1,0,'2021-02-14 01:20:07','2021-02-14 01:20:07'),(4200,'Chorpokhimari','চর পক্ষীমারি',457,1,1,0,'2021-02-14 01:20:07','2021-02-14 01:20:07'),(4201,'Betmari Ghughurakandi','বেতমারি ঘুঘুরাকান্দি',457,1,1,0,'2021-02-14 01:20:07','2021-02-14 01:20:07'),(4202,'Balairchar','বলাইরচর',457,1,1,0,'2021-02-14 01:20:07','2021-02-14 01:20:07'),(4203,'Puraga','পোড়াগাও',458,1,1,0,'2021-02-14 01:20:07','2021-02-14 01:20:07'),(4204,'Nonni','নন্নী',458,1,1,0,'2021-02-14 01:20:07','2021-02-14 01:20:07'),(4205,'Morichpuran','মরিচপুরাণ',458,1,1,0,'2021-02-14 01:20:07','2021-02-14 01:20:07'),(4206,'Rajnogor','রাজনগর',458,1,1,0,'2021-02-14 01:20:07','2021-02-14 01:20:07'),(4207,'Nayabil','নয়াবীল',458,1,1,0,'2021-02-14 01:20:07','2021-02-14 01:20:07'),(4208,'Ramchondrokura','রামচন্দ্রকুড়া',458,1,1,0,'2021-02-14 01:20:07','2021-02-14 01:20:07'),(4209,'Kakorkandhi','কাকরকান্দি',458,1,1,0,'2021-02-14 01:20:07','2021-02-14 01:20:07'),(4210,'Nalitabari','নালিতাবাড়ী',458,1,1,0,'2021-02-14 01:20:07','2021-02-14 01:20:07'),(4211,'Juganiya','যোগনীয়া',458,1,1,0,'2021-02-14 01:20:07','2021-02-14 01:20:07'),(4212,'Bagber','বাঘবেড়',458,1,1,0,'2021-02-14 01:20:08','2021-02-14 01:20:08'),(4213,'Koloshpar','কলসপাড়',458,1,1,0,'2021-02-14 01:20:08','2021-02-14 01:20:08'),(4214,'Rupnarayankura','রূপনারায়নকুড়া',458,1,1,0,'2021-02-14 01:20:08','2021-02-14 01:20:08'),(4215,'Ranishimul','রানীশিমুল',459,1,1,0,'2021-02-14 01:20:08','2021-02-14 01:20:08'),(4216,'Singabaruna','সিংগাবরুনা',459,1,1,0,'2021-02-14 01:20:08','2021-02-14 01:20:08'),(4217,'Kakilakura','কাকিলাকুড়া',459,1,1,0,'2021-02-14 01:20:08','2021-02-14 01:20:08'),(4218,'Tatihati','তাতীহাটি',459,1,1,0,'2021-02-14 01:20:08','2021-02-14 01:20:08'),(4219,'Gosaipur','গোশাইপুর',459,1,1,0,'2021-02-14 01:20:08','2021-02-14 01:20:08'),(4220,'Sreebordi','শ্রীবরদী',459,1,1,0,'2021-02-14 01:20:08','2021-02-14 01:20:08'),(4221,'Bhelua','ভেলুয়া',459,1,1,0,'2021-02-14 01:20:08','2021-02-14 01:20:08'),(4222,'Kharia Kazirchar','খড়িয়া কাজিরচর',459,1,1,0,'2021-02-14 01:20:08','2021-02-14 01:20:08'),(4223,'Kurikahonia','কুড়িকাহনিয়া',459,1,1,0,'2021-02-14 01:20:08','2021-02-14 01:20:08'),(4224,'Garjaripa','গড়জরিপা',459,1,1,0,'2021-02-14 01:20:08','2021-02-14 01:20:08'),(4225,'Gonopoddi','গণপদ্দী',460,1,1,0,'2021-02-14 01:20:08','2021-02-14 01:20:08'),(4226,'Nokla','নকলা',460,1,1,0,'2021-02-14 01:20:08','2021-02-14 01:20:08'),(4227,'Urpha','উরফা',460,1,1,0,'2021-02-14 01:20:08','2021-02-14 01:20:08'),(4228,'Gourdwar','গৌড়দ্বার',460,1,1,0,'2021-02-14 01:20:08','2021-02-14 01:20:08'),(4229,'Baneshwardi','বানেশ্বর্দী',460,1,1,0,'2021-02-14 01:20:08','2021-02-14 01:20:08'),(4230,'Pathakata','পাঠাকাটা',460,1,1,0,'2021-02-14 01:20:08','2021-02-14 01:20:08'),(4231,'Talki','টালকী',460,1,1,0,'2021-02-14 01:20:08','2021-02-14 01:20:08'),(4232,'Choraustadhar','চরঅষ্টধর',460,1,1,0,'2021-02-14 01:20:08','2021-02-14 01:20:08'),(4233,'Chandrakona','চন্দ্রকোনা',460,1,1,0,'2021-02-14 01:20:08','2021-02-14 01:20:08'),(4234,'Kansa','কাংশা',461,1,1,0,'2021-02-14 01:20:08','2021-02-14 01:20:08'),(4235,'Dansail','ধানশাইল',461,1,1,0,'2021-02-14 01:20:08','2021-02-14 01:20:08'),(4236,'Nolkura','নলকুড়া',461,1,1,0,'2021-02-14 01:20:08','2021-02-14 01:20:08'),(4237,'Gouripur','গৌরিপুর',461,1,1,0,'2021-02-14 01:20:08','2021-02-14 01:20:08'),(4238,'Jhenaigati','ঝিনাইগাতী',461,1,1,0,'2021-02-14 01:20:09','2021-02-14 01:20:09'),(4239,'Hatibandha','হাতিবান্দা',461,1,1,0,'2021-02-14 01:20:09','2021-02-14 01:20:09'),(4240,'Malijhikanda','মালিঝিকান্দা',461,1,1,0,'2021-02-14 01:20:09','2021-02-14 01:20:09'),(4241,'Deukhola','দেওখোলা',462,1,1,0,'2021-02-14 01:20:09','2021-02-14 01:20:09'),(4242,'Naogaon','নাওগাঁও',462,1,1,0,'2021-02-14 01:20:09','2021-02-14 01:20:09'),(4243,'Putijana','পুটিজানা',462,1,1,0,'2021-02-14 01:20:09','2021-02-14 01:20:09'),(4244,'Kushmail','কুশমাইল',462,1,1,0,'2021-02-14 01:20:09','2021-02-14 01:20:09'),(4245,'Fulbaria','ফুলবাড়ীয়া',462,1,1,0,'2021-02-14 01:20:09','2021-02-14 01:20:09'),(4246,'Bakta','বাক্তা',462,1,1,0,'2021-02-14 01:20:09','2021-02-14 01:20:09'),(4247,'Rangamatia','রাঙ্গামাটিয়া',462,1,1,0,'2021-02-14 01:20:09','2021-02-14 01:20:09'),(4248,'Enayetpur','এনায়েতপুর',462,1,1,0,'2021-02-14 01:20:09','2021-02-14 01:20:09'),(4249,'Kaladaha','কালাদহ',462,1,1,0,'2021-02-14 01:20:09','2021-02-14 01:20:09'),(4250,'Radhakanai','রাধাকানাই',462,1,1,0,'2021-02-14 01:20:09','2021-02-14 01:20:09'),(4251,'Asimpatuli','আছিমপাটুলী',462,1,1,0,'2021-02-14 01:20:09','2021-02-14 01:20:09'),(4252,'Vobanipur','ভবানীপুর',462,1,1,0,'2021-02-14 01:20:09','2021-02-14 01:20:09'),(4253,'Balian','বালিয়ান',462,1,1,0,'2021-02-14 01:20:09','2021-02-14 01:20:09'),(4254,'Dhanikhola','ধানীখোলা',463,1,1,0,'2021-02-14 01:20:09','2021-02-14 01:20:09'),(4255,'Bailor','বৈলর',463,1,1,0,'2021-02-14 01:20:09','2021-02-14 01:20:09'),(4256,'Kanthal','কাঁঠাল',463,1,1,0,'2021-02-14 01:20:09','2021-02-14 01:20:09'),(4257,'Kanihari','কানিহারী',463,1,1,0,'2021-02-14 01:20:09','2021-02-14 01:20:09'),(4258,'Trishal','ত্রিশাল',463,1,1,0,'2021-02-14 01:20:09','2021-02-14 01:20:09'),(4259,'Harirampur','হরিরামপুর',463,1,1,0,'2021-02-14 01:20:09','2021-02-14 01:20:09'),(4260,'Sakhua','সাখুয়া',463,1,1,0,'2021-02-14 01:20:09','2021-02-14 01:20:09'),(4261,'Balipara','বালিপাড়া',463,1,1,0,'2021-02-14 01:20:09','2021-02-14 01:20:09'),(4262,'Mokshapur','মোক্ষপুর',463,1,1,0,'2021-02-14 01:20:09','2021-02-14 01:20:09'),(4263,'Mathbari','মঠবাড়ী',463,1,1,0,'2021-02-14 01:20:09','2021-02-14 01:20:09'),(4264,'Amirabari','আমিরাবাড়ী',463,1,1,0,'2021-02-14 01:20:09','2021-02-14 01:20:09'),(4265,'Rampur','রামপুর',463,1,1,0,'2021-02-14 01:20:10','2021-02-14 01:20:10'),(4266,'Uthura','উথুরা',464,1,1,0,'2021-02-14 01:20:10','2021-02-14 01:20:10'),(4267,'Meduari','মেদুয়ারী',464,1,1,0,'2021-02-14 01:20:10','2021-02-14 01:20:10'),(4268,'Varadoba','ভরাডোবা',464,1,1,0,'2021-02-14 01:20:10','2021-02-14 01:20:10'),(4269,'Dhitpur','ধীতপুর',464,1,1,0,'2021-02-14 01:20:10','2021-02-14 01:20:10'),(4270,'Dakatia','ডাকাতিয়া',464,1,1,0,'2021-02-14 01:20:10','2021-02-14 01:20:10'),(4271,'Birunia','বিরুনিয়া',464,1,1,0,'2021-02-14 01:20:10','2021-02-14 01:20:10'),(4272,'Bhaluka','ভালুকা',464,1,1,0,'2021-02-14 01:20:10','2021-02-14 01:20:10'),(4273,'Mallikbari','মল্লিকবাড়ী',464,1,1,0,'2021-02-14 01:20:10','2021-02-14 01:20:10'),(4274,'Kachina','কাচিনা',464,1,1,0,'2021-02-14 01:20:10','2021-02-14 01:20:10'),(4275,'Habirbari','হবিরবাড়ী',464,1,1,0,'2021-02-14 01:20:10','2021-02-14 01:20:10'),(4276,'Rajoi','রাজৈ',464,1,1,0,'2021-02-14 01:20:10','2021-02-14 01:20:10'),(4277,'Dulla','দুল্লা',465,1,1,0,'2021-02-14 01:20:10','2021-02-14 01:20:10'),(4278,'Borogram','বড়গ্রাম',465,1,1,0,'2021-02-14 01:20:10','2021-02-14 01:20:10'),(4279,'Tarati','তারাটি',465,1,1,0,'2021-02-14 01:20:10','2021-02-14 01:20:10'),(4280,'Kumargata','কুমারগাতা',465,1,1,0,'2021-02-14 01:20:10','2021-02-14 01:20:10'),(4281,'Basati','বাশাটি',465,1,1,0,'2021-02-14 01:20:10','2021-02-14 01:20:10'),(4282,'Mankon','মানকোন',465,1,1,0,'2021-02-14 01:20:10','2021-02-14 01:20:10'),(4283,'Ghoga','ঘোগা',465,1,1,0,'2021-02-14 01:20:10','2021-02-14 01:20:10'),(4284,'Daogaon','দাওগাঁও',465,1,1,0,'2021-02-14 01:20:10','2021-02-14 01:20:10'),(4285,'Kashimpur','কাশিমপুর',465,1,1,0,'2021-02-14 01:20:10','2021-02-14 01:20:10'),(4286,'Kheruajani','খেরুয়াজানী',465,1,1,0,'2021-02-14 01:20:11','2021-02-14 01:20:11'),(4287,'Austadhar','অষ্টধার',466,1,1,0,'2021-02-14 01:20:11','2021-02-14 01:20:11'),(4288,'Bororchar','বোররচর',466,1,1,0,'2021-02-14 01:20:11','2021-02-14 01:20:11'),(4289,'Dapunia','দাপুনিয়া',466,1,1,0,'2021-02-14 01:20:11','2021-02-14 01:20:11'),(4290,'Aqua','আকুয়া',466,1,1,0,'2021-02-14 01:20:11','2021-02-14 01:20:11'),(4291,'Khagdohor','খাগডহর',466,1,1,0,'2021-02-14 01:20:11','2021-02-14 01:20:11'),(4292,'Charnilaxmia','চরনিলক্ষিয়া',466,1,1,0,'2021-02-14 01:20:11','2021-02-14 01:20:11'),(4293,'Kushtia','কুষ্টিয়া',466,1,1,0,'2021-02-14 01:20:11','2021-02-14 01:20:11'),(4294,'Paranganj','পরানগঞ্জ',466,1,1,0,'2021-02-14 01:20:11','2021-02-14 01:20:11'),(4295,'Sirta','সিরতা',466,1,1,0,'2021-02-14 01:20:11','2021-02-14 01:20:11'),(4296,'Char Ishwardia','চর ঈশ্বরদিয়া',466,1,1,0,'2021-02-14 01:20:11','2021-02-14 01:20:11'),(4297,'Ghagra','ঘাগড়া',466,1,1,0,'2021-02-14 01:20:11','2021-02-14 01:20:11'),(4298,'Vabokhali','ভাবখালী',466,1,1,0,'2021-02-14 01:20:11','2021-02-14 01:20:11'),(4299,'Boyra','বয়ড়া',466,1,1,0,'2021-02-14 01:20:11','2021-02-14 01:20:11'),(4300,'Dakshin Maijpara','দক্ষিণ মাইজপাড়া',467,1,1,0,'2021-02-14 01:20:11','2021-02-14 01:20:11'),(4301,'Gamaritola','গামারীতলা',467,1,1,0,'2021-02-14 01:20:11','2021-02-14 01:20:11'),(4302,'Dhobaura','ধোবাউড়া',467,1,1,0,'2021-02-14 01:20:11','2021-02-14 01:20:11'),(4303,'Porakandulia','পোড়াকান্দুলিয়া',467,1,1,0,'2021-02-14 01:20:11','2021-02-14 01:20:11'),(4304,'Goatala','গোয়াতলা',467,1,1,0,'2021-02-14 01:20:11','2021-02-14 01:20:11'),(4305,'Ghoshgaon','ঘোষগাঁও',467,1,1,0,'2021-02-14 01:20:11','2021-02-14 01:20:11'),(4306,'Baghber','বাঘবেড়',467,1,1,0,'2021-02-14 01:20:12','2021-02-14 01:20:12'),(4307,'Rambhadrapur','রামভদ্রপুর',468,1,1,0,'2021-02-14 01:20:12','2021-02-14 01:20:12'),(4308,'Sondhara','ছনধরা',468,1,1,0,'2021-02-14 01:20:12','2021-02-14 01:20:12'),(4309,'Vaitkandi','ভাইটকান্দি',468,1,1,0,'2021-02-14 01:20:12','2021-02-14 01:20:12'),(4310,'Singheshwar','সিংহেশ্বর',468,1,1,0,'2021-02-14 01:20:12','2021-02-14 01:20:12'),(4311,'Phulpur','ফুলপুর',468,1,1,0,'2021-02-14 01:20:12','2021-02-14 01:20:12'),(4312,'Banihala','বানিহালা',474,1,1,0,'2021-02-14 01:20:12','2021-02-14 01:20:12'),(4313,'Biska','বিস্কা',474,1,1,0,'2021-02-14 01:20:12','2021-02-14 01:20:12'),(4314,'Baola','বওলা',468,1,1,0,'2021-02-14 01:20:12','2021-02-14 01:20:12'),(4315,'Payari','পয়ারী',468,1,1,0,'2021-02-14 01:20:12','2021-02-14 01:20:12'),(4316,'Balia','বালিয়া',468,1,1,0,'2021-02-14 01:20:12','2021-02-14 01:20:12'),(4317,'Rahimganj','রহিমগঞ্জ',468,1,1,0,'2021-02-14 01:20:12','2021-02-14 01:20:12'),(4318,'Balikha','বালিখা',474,1,1,0,'2021-02-14 01:20:12','2021-02-14 01:20:12'),(4319,'Kakni','কাকনী',474,1,1,0,'2021-02-14 01:20:12','2021-02-14 01:20:12'),(4320,'Dhakua','ঢাকুয়া',474,1,1,0,'2021-02-14 01:20:12','2021-02-14 01:20:12'),(4321,'Rupasi','রূপসী',468,1,1,0,'2021-02-14 01:20:12','2021-02-14 01:20:12'),(4322,'Tarakanda','তারাকান্দা',474,1,1,0,'2021-02-14 01:20:12','2021-02-14 01:20:12'),(4323,'Galagaon','গালাগাঁও',474,1,1,0,'2021-02-14 01:20:12','2021-02-14 01:20:12'),(4324,'Kamargaon','কামারগাঁও',474,1,1,0,'2021-02-14 01:20:12','2021-02-14 01:20:12'),(4325,'Kamaria','কামারিয়া',474,1,1,0,'2021-02-14 01:20:12','2021-02-14 01:20:12'),(4326,'Rampur','রামপুর',474,1,1,0,'2021-02-14 01:20:12','2021-02-14 01:20:12'),(4327,'Bhubankura','ভূবনকুড়া',469,1,1,0,'2021-02-14 01:20:12','2021-02-14 01:20:12'),(4328,'Jugli','জুগলী',469,1,1,0,'2021-02-14 01:20:12','2021-02-14 01:20:12'),(4329,'Kaichapur','কৈচাপুর',469,1,1,0,'2021-02-14 01:20:12','2021-02-14 01:20:12'),(4330,'Haluaghat','হালুয়াঘাট',469,1,1,0,'2021-02-14 01:20:12','2021-02-14 01:20:12'),(4331,'Gazirbhita','গাজিরভিটা',469,1,1,0,'2021-02-14 01:20:13','2021-02-14 01:20:13'),(4332,'Bildora','বিলডোরা',469,1,1,0,'2021-02-14 01:20:13','2021-02-14 01:20:13'),(4333,'Sakuai','শাকুয়াই',469,1,1,0,'2021-02-14 01:20:13','2021-02-14 01:20:13'),(4334,'Narail','নড়াইল',469,1,1,0,'2021-02-14 01:20:13','2021-02-14 01:20:13'),(4335,'Dhara','ধারা',469,1,1,0,'2021-02-14 01:20:13','2021-02-14 01:20:13'),(4336,'Dhurail','ধুরাইল',469,1,1,0,'2021-02-14 01:20:13','2021-02-14 01:20:13'),(4337,'Amtoil','আমতৈল',469,1,1,0,'2021-02-14 01:20:13','2021-02-14 01:20:13'),(4338,'Swadeshi','স্বদেশী',469,1,1,0,'2021-02-14 01:20:13','2021-02-14 01:20:13'),(4339,'Sahanati','সহনাটি',470,1,1,0,'2021-02-14 01:20:13','2021-02-14 01:20:13'),(4340,'Achintapur','অচিন্তপুর',470,1,1,0,'2021-02-14 01:20:13','2021-02-14 01:20:13'),(4341,'Mailakanda','মইলাকান্দা',470,1,1,0,'2021-02-14 01:20:13','2021-02-14 01:20:13'),(4342,'Bokainagar','বোকাইনগর',470,1,1,0,'2021-02-14 01:20:13','2021-02-14 01:20:13'),(4343,'Gouripur','গৌরীপুর',470,1,1,0,'2021-02-14 01:20:13','2021-02-14 01:20:13'),(4344,'Maoha','মাওহা',470,1,1,0,'2021-02-14 01:20:13','2021-02-14 01:20:13'),(4345,'Ramgopalpur','রামগোপালপুর',470,1,1,0,'2021-02-14 01:20:13','2021-02-14 01:20:13'),(4346,'Douhakhola','ডৌহাখলা',470,1,1,0,'2021-02-14 01:20:13','2021-02-14 01:20:13'),(4347,'Bhangnamari','ভাংনামারী',470,1,1,0,'2021-02-14 01:20:13','2021-02-14 01:20:13'),(4348,'Sidhla','সিধলা',470,1,1,0,'2021-02-14 01:20:13','2021-02-14 01:20:13'),(4349,'Rasulpur','রসুলপুর',471,1,1,0,'2021-02-14 01:20:13','2021-02-14 01:20:13'),(4350,'Barobaria','বারবারিয়া',471,1,1,0,'2021-02-14 01:20:13','2021-02-14 01:20:13'),(4351,'Charalgi','চরআলগী',471,1,1,0,'2021-02-14 01:20:13','2021-02-14 01:20:13'),(4352,'Saltia','সালটিয়া',471,1,1,0,'2021-02-14 01:20:13','2021-02-14 01:20:13'),(4353,'Raona','রাওনা',471,1,1,0,'2021-02-14 01:20:13','2021-02-14 01:20:13'),(4354,'Longair','লংগাইর',471,1,1,0,'2021-02-14 01:20:13','2021-02-14 01:20:13'),(4355,'Paithol','পাইথল',471,1,1,0,'2021-02-14 01:20:14','2021-02-14 01:20:14'),(4356,'Gafargaon','গফরগাঁও',471,1,1,0,'2021-02-14 01:20:14','2021-02-14 01:20:14'),(4357,'Josora','যশরা',471,1,1,0,'2021-02-14 01:20:14','2021-02-14 01:20:14'),(4358,'Moshakhali','মশাখালী',471,1,1,0,'2021-02-14 01:20:14','2021-02-14 01:20:14'),(4359,'Panchbagh','পাঁচবাগ',471,1,1,0,'2021-02-14 01:20:14','2021-02-14 01:20:14'),(4360,'Usthi','উস্থি',471,1,1,0,'2021-02-14 01:20:14','2021-02-14 01:20:14'),(4361,'Dotterbazar','দত্তেরবাজার',471,1,1,0,'2021-02-14 01:20:14','2021-02-14 01:20:14'),(4362,'Niguari','নিগুয়ারী',471,1,1,0,'2021-02-14 01:20:14','2021-02-14 01:20:14'),(4363,'Tangabo','টাংগাব',471,1,1,0,'2021-02-14 01:20:14','2021-02-14 01:20:14'),(4364,'Iswarganj','ঈশ্বরগঞ্জ',472,1,1,0,'2021-02-14 01:20:14','2021-02-14 01:20:14'),(4365,'Sarisha','সরিষা',472,1,1,0,'2021-02-14 01:20:14','2021-02-14 01:20:14'),(4366,'Sohagi','সোহাগী',472,1,1,0,'2021-02-14 01:20:14','2021-02-14 01:20:14'),(4367,'Atharabari','আঠারবাড়ী',472,1,1,0,'2021-02-14 01:20:14','2021-02-14 01:20:14'),(4368,'Rajibpur','রাজিবপুর',472,1,1,0,'2021-02-14 01:20:14','2021-02-14 01:20:14'),(4369,'Maijbagh','মাইজবাগ',472,1,1,0,'2021-02-14 01:20:14','2021-02-14 01:20:14'),(4370,'Magtula','মগটুলা',472,1,1,0,'2021-02-14 01:20:14','2021-02-14 01:20:14'),(4371,'Jatia','জাটিয়া',472,1,1,0,'2021-02-14 01:20:14','2021-02-14 01:20:14'),(4372,'Uchakhila','উচাখিলা',472,1,1,0,'2021-02-14 01:20:14','2021-02-14 01:20:14'),(4373,'Tarundia','তারুন্দিয়া',472,1,1,0,'2021-02-14 01:20:14','2021-02-14 01:20:14'),(4374,'Barahit','বড়হিত',472,1,1,0,'2021-02-14 01:20:14','2021-02-14 01:20:14'),(4375,'Batagoir','বেতাগৈর',473,1,1,0,'2021-02-14 01:20:14','2021-02-14 01:20:14'),(4376,'Nandail','নান্দাইল',473,1,1,0,'2021-02-14 01:20:14','2021-02-14 01:20:14'),(4377,'Chandipasha','চন্ডীপাশা',473,1,1,0,'2021-02-14 01:20:14','2021-02-14 01:20:14'),(4378,'Gangail','গাংগাইল',473,1,1,0,'2021-02-14 01:20:15','2021-02-14 01:20:15'),(4379,'Rajgati','রাজগাতী',473,1,1,0,'2021-02-14 01:20:15','2021-02-14 01:20:15'),(4380,'Muajjempur','মোয়াজ্জেমপুর',473,1,1,0,'2021-02-14 01:20:15','2021-02-14 01:20:15'),(4381,'Sherpur','শেরপুর',473,1,1,0,'2021-02-14 01:20:15','2021-02-14 01:20:15'),(4382,'Singroil','সিংরইল',473,1,1,0,'2021-02-14 01:20:15','2021-02-14 01:20:15'),(4383,'Achargaon','আচারগাঁও',473,1,1,0,'2021-02-14 01:20:15','2021-02-14 01:20:15'),(4384,'Mushulli','মুশুল্লী',473,1,1,0,'2021-02-14 01:20:15','2021-02-14 01:20:15'),(4385,'Kharua','খারুয়া',473,1,1,0,'2021-02-14 01:20:15','2021-02-14 01:20:15'),(4386,'Jahangirpur','জাহাঙ্গীরপুর',473,1,1,0,'2021-02-14 01:20:15','2021-02-14 01:20:15'),(4387,'Kendua','কেন্দুয়া',475,1,1,0,'2021-02-14 01:20:15','2021-02-14 01:20:15'),(4388,'Sharifpur','শরিফপুর',475,1,1,0,'2021-02-14 01:20:15','2021-02-14 01:20:15'),(4389,'Laxirchar','লক্ষীরচর',475,1,1,0,'2021-02-14 01:20:15','2021-02-14 01:20:15'),(4390,'Tolshirchar','তুলশীরচর',475,1,1,0,'2021-02-14 01:20:15','2021-02-14 01:20:15'),(4391,'Itail','ইটাইল',475,1,1,0,'2021-02-14 01:20:15','2021-02-14 01:20:15'),(4392,'Narundi','নরুন্দী',475,1,1,0,'2021-02-14 01:20:15','2021-02-14 01:20:15'),(4393,'Ghorada','ঘোড়াধাপ',475,1,1,0,'2021-02-14 01:20:15','2021-02-14 01:20:15'),(4394,'Bashchara','বাশঁচড়া',475,1,1,0,'2021-02-14 01:20:15','2021-02-14 01:20:15'),(4395,'Ranagacha','রানাগাছা',475,1,1,0,'2021-02-14 01:20:15','2021-02-14 01:20:15'),(4396,'Sheepur','শ্রীপুর',475,1,1,0,'2021-02-14 01:20:15','2021-02-14 01:20:15'),(4397,'Shahbajpur','শাহবাজপুর',475,1,1,0,'2021-02-14 01:20:15','2021-02-14 01:20:15'),(4398,'Titpalla','তিতপল্লা',475,1,1,0,'2021-02-14 01:20:15','2021-02-14 01:20:15'),(4399,'Mesta','মেষ্টা',475,1,1,0,'2021-02-14 01:20:15','2021-02-14 01:20:15'),(4400,'Digpait','দিগপাইত',475,1,1,0,'2021-02-14 01:20:15','2021-02-14 01:20:15'),(4401,'Rashidpur','রশিদপুর',475,1,1,0,'2021-02-14 01:20:15','2021-02-14 01:20:15'),(4402,'Durmot','দুরমুট',476,1,1,0,'2021-02-14 01:20:15','2021-02-14 01:20:15'),(4403,'Kulia','কুলিয়া',476,1,1,0,'2021-02-14 01:20:15','2021-02-14 01:20:15'),(4404,'Mahmudpur','মাহমুদপুর',476,1,1,0,'2021-02-14 01:20:16','2021-02-14 01:20:16'),(4405,'Nangla','নাংলা',476,1,1,0,'2021-02-14 01:20:16','2021-02-14 01:20:16'),(4406,'Nayanagar','নয়ানগর',476,1,1,0,'2021-02-14 01:20:16','2021-02-14 01:20:16'),(4407,'Adra','আদ্রা',476,1,1,0,'2021-02-14 01:20:16','2021-02-14 01:20:16'),(4408,'Charbani Pakuria','চরবানী পাকুরিয়া',476,1,1,0,'2021-02-14 01:20:16','2021-02-14 01:20:16'),(4409,'Fulkucha','ফুলকোচা',476,1,1,0,'2021-02-14 01:20:16','2021-02-14 01:20:16'),(4410,'Ghuserpara','ঘোষেরপাড়া',476,1,1,0,'2021-02-14 01:20:16','2021-02-14 01:20:16'),(4411,'Jhaugara','ঝাউগড়া',476,1,1,0,'2021-02-14 01:20:16','2021-02-14 01:20:16'),(4412,'Shuampur','শ্যামপুর',476,1,1,0,'2021-02-14 01:20:16','2021-02-14 01:20:16'),(4413,'Kulkandi','কুলকান্দি',477,1,1,0,'2021-02-14 01:20:16','2021-02-14 01:20:16'),(4414,'Belghacha','বেলগাছা',477,1,1,0,'2021-02-14 01:20:16','2021-02-14 01:20:16'),(4415,'Chinaduli','চিনাডুলী',477,1,1,0,'2021-02-14 01:20:16','2021-02-14 01:20:16'),(4416,'Shapdari','সাপধরী',477,1,1,0,'2021-02-14 01:20:16','2021-02-14 01:20:16'),(4417,'Noarpara','নোয়ারপাড়া',477,1,1,0,'2021-02-14 01:20:16','2021-02-14 01:20:16'),(4418,'Islampur','ইসলামপুর',477,1,1,0,'2021-02-14 01:20:16','2021-02-14 01:20:16'),(4419,'Partharshi','পাথশী',477,1,1,0,'2021-02-14 01:20:16','2021-02-14 01:20:16'),(4420,'Palabandha','পলবান্ধা',477,1,1,0,'2021-02-14 01:20:16','2021-02-14 01:20:16'),(4421,'Gualerchar','গোয়ালেরচর',477,1,1,0,'2021-02-14 01:20:16','2021-02-14 01:20:16'),(4422,'Gaibandha','গাইবান্ধা',477,1,1,0,'2021-02-14 01:20:16','2021-02-14 01:20:16'),(4423,'Charputimari','চরপুটিমারী',477,1,1,0,'2021-02-14 01:20:16','2021-02-14 01:20:16'),(4424,'Chargualini','চরগোয়ালীনি',477,1,1,0,'2021-02-14 01:20:16','2021-02-14 01:20:16'),(4425,'Dungdhara','ডাংধরা',478,1,1,0,'2021-02-14 01:20:16','2021-02-14 01:20:16'),(4426,'Char Amkhawa','চর আমখাওয়া',478,1,1,0,'2021-02-14 01:20:16','2021-02-14 01:20:16'),(4427,'Parram Rampur','পাররাম রামপুর',478,1,1,0,'2021-02-14 01:20:16','2021-02-14 01:20:16'),(4428,'Hatibanga','হাতীভাঙ্গা',478,1,1,0,'2021-02-14 01:20:16','2021-02-14 01:20:16'),(4429,'Bahadurabad','বাহাদুরাবাদ',478,1,1,0,'2021-02-14 01:20:16','2021-02-14 01:20:16'),(4430,'Chikajani','চিকাজানী',478,1,1,0,'2021-02-14 01:20:17','2021-02-14 01:20:17'),(4431,'Chukaibari','চুকাইবাড়ী',478,1,1,0,'2021-02-14 01:20:17','2021-02-14 01:20:17'),(4432,'Dewangonj','দেওয়ানগঞ্জ',478,1,1,0,'2021-02-14 01:20:17','2021-02-14 01:20:17'),(4433,'Satpoa','সাতপোয়া',479,1,1,0,'2021-02-14 01:20:17','2021-02-14 01:20:17'),(4434,'Pogaldigha','পোগলদিঘা',479,1,1,0,'2021-02-14 01:20:17','2021-02-14 01:20:17'),(4435,'Doail','ডোয়াইল',479,1,1,0,'2021-02-14 01:20:17','2021-02-14 01:20:17'),(4436,'Aona','আওনা',479,1,1,0,'2021-02-14 01:20:17','2021-02-14 01:20:17'),(4437,'Pingna','পিংনা',479,1,1,0,'2021-02-14 01:20:17','2021-02-14 01:20:17'),(4438,'Bhatara','ভাটারা',479,1,1,0,'2021-02-14 01:20:17','2021-02-14 01:20:17'),(4439,'Kamrabad','কামরাবাদ',479,1,1,0,'2021-02-14 01:20:17','2021-02-14 01:20:17'),(4440,'Mahadan','মহাদান',479,1,1,0,'2021-02-14 01:20:17','2021-02-14 01:20:17'),(4441,'Char Pakerdah','চর পাকেরদহ',480,1,1,0,'2021-02-14 01:20:17','2021-02-14 01:20:17'),(4442,'Karaichara','কড়ইচড়া',480,1,1,0,'2021-02-14 01:20:17','2021-02-14 01:20:17'),(4443,'Gunaritala','গুনারীতলা',480,1,1,0,'2021-02-14 01:20:17','2021-02-14 01:20:17'),(4444,'Balijuri','বালিজুড়ী',480,1,1,0,'2021-02-14 01:20:17','2021-02-14 01:20:17'),(4445,'Jorekhali','জোড়খালী',480,1,1,0,'2021-02-14 01:20:17','2021-02-14 01:20:17'),(4446,'Adarvita','আদারভিটা',480,1,1,0,'2021-02-14 01:20:17','2021-02-14 01:20:17'),(4447,'Sidhuli','সিধুলী',480,1,1,0,'2021-02-14 01:20:17','2021-02-14 01:20:17'),(4448,'Danua','ধানুয়া',481,1,1,0,'2021-02-14 01:20:17','2021-02-14 01:20:17'),(4449,'Bagarchar','বগারচর',481,1,1,0,'2021-02-14 01:20:17','2021-02-14 01:20:17'),(4450,'Battajore','বাট্রাজোড়',481,1,1,0,'2021-02-14 01:20:17','2021-02-14 01:20:17'),(4451,'Shadurpara','সাধুরপাড়া',481,1,1,0,'2021-02-14 01:20:17','2021-02-14 01:20:17'),(4452,'Bakshigonj','বকসীগঞ্জ',481,1,1,0,'2021-02-14 01:20:17','2021-02-14 01:20:17'),(4453,'Nilakhia','নিলক্ষিয়া',481,1,1,0,'2021-02-14 01:20:17','2021-02-14 01:20:17'),(4454,'Merurchar','মেরুরচর',481,1,1,0,'2021-02-14 01:20:17','2021-02-14 01:20:17'),(4455,'Asma','আসমা',482,1,1,0,'2021-02-14 01:20:17','2021-02-14 01:20:17'),(4456,'Chhiram','চিরাম',482,1,1,0,'2021-02-14 01:20:17','2021-02-14 01:20:17'),(4457,'Baushi','বাউশী',482,1,1,0,'2021-02-14 01:20:17','2021-02-14 01:20:17'),(4458,'Barhatta','বারহাট্টা',482,1,1,0,'2021-02-14 01:20:17','2021-02-14 01:20:17'),(4459,'Raypur','রায়পুর',482,1,1,0,'2021-02-14 01:20:18','2021-02-14 01:20:18'),(4460,'Sahata','সাহতা',482,1,1,0,'2021-02-14 01:20:18','2021-02-14 01:20:18'),(4461,'Singdha','সিংধা',482,1,1,0,'2021-02-14 01:20:18','2021-02-14 01:20:18'),(4462,'Durgapur','দূর্গাপুর',483,1,1,0,'2021-02-14 01:20:18','2021-02-14 01:20:18'),(4463,'Kakoirgora','কাকৈরগড়া',483,1,1,0,'2021-02-14 01:20:18','2021-02-14 01:20:18'),(4464,'Kullagora','কুল্লাগড়া',483,1,1,0,'2021-02-14 01:20:18','2021-02-14 01:20:18'),(4465,'Chandigarh','চণ্ডিগড়',483,1,1,0,'2021-02-14 01:20:18','2021-02-14 01:20:18'),(4466,'Birisiri','বিরিশিরি',483,1,1,0,'2021-02-14 01:20:18','2021-02-14 01:20:18'),(4467,'Bakaljora','বাকলজোড়া',483,1,1,0,'2021-02-14 01:20:18','2021-02-14 01:20:18'),(4468,'Gawkandia','গাঁওকান্দিয়া',483,1,1,0,'2021-02-14 01:20:18','2021-02-14 01:20:18'),(4469,'Asujia','আশুজিয়া',484,1,1,0,'2021-02-14 01:20:18','2021-02-14 01:20:18'),(4470,'Dalpa','দলপা',484,1,1,0,'2021-02-14 01:20:18','2021-02-14 01:20:18'),(4471,'Goraduba','গড়াডোবা',484,1,1,0,'2021-02-14 01:20:18','2021-02-14 01:20:18'),(4472,'Gonda','গণ্ডা',484,1,1,0,'2021-02-14 01:20:18','2021-02-14 01:20:18'),(4473,'Sandikona','সান্দিকোনা',484,1,1,0,'2021-02-14 01:20:18','2021-02-14 01:20:18'),(4474,'Maska','মাসকা',484,1,1,0,'2021-02-14 01:20:18','2021-02-14 01:20:18'),(4475,'Bolaishimul','বলাইশিমুল',484,1,1,0,'2021-02-14 01:20:18','2021-02-14 01:20:18'),(4476,'Noapara','নওপাড়া',484,1,1,0,'2021-02-14 01:20:18','2021-02-14 01:20:18'),(4477,'Kandiura','কান্দিউড়া',484,1,1,0,'2021-02-14 01:20:18','2021-02-14 01:20:18'),(4478,'Chirang','চিরাং',484,1,1,0,'2021-02-14 01:20:18','2021-02-14 01:20:18'),(4479,'Roailbari Amtala','রোয়াইলবাড়ী আমতলা',484,1,1,0,'2021-02-14 01:20:18','2021-02-14 01:20:18'),(4480,'Paikura','পাইকুড়া',484,1,1,0,'2021-02-14 01:20:18','2021-02-14 01:20:18'),(4481,'Muzafarpur','মোজাফরপুর',484,1,1,0,'2021-02-14 01:20:18','2021-02-14 01:20:18'),(4482,'Shormushia','স্বরমুশিয়া',485,1,1,0,'2021-02-14 01:20:18','2021-02-14 01:20:18'),(4483,'Shunoi','শুনই',485,1,1,0,'2021-02-14 01:20:18','2021-02-14 01:20:18'),(4484,'Lunesshor','লুনেশ্বর',485,1,1,0,'2021-02-14 01:20:18','2021-02-14 01:20:18'),(4485,'Baniyajan','বানিয়াজান',485,1,1,0,'2021-02-14 01:20:18','2021-02-14 01:20:18'),(4486,'Teligati','তেলিগাতী',485,1,1,0,'2021-02-14 01:20:18','2021-02-14 01:20:18'),(4487,'Duoj','দুওজ',485,1,1,0,'2021-02-14 01:20:19','2021-02-14 01:20:19'),(4488,'Sukhari','সুখারী',485,1,1,0,'2021-02-14 01:20:19','2021-02-14 01:20:19'),(4489,'Fathepur','ফতেপুর',486,1,1,0,'2021-02-14 01:20:19','2021-02-14 01:20:19'),(4490,'Nayekpur','নায়েকপুর',486,1,1,0,'2021-02-14 01:20:19','2021-02-14 01:20:19'),(4491,'Teosree','তিয়শ্রী',486,1,1,0,'2021-02-14 01:20:19','2021-02-14 01:20:19'),(4492,'Magan','মাঘান',486,1,1,0,'2021-02-14 01:20:19','2021-02-14 01:20:19'),(4493,'Gobindasree','গেবিন্দশ্রী',486,1,1,0,'2021-02-14 01:20:19','2021-02-14 01:20:19'),(4494,'Madan','মদন',486,1,1,0,'2021-02-14 01:20:19','2021-02-14 01:20:19'),(4495,'Chandgaw','চানগাঁও',486,1,1,0,'2021-02-14 01:20:19','2021-02-14 01:20:19'),(4496,'Kytail','কাইটাল',486,1,1,0,'2021-02-14 01:20:19','2021-02-14 01:20:19'),(4497,'Krishnapur','কৃষ্ণপুর',487,1,1,0,'2021-02-14 01:20:19','2021-02-14 01:20:19'),(4498,'Nogor','নগর',487,1,1,0,'2021-02-14 01:20:19','2021-02-14 01:20:19'),(4499,'Chakua','চাকুয়া',487,1,1,0,'2021-02-14 01:20:19','2021-02-14 01:20:19'),(4500,'Khaliajuri','খালিয়াজুরী',487,1,1,0,'2021-02-14 01:20:19','2021-02-14 01:20:19'),(4501,'Mendipur','মেন্দিপুর',487,1,1,0,'2021-02-14 01:20:19','2021-02-14 01:20:19'),(4502,'Gazipur','গাজীপুর',487,1,1,0,'2021-02-14 01:20:19','2021-02-14 01:20:19'),(4503,'Koilati','কৈলাটী',488,1,1,0,'2021-02-14 01:20:19','2021-02-14 01:20:19'),(4504,'Najirpur','নাজিরপুর',488,1,1,0,'2021-02-14 01:20:19','2021-02-14 01:20:19'),(4505,'Pogla','পোগলা',488,1,1,0,'2021-02-14 01:20:19','2021-02-14 01:20:19'),(4506,'Kolmakanda','কলমাকান্দা',488,1,1,0,'2021-02-14 01:20:19','2021-02-14 01:20:19'),(4507,'Rongchati','রংছাতি',488,1,1,0,'2021-02-14 01:20:19','2021-02-14 01:20:19'),(4508,'Lengura','লেংগুরা',488,1,1,0,'2021-02-14 01:20:19','2021-02-14 01:20:19'),(4509,'Borokhapon','বড়খাপন',488,1,1,0,'2021-02-14 01:20:19','2021-02-14 01:20:19'),(4510,'Kharnoi','খারনৈ',488,1,1,0,'2021-02-14 01:20:19','2021-02-14 01:20:19'),(4511,'Borokashia Birampur','বড়কাশিয়া বিরামপুর',489,1,1,0,'2021-02-14 01:20:20','2021-02-14 01:20:20'),(4512,'Borotoli Banihari','বড়তলী বানিহারী',489,1,1,0,'2021-02-14 01:20:20','2021-02-14 01:20:20'),(4513,'Tetulia','তেতুলিয়া',489,1,1,0,'2021-02-14 01:20:20','2021-02-14 01:20:20'),(4514,'Maghan Siadar','মাঘান সিয়াদার',489,1,1,0,'2021-02-14 01:20:20','2021-02-14 01:20:20'),(4515,'Somaj Sohildeo','সমাজ সহিলদেও',489,1,1,0,'2021-02-14 01:20:20','2021-02-14 01:20:20'),(4516,'Suair','সুয়াইর',489,1,1,0,'2021-02-14 01:20:20','2021-02-14 01:20:20'),(4517,'Gaglajur','গাগলাজুর',489,1,1,0,'2021-02-14 01:20:20','2021-02-14 01:20:20'),(4518,'Khalishaur','খলিশাউড়',490,1,1,0,'2021-02-14 01:20:20','2021-02-14 01:20:20'),(4519,'Ghagra','ঘাগড়া',490,1,1,0,'2021-02-14 01:20:20','2021-02-14 01:20:20'),(4520,'Jaria','জারিয়া',490,1,1,0,'2021-02-14 01:20:20','2021-02-14 01:20:20'),(4521,'Narandia','নারান্দিয়া',490,1,1,0,'2021-02-14 01:20:20','2021-02-14 01:20:20'),(4522,'Bishkakuni','বিশকাকুনী',490,1,1,0,'2021-02-14 01:20:20','2021-02-14 01:20:20'),(4523,'Bairaty','বৈরাটী',490,1,1,0,'2021-02-14 01:20:20','2021-02-14 01:20:20'),(4524,'Hogla','হোগলা',490,1,1,0,'2021-02-14 01:20:20','2021-02-14 01:20:20'),(4525,'Gohalakanda','গোহালাকান্দা',490,1,1,0,'2021-02-14 01:20:20','2021-02-14 01:20:20'),(4526,'Dhalamulgaon','ধলামুলগাঁও',490,1,1,0,'2021-02-14 01:20:20','2021-02-14 01:20:20'),(4527,'Agia','আগিয়া',490,1,1,0,'2021-02-14 01:20:20','2021-02-14 01:20:20'),(4528,'Purbadhala','পূর্বধলা',490,1,1,0,'2021-02-14 01:20:20','2021-02-14 01:20:20'),(4529,'Chollisha','চল্লিশা',491,1,1,0,'2021-02-14 01:20:20','2021-02-14 01:20:20'),(4530,'Kailati','কাইলাটি',491,1,1,0,'2021-02-14 01:20:20','2021-02-14 01:20:20'),(4531,'Dokkhin Bishiura','দক্ষিণ বিশিউড়া',491,1,1,0,'2021-02-14 01:20:21','2021-02-14 01:20:21'),(4532,'Modonpur','মদনপুর',491,1,1,0,'2021-02-14 01:20:21','2021-02-14 01:20:21'),(4533,'Amtola','আমতলা',491,1,1,0,'2021-02-14 01:20:21','2021-02-14 01:20:21'),(4534,'Lokkhiganj','লক্ষীগঞ্জ',491,1,1,0,'2021-02-14 01:20:21','2021-02-14 01:20:21'),(4535,'Singher Bangla','সিংহের বাংলা',491,1,1,0,'2021-02-14 01:20:21','2021-02-14 01:20:21'),(4536,'Thakurakona','ঠাকুরাকোণা',491,1,1,0,'2021-02-14 01:20:21','2021-02-14 01:20:21'),(4537,'Mougati','মৌগাতি',491,1,1,0,'2021-02-14 01:20:21','2021-02-14 01:20:21'),(4538,'Rouha','রৌহা',491,1,1,0,'2021-02-14 01:20:21','2021-02-14 01:20:21'),(4539,'Medni','মেদনী',491,1,1,0,'2021-02-14 01:20:21','2021-02-14 01:20:21'),(4540,'Kaliara Babragati','কালিয়ারা গাবরাগাতি',491,1,1,0,'2021-02-14 01:20:21','2021-02-14 01:20:21'),(4541,'QA Test Union','QA Test Union Bn',492,1,1,0,'2021-03-01 23:05:28','2021-03-01 23:05:28');
/*!40000 ALTER TABLE `master_unions` ENABLE KEYS */;
UNLOCK TABLES;

--
-- Table structure for table `master_upazillas`
--

DROP TABLE IF EXISTS `master_upazillas`;
/*!40101 SET @saved_cs_client     = @@character_set_client */;
/*!40101 SET character_set_client = utf8 */;
CREATE TABLE `master_upazillas` (
  `id` bigint(20) unsigned NOT NULL AUTO_INCREMENT,
  `upazilla_name` varchar(100) COLLATE utf8_unicode_ci NOT NULL,
  `upazilla_name_bn` varchar(100) COLLATE utf8_unicode_ci DEFAULT NULL,
  `district_id` bigint(20) unsigned NOT NULL,
  `created_by` bigint(20) unsigned DEFAULT NULL,
  `updated_by` bigint(20) unsigned DEFAULT NULL,
  `status` int(11) NOT NULL DEFAULT '0' COMMENT '0=active, 1=inactive',
  `created_at` timestamp NULL DEFAULT NULL,
  `updated_at` timestamp NULL DEFAULT NULL,
  PRIMARY KEY (`id`),
  KEY `master_upazillas_district_id_foreign` (`district_id`),
  CONSTRAINT `master_upazillas_district_id_foreign` FOREIGN KEY (`district_id`) REFERENCES `master_districts` (`id`)
) ENGINE=InnoDB AUTO_INCREMENT=493 DEFAULT CHARSET=utf8 COLLATE=utf8_unicode_ci;
/*!40101 SET character_set_client = @saved_cs_client */;

--
-- Dumping data for table `master_upazillas`
--

LOCK TABLES `master_upazillas` WRITE;
/*!40000 ALTER TABLE `master_upazillas` DISABLE KEYS */;
INSERT INTO `master_upazillas` VALUES (1,'Debidwar','দেবিদ্বার',1,1,1,0,'2021-02-14 01:16:29','2021-02-14 01:16:29'),(2,'Barura','বরুড়া',1,1,1,0,'2021-02-14 01:16:29','2021-02-14 01:16:29'),(3,'Brahmanpara','ব্রাহ্মণপাড়া',1,1,1,0,'2021-02-14 01:16:29','2021-02-14 01:16:29'),(4,'Chandina','চান্দিনা',1,1,1,0,'2021-02-14 01:16:29','2021-02-14 01:16:29'),(5,'Chauddagram','চৌদ্দগ্রাম',1,1,1,0,'2021-02-14 01:16:29','2021-02-14 01:16:29'),(6,'Daudkandi','দাউদকান্দি',1,1,1,0,'2021-02-14 01:16:29','2021-02-14 01:16:29'),(7,'Homna','হোমনা',1,1,1,0,'2021-02-14 01:16:29','2021-02-14 01:16:29'),(8,'Laksam','লাকসাম',1,1,1,0,'2021-02-14 01:16:29','2021-02-14 01:16:29'),(9,'Muradnagar','মুরাদনগর',1,1,1,0,'2021-02-14 01:16:29','2021-02-14 01:16:29'),(10,'Nangalkot','নাঙ্গলকোট',1,1,1,0,'2021-02-14 01:16:29','2021-02-14 01:16:29'),(11,'Comilla Sadar','কুমিল্লা সদর',1,1,1,0,'2021-02-14 01:16:29','2021-02-14 01:16:29'),(12,'Meghna','মেঘনা',1,1,1,0,'2021-02-14 01:16:29','2021-02-14 01:16:29'),(13,'Monohargonj','মনোহরগঞ্জ',1,1,1,0,'2021-02-14 01:16:29','2021-02-14 01:16:29'),(14,'Sadarsouth','সদর দক্ষিণ',1,1,1,0,'2021-02-14 01:16:29','2021-02-14 01:16:29'),(15,'Titas','তিতাস',1,1,1,0,'2021-02-14 01:16:29','2021-02-14 01:16:29'),(16,'Burichang','বুড়িচং',1,1,1,0,'2021-02-14 01:16:30','2021-02-14 01:16:30'),(17,'Lalmai','লালমাই',1,1,1,0,'2021-02-14 01:16:30','2021-02-14 01:16:30'),(18,'Chhagalnaiya','ছাগলনাইয়া',2,1,1,0,'2021-02-14 01:16:30','2021-02-14 01:16:30'),(19,'Feni Sadar','ফেনী সদর',2,1,1,0,'2021-02-14 01:16:30','2021-02-14 01:16:30'),(20,'Sonagazi','সোনাগাজী',2,1,1,0,'2021-02-14 01:16:30','2021-02-14 01:16:30'),(21,'Fulgazi','ফুলগাজী',2,1,1,0,'2021-02-14 01:16:30','2021-02-14 01:16:30'),(22,'Parshuram','পরশুরাম',2,1,1,0,'2021-02-14 01:16:30','2021-02-14 01:16:30'),(23,'Daganbhuiyan','দাগনভূঞা',2,1,1,0,'2021-02-14 01:16:30','2021-02-14 01:16:30'),(24,'Brahmanbaria Sadar','ব্রাহ্মণবাড়িয়া সদর',3,1,1,0,'2021-02-14 01:16:30','2021-02-14 01:16:30'),(25,'Kasba','কসবা',3,1,1,0,'2021-02-14 01:16:30','2021-02-14 01:16:30'),(26,'Nasirnagar','নাসিরনগর',3,1,1,0,'2021-02-14 01:16:30','2021-02-14 01:16:30'),(27,'Sarail','সরাইল',3,1,1,0,'2021-02-14 01:16:30','2021-02-14 01:16:30'),(28,'Ashuganj','আশুগঞ্জ',3,1,1,0,'2021-02-14 01:16:30','2021-02-14 01:16:30'),(29,'Akhaura','আখাউড়া',3,1,1,0,'2021-02-14 01:16:30','2021-02-14 01:16:30'),(30,'Nabinagar','নবীনগর',3,1,1,0,'2021-02-14 01:16:30','2021-02-14 01:16:30'),(31,'Bancharampur','বাঞ্ছারামপুর',3,1,1,0,'2021-02-14 01:16:30','2021-02-14 01:16:30'),(32,'Bijoynagar','বিজয়নগর',3,1,1,0,'2021-02-14 01:16:30','2021-02-14 01:16:30'),(33,'Rangamati Sadar','রাঙ্গামাটি সদর',4,1,1,0,'2021-02-14 01:16:30','2021-02-14 01:16:30'),(34,'Kaptai','কাপ্তাই',4,1,1,0,'2021-02-14 01:16:30','2021-02-14 01:16:30'),(35,'Kawkhali','কাউখালী',4,1,1,0,'2021-02-14 01:16:30','2021-02-14 01:16:30'),(36,'Baghaichari','বাঘাইছড়ি',4,1,1,0,'2021-02-14 01:16:30','2021-02-14 01:16:30'),(37,'Barkal','বরকল',4,1,1,0,'2021-02-14 01:16:30','2021-02-14 01:16:30'),(38,'Langadu','লংগদু',4,1,1,0,'2021-02-14 01:16:30','2021-02-14 01:16:30'),(39,'Rajasthali','রাজস্থলী',4,1,1,0,'2021-02-14 01:16:31','2021-02-14 01:16:31'),(40,'Belaichari','বিলাইছড়ি',4,1,1,0,'2021-02-14 01:16:31','2021-02-14 01:16:31'),(41,'Juraichari','জুরাছড়ি',4,1,1,0,'2021-02-14 01:16:31','2021-02-14 01:16:31'),(42,'Naniarchar','নানিয়ারচর',4,1,1,0,'2021-02-14 01:16:31','2021-02-14 01:16:31'),(43,'Noakhali Sadar','নোয়াখালী সদর',5,1,1,0,'2021-02-14 01:16:31','2021-02-14 01:16:31'),(44,'Companiganj','কোম্পানীগঞ্জ',5,1,1,0,'2021-02-14 01:16:31','2021-02-14 01:16:31'),(45,'Begumganj','বেগমগঞ্জ',5,1,1,0,'2021-02-14 01:16:31','2021-02-14 01:16:31'),(46,'Hatia','হাতিয়া',5,1,1,0,'2021-02-14 01:16:31','2021-02-14 01:16:31'),(47,'Subarnachar','সুবর্ণচর',5,1,1,0,'2021-02-14 01:16:31','2021-02-14 01:16:31'),(48,'Kabirhat','কবিরহাট',5,1,1,0,'2021-02-14 01:16:31','2021-02-14 01:16:31'),(49,'Senbug','সেনবাগ',5,1,1,0,'2021-02-14 01:16:31','2021-02-14 01:16:31'),(50,'Chatkhil','চাটখিল',5,1,1,0,'2021-02-14 01:16:31','2021-02-14 01:16:31'),(51,'Sonaimori','সোনাইমুড়ী',5,1,1,0,'2021-02-14 01:16:31','2021-02-14 01:16:31'),(52,'Haimchar','হাইমচর',6,1,1,0,'2021-02-14 01:16:31','2021-02-14 01:16:31'),(53,'Kachua','কচুয়া',6,1,1,0,'2021-02-14 01:16:31','2021-02-14 01:16:31'),(54,'Shahrasti','শাহরাস্তি	',6,1,1,0,'2021-02-14 01:16:31','2021-02-14 01:16:31'),(55,'Chandpur Sadar','চাঁদপুর সদর',6,1,1,0,'2021-02-14 01:16:31','2021-02-14 01:16:31'),(56,'Matlab South','মতলব দক্ষিণ',6,1,1,0,'2021-02-14 01:16:31','2021-02-14 01:16:31'),(57,'Hajiganj','হাজীগঞ্জ',6,1,1,0,'2021-02-14 01:16:31','2021-02-14 01:16:31'),(58,'Matlab North','মতলব উত্তর',6,1,1,0,'2021-02-14 01:16:31','2021-02-14 01:16:31'),(59,'Faridgonj','ফরিদগঞ্জ',6,1,1,0,'2021-02-14 01:16:31','2021-02-14 01:16:31'),(60,'Lakshmipur Sadar','লক্ষ্মীপুর সদর',7,1,1,0,'2021-02-14 01:16:32','2021-02-14 01:16:32'),(61,'Kamalnagar','কমলনগর',7,1,1,0,'2021-02-14 01:16:32','2021-02-14 01:16:32'),(62,'Raipur','রায়পুর',7,1,1,0,'2021-02-14 01:16:32','2021-02-14 01:16:32'),(63,'Ramgati','রামগতি',7,1,1,0,'2021-02-14 01:16:32','2021-02-14 01:16:32'),(64,'Ramganj','রামগঞ্জ',7,1,1,0,'2021-02-14 01:16:32','2021-02-14 01:16:32'),(65,'Rangunia','রাঙ্গুনিয়া',8,1,1,0,'2021-02-14 01:16:32','2021-02-14 01:16:32'),(66,'Sitakunda','সীতাকুন্ড',8,1,1,0,'2021-02-14 01:16:32','2021-02-14 01:16:32'),(67,'Mirsharai','মীরসরাই',8,1,1,0,'2021-02-14 01:16:32','2021-02-14 01:16:32'),(68,'Patiya','পটিয়া',8,1,1,0,'2021-02-14 01:16:32','2021-02-14 01:16:32'),(69,'Sandwip','সন্দ্বীপ',8,1,1,0,'2021-02-14 01:16:32','2021-02-14 01:16:32'),(70,'Banshkhali','বাঁশখালী',8,1,1,0,'2021-02-14 01:16:32','2021-02-14 01:16:32'),(71,'Boalkhali','বোয়ালখালী',8,1,1,0,'2021-02-14 01:16:32','2021-02-14 01:16:32'),(72,'Anwara','আনোয়ারা',8,1,1,0,'2021-02-14 01:16:32','2021-02-14 01:16:32'),(73,'Chandanaish','চন্দনাইশ',8,1,1,0,'2021-02-14 01:16:32','2021-02-14 01:16:32'),(74,'Satkania','সাতকানিয়া',8,1,1,0,'2021-02-14 01:16:32','2021-02-14 01:16:32'),(75,'Lohagara','লোহাগাড়া',8,1,1,0,'2021-02-14 01:16:32','2021-02-14 01:16:32'),(76,'Hathazari','হাটহাজারী',8,1,1,0,'2021-02-14 01:16:32','2021-02-14 01:16:32'),(77,'Fatikchhari','ফটিকছড়ি',8,1,1,0,'2021-02-14 01:16:32','2021-02-14 01:16:32'),(78,'Raozan','রাউজান',8,1,1,0,'2021-02-14 01:16:32','2021-02-14 01:16:32'),(79,'Karnafuli','কর্ণফুলী',8,1,1,0,'2021-02-14 01:16:32','2021-02-14 01:16:32'),(80,'Coxsbazar Sadar','কক্সবাজার সদর',9,1,1,0,'2021-02-14 01:16:32','2021-02-14 01:16:32'),(81,'Chakaria','চকরিয়া',9,1,1,0,'2021-02-14 01:16:33','2021-02-14 01:16:33'),(82,'Kutubdia','কুতুবদিয়া',9,1,1,0,'2021-02-14 01:16:33','2021-02-14 01:16:33'),(83,'Ukhiya','উখিয়া',9,1,1,0,'2021-02-14 01:16:33','2021-02-14 01:16:33'),(84,'Moheshkhali','মহেশখালী',9,1,1,0,'2021-02-14 01:16:33','2021-02-14 01:16:33'),(85,'Pekua','পেকুয়া',9,1,1,0,'2021-02-14 01:16:33','2021-02-14 01:16:33'),(86,'Ramu','রামু',9,1,1,0,'2021-02-14 01:16:33','2021-02-14 01:16:33'),(87,'Teknaf','টেকনাফ',9,1,1,0,'2021-02-14 01:16:33','2021-02-14 01:16:33'),(88,'Khagrachhari Sadar','খাগড়াছড়ি সদর',10,1,1,0,'2021-02-14 01:16:33','2021-02-14 01:16:33'),(89,'Dighinala','দিঘীনালা',10,1,1,0,'2021-02-14 01:16:33','2021-02-14 01:16:33'),(90,'Panchari','পানছড়ি',10,1,1,0,'2021-02-14 01:16:33','2021-02-14 01:16:33'),(91,'Laxmichhari','লক্ষীছড়ি',10,1,1,0,'2021-02-14 01:16:33','2021-02-14 01:16:33'),(92,'Mohalchari','মহালছড়ি',10,1,1,0,'2021-02-14 01:16:33','2021-02-14 01:16:33'),(93,'Manikchari','মানিকছড়ি',10,1,1,0,'2021-02-14 01:16:33','2021-02-14 01:16:33'),(94,'Ramgarh','রামগড়',10,1,1,0,'2021-02-14 01:16:33','2021-02-14 01:16:33'),(95,'Matiranga','মাটিরাঙ্গা',10,1,1,0,'2021-02-14 01:16:33','2021-02-14 01:16:33'),(96,'Guimara','গুইমারা',10,1,1,0,'2021-02-14 01:16:33','2021-02-14 01:16:33'),(97,'Bandarban Sadar','বান্দরবান সদর',11,1,1,0,'2021-02-14 01:16:33','2021-02-14 01:16:33'),(98,'Alikadam','আলীকদম',11,1,1,0,'2021-02-14 01:16:33','2021-02-14 01:16:33'),(99,'Naikhongchhari','নাইক্ষ্যংছড়ি',11,1,1,0,'2021-02-14 01:16:33','2021-02-14 01:16:33'),(100,'Rowangchhari','রোয়াংছড়ি',11,1,1,0,'2021-02-14 01:16:33','2021-02-14 01:16:33'),(101,'Lama','লামা',11,1,1,0,'2021-02-14 01:16:33','2021-02-14 01:16:33'),(102,'Ruma','রুমা',11,1,1,0,'2021-02-14 01:16:33','2021-02-14 01:16:33'),(103,'Thanchi','থানচি',11,1,1,0,'2021-02-14 01:16:34','2021-02-14 01:16:34'),(104,'Belkuchi','বেলকুচি',12,1,1,0,'2021-02-14 01:16:34','2021-02-14 01:16:34'),(105,'Chauhali','চৌহালি',12,1,1,0,'2021-02-14 01:16:34','2021-02-14 01:16:34'),(106,'Kamarkhand','কামারখন্দ',12,1,1,0,'2021-02-14 01:16:34','2021-02-14 01:16:34'),(107,'Kazipur','কাজীপুর',12,1,1,0,'2021-02-14 01:16:34','2021-02-14 01:16:34'),(108,'Raigonj','রায়গঞ্জ',12,1,1,0,'2021-02-14 01:16:34','2021-02-14 01:16:34'),(109,'Shahjadpur','শাহজাদপুর',12,1,1,0,'2021-02-14 01:16:34','2021-02-14 01:16:34'),(110,'Sirajganj Sadar','সিরাজগঞ্জ সদর',12,1,1,0,'2021-02-14 01:16:34','2021-02-14 01:16:34'),(111,'Tarash','তাড়াশ',12,1,1,0,'2021-02-14 01:16:34','2021-02-14 01:16:34'),(112,'Ullapara','উল্লাপাড়া',12,1,1,0,'2021-02-14 01:16:34','2021-02-14 01:16:34'),(113,'Sujanagar','সুজানগর',13,1,1,0,'2021-02-14 01:16:34','2021-02-14 01:16:34'),(114,'Ishurdi','ঈশ্বরদী',13,1,1,0,'2021-02-14 01:16:34','2021-02-14 01:16:34'),(115,'Bhangura','ভাঙ্গুড়া',13,1,1,0,'2021-02-14 01:16:34','2021-02-14 01:16:34'),(116,'Pabna Sadar','পাবনা সদর',13,1,1,0,'2021-02-14 01:16:34','2021-02-14 01:16:34'),(117,'Bera','বেড়া',13,1,1,0,'2021-02-14 01:16:34','2021-02-14 01:16:34'),(118,'Atghoria','আটঘরিয়া',13,1,1,0,'2021-02-14 01:16:34','2021-02-14 01:16:34'),(119,'Chatmohar','চাটমোহর',13,1,1,0,'2021-02-14 01:16:34','2021-02-14 01:16:34'),(120,'Santhia','সাঁথিয়া',13,1,1,0,'2021-02-14 01:16:34','2021-02-14 01:16:34'),(121,'Faridpur','ফরিদপুর',13,1,1,0,'2021-02-14 01:16:34','2021-02-14 01:16:34'),(122,'Kahaloo','কাহালু',14,1,1,0,'2021-02-14 01:16:34','2021-02-14 01:16:34'),(123,'Bogra Sadar','বগুড়া সদর',14,1,1,0,'2021-02-14 01:16:34','2021-02-14 01:16:34'),(124,'Shariakandi','সারিয়াকান্দি',14,1,1,0,'2021-02-14 01:16:34','2021-02-14 01:16:34'),(125,'Shajahanpur','শাজাহানপুর',14,1,1,0,'2021-02-14 01:16:34','2021-02-14 01:16:34'),(126,'Dupchanchia','দুপচাচিঁয়া',14,1,1,0,'2021-02-14 01:16:34','2021-02-14 01:16:34'),(127,'Adamdighi','আদমদিঘি',14,1,1,0,'2021-02-14 01:16:34','2021-02-14 01:16:34'),(128,'Nondigram','নন্দিগ্রাম',14,1,1,0,'2021-02-14 01:16:35','2021-02-14 01:16:35'),(129,'Sonatala','সোনাতলা',14,1,1,0,'2021-02-14 01:16:35','2021-02-14 01:16:35'),(130,'Dhunot','ধুনট',14,1,1,0,'2021-02-14 01:16:35','2021-02-14 01:16:35'),(131,'Gabtali','গাবতলী',14,1,1,0,'2021-02-14 01:16:35','2021-02-14 01:16:35'),(132,'Sherpur','শেরপুর',14,1,1,0,'2021-02-14 01:16:35','2021-02-14 01:16:35'),(133,'Shibganj','শিবগঞ্জ',14,1,1,0,'2021-02-14 01:16:35','2021-02-14 01:16:35'),(134,'Paba','পবা',15,1,1,0,'2021-02-14 01:16:35','2021-02-14 01:16:35'),(135,'Durgapur','দুর্গাপুর',15,1,1,0,'2021-02-14 01:16:35','2021-02-14 01:16:35'),(136,'Mohonpur','মোহনপুর',15,1,1,0,'2021-02-14 01:16:35','2021-02-14 01:16:35'),(137,'Charghat','চারঘাট',15,1,1,0,'2021-02-14 01:16:35','2021-02-14 01:16:35'),(138,'Puthia','পুঠিয়া',15,1,1,0,'2021-02-14 01:16:35','2021-02-14 01:16:35'),(139,'Bagha','বাঘা',15,1,1,0,'2021-02-14 01:16:35','2021-02-14 01:16:35'),(140,'Godagari','গোদাগাড়ী',15,1,1,0,'2021-02-14 01:16:35','2021-02-14 01:16:35'),(141,'Tanore','তানোর',15,1,1,0,'2021-02-14 01:16:35','2021-02-14 01:16:35'),(142,'Bagmara','বাগমারা',15,1,1,0,'2021-02-14 01:16:35','2021-02-14 01:16:35'),(143,'Natore Sadar','নাটোর সদর',16,1,1,0,'2021-02-14 01:16:35','2021-02-14 01:16:35'),(144,'Singra','সিংড়া',16,1,1,0,'2021-02-14 01:16:35','2021-02-14 01:16:35'),(145,'Baraigram','বড়াইগ্রাম',16,1,1,0,'2021-02-14 01:16:35','2021-02-14 01:16:35'),(146,'Bagatipara','বাগাতিপাড়া',16,1,1,0,'2021-02-14 01:16:35','2021-02-14 01:16:35'),(147,'Lalpur','লালপুর',16,1,1,0,'2021-02-14 01:16:35','2021-02-14 01:16:35'),(148,'Gurudaspur','গুরুদাসপুর',16,1,1,0,'2021-02-14 01:16:35','2021-02-14 01:16:35'),(149,'Naldanga','নলডাঙ্গা',16,1,1,0,'2021-02-14 01:16:35','2021-02-14 01:16:35'),(150,'Akkelpur','আক্কেলপুর',17,1,1,0,'2021-02-14 01:16:35','2021-02-14 01:16:35'),(151,'Kalai','কালাই',17,1,1,0,'2021-02-14 01:16:35','2021-02-14 01:16:35'),(152,'Khetlal','ক্ষেতলাল',17,1,1,0,'2021-02-14 01:16:35','2021-02-14 01:16:35'),(153,'Panchbibi','পাঁচবিবি',17,1,1,0,'2021-02-14 01:16:36','2021-02-14 01:16:36'),(154,'Joypurhat Sadar','জয়পুরহাট সদর',17,1,1,0,'2021-02-14 01:16:36','2021-02-14 01:16:36'),(155,'Chapainawabganj Sadar','চাঁপাইনবাবগঞ্জ সদর',18,1,1,0,'2021-02-14 01:16:36','2021-02-14 01:16:36'),(156,'Gomostapur','গোমস্তাপুর',18,1,1,0,'2021-02-14 01:16:36','2021-02-14 01:16:36'),(157,'Nachol','নাচোল',18,1,1,0,'2021-02-14 01:16:36','2021-02-14 01:16:36'),(158,'Bholahat','ভোলাহাট',18,1,1,0,'2021-02-14 01:16:36','2021-02-14 01:16:36'),(159,'Shibganj','শিবগঞ্জ',18,1,1,0,'2021-02-14 01:16:36','2021-02-14 01:16:36'),(160,'Mohadevpur','মহাদেবপুর',19,1,1,0,'2021-02-14 01:16:36','2021-02-14 01:16:36'),(161,'Badalgachi','বদলগাছী',19,1,1,0,'2021-02-14 01:16:36','2021-02-14 01:16:36'),(162,'Patnitala','পত্নিতলা',19,1,1,0,'2021-02-14 01:16:36','2021-02-14 01:16:36'),(163,'Dhamoirhat','ধামইরহাট',19,1,1,0,'2021-02-14 01:16:36','2021-02-14 01:16:36'),(164,'Niamatpur','নিয়ামতপুর',19,1,1,0,'2021-02-14 01:16:36','2021-02-14 01:16:36'),(165,'Manda','মান্দা',19,1,1,0,'2021-02-14 01:16:36','2021-02-14 01:16:36'),(166,'Atrai','আত্রাই',19,1,1,0,'2021-02-14 01:16:36','2021-02-14 01:16:36'),(167,'Raninagar','রাণীনগর',19,1,1,0,'2021-02-14 01:16:36','2021-02-14 01:16:36'),(168,'Naogaon Sadar','নওগাঁ সদর',19,1,1,0,'2021-02-14 01:16:36','2021-02-14 01:16:36'),(169,'Porsha','পোরশা',19,1,1,0,'2021-02-14 01:16:36','2021-02-14 01:16:36'),(170,'Sapahar','সাপাহার',19,1,1,0,'2021-02-14 01:16:36','2021-02-14 01:16:36'),(171,'Manirampur','মণিরামপুর',20,1,1,0,'2021-02-14 01:16:36','2021-02-14 01:16:36'),(172,'Abhaynagar','অভয়নগর',20,1,1,0,'2021-02-14 01:16:36','2021-02-14 01:16:36'),(173,'Bagherpara','বাঘারপাড়া',20,1,1,0,'2021-02-14 01:16:36','2021-02-14 01:16:36'),(174,'Chougachha','চৌগাছা',20,1,1,0,'2021-02-14 01:16:36','2021-02-14 01:16:36'),(175,'Jhikargacha','ঝিকরগাছা',20,1,1,0,'2021-02-14 01:16:36','2021-02-14 01:16:36'),(176,'Keshabpur','কেশবপুর',20,1,1,0,'2021-02-14 01:16:36','2021-02-14 01:16:36'),(177,'Jessore Sadar','যশোর সদর',20,1,1,0,'2021-02-14 01:16:37','2021-02-14 01:16:37'),(178,'Sharsha','শার্শা',20,1,1,0,'2021-02-14 01:16:37','2021-02-14 01:16:37'),(179,'Assasuni','আশাশুনি',21,1,1,0,'2021-02-14 01:16:37','2021-02-14 01:16:37'),(180,'Debhata','দেবহাটা',21,1,1,0,'2021-02-14 01:16:37','2021-02-14 01:16:37'),(181,'Kalaroa','কলারোয়া',21,1,1,0,'2021-02-14 01:16:37','2021-02-14 01:16:37'),(182,'Satkhira Sadar','সাতক্ষীরা সদর',21,1,1,0,'2021-02-14 01:16:37','2021-02-14 01:16:37'),(183,'Shyamnagar','শ্যামনগর',21,1,1,0,'2021-02-14 01:16:37','2021-02-14 01:16:37'),(184,'Tala','তালা',21,1,1,0,'2021-02-14 01:16:37','2021-02-14 01:16:37'),(185,'Kaliganj','কালিগঞ্জ',21,1,1,0,'2021-02-14 01:16:37','2021-02-14 01:16:37'),(186,'Mujibnagar','মুজিবনগর',22,1,1,0,'2021-02-14 01:16:37','2021-02-14 01:16:37'),(187,'Meherpur Sadar','মেহেরপুর সদর',22,1,1,0,'2021-02-14 01:16:37','2021-02-14 01:16:37'),(188,'Gangni','গাংনী',22,1,1,0,'2021-02-14 01:16:37','2021-02-14 01:16:37'),(189,'Narail Sadar','নড়াইল সদর',23,1,1,0,'2021-02-14 01:16:37','2021-02-14 01:16:37'),(190,'Lohagara','লোহাগড়া',23,1,1,0,'2021-02-14 01:16:37','2021-02-14 01:16:37'),(191,'Kalia','কালিয়া',23,1,1,0,'2021-02-14 01:16:37','2021-02-14 01:16:37'),(192,'Chuadanga Sadar','চুয়াডাঙ্গা সদর',24,1,1,0,'2021-02-14 01:16:37','2021-02-14 01:16:37'),(193,'Alamdanga','আলমডাঙ্গা',24,1,1,0,'2021-02-14 01:16:37','2021-02-14 01:16:37'),(194,'Damurhuda','দামুড়হুদা',24,1,1,0,'2021-02-14 01:16:37','2021-02-14 01:16:37'),(195,'Jibannagar','জীবননগর',24,1,1,0,'2021-02-14 01:16:37','2021-02-14 01:16:37'),(196,'Kushtia Sadar','কুষ্টিয়া সদর',25,1,1,0,'2021-02-14 01:16:37','2021-02-14 01:16:37'),(197,'Kumarkhali','কুমারখালী',25,1,1,0,'2021-02-14 01:16:37','2021-02-14 01:16:37'),(198,'Khoksa','খোকসা',25,1,1,0,'2021-02-14 01:16:37','2021-02-14 01:16:37'),(199,'Mirpur','মিরপুর',25,1,1,0,'2021-02-14 01:16:38','2021-02-14 01:16:38'),(200,'Daulatpur','দৌলতপুর',25,1,1,0,'2021-02-14 01:16:38','2021-02-14 01:16:38'),(201,'Bheramara','ভেড়ামারা',25,1,1,0,'2021-02-14 01:16:38','2021-02-14 01:16:38'),(202,'Shalikha','শালিখা',26,1,1,0,'2021-02-14 01:16:38','2021-02-14 01:16:38'),(203,'Sreepur','শ্রীপুর',26,1,1,0,'2021-02-14 01:16:38','2021-02-14 01:16:38'),(204,'Magura Sadar','মাগুরা সদর',26,1,1,0,'2021-02-14 01:16:38','2021-02-14 01:16:38'),(205,'Mohammadpur','মহম্মদপুর',26,1,1,0,'2021-02-14 01:16:38','2021-02-14 01:16:38'),(206,'Paikgasa','পাইকগাছা',27,1,1,0,'2021-02-14 01:16:38','2021-02-14 01:16:38'),(207,'Fultola','ফুলতলা',27,1,1,0,'2021-02-14 01:16:38','2021-02-14 01:16:38'),(208,'Digholia','দিঘলিয়া',27,1,1,0,'2021-02-14 01:16:38','2021-02-14 01:16:38'),(209,'Rupsha','রূপসা',27,1,1,0,'2021-02-14 01:16:38','2021-02-14 01:16:38'),(210,'Terokhada','তেরখাদা',27,1,1,0,'2021-02-14 01:16:38','2021-02-14 01:16:38'),(211,'Dumuria','ডুমুরিয়া',27,1,1,0,'2021-02-14 01:16:38','2021-02-14 01:16:38'),(212,'Botiaghata','বটিয়াঘাটা',27,1,1,0,'2021-02-14 01:16:38','2021-02-14 01:16:38'),(213,'Dakop','দাকোপ',27,1,1,0,'2021-02-14 01:16:38','2021-02-14 01:16:38'),(214,'Koyra','কয়রা',27,1,1,0,'2021-02-14 01:16:38','2021-02-14 01:16:38'),(215,'Fakirhat','ফকিরহাট',28,1,1,0,'2021-02-14 01:16:38','2021-02-14 01:16:38'),(216,'Bagerhat Sadar','বাগেরহাট সদর',28,1,1,0,'2021-02-14 01:16:38','2021-02-14 01:16:38'),(217,'Mollahat','মোল্লাহাট',28,1,1,0,'2021-02-14 01:16:39','2021-02-14 01:16:39'),(218,'Sarankhola','শরণখোলা',28,1,1,0,'2021-02-14 01:16:39','2021-02-14 01:16:39'),(219,'Rampal','রামপাল',28,1,1,0,'2021-02-14 01:16:39','2021-02-14 01:16:39'),(220,'Morrelganj','মোড়েলগঞ্জ',28,1,1,0,'2021-02-14 01:16:39','2021-02-14 01:16:39'),(221,'Kachua','কচুয়া',28,1,1,0,'2021-02-14 01:16:39','2021-02-14 01:16:39'),(222,'Mongla','মোংলা',28,1,1,0,'2021-02-14 01:16:39','2021-02-14 01:16:39'),(223,'Chitalmari','চিতলমারী',28,1,1,0,'2021-02-14 01:16:39','2021-02-14 01:16:39'),(224,'Jhenaidah Sadar','ঝিনাইদহ সদর',29,1,1,0,'2021-02-14 01:16:39','2021-02-14 01:16:39'),(225,'Shailkupa','শৈলকুপা',29,1,1,0,'2021-02-14 01:16:39','2021-02-14 01:16:39'),(226,'Harinakundu','হরিণাকুন্ডু',29,1,1,0,'2021-02-14 01:16:39','2021-02-14 01:16:39'),(227,'Kaliganj','কালীগঞ্জ',29,1,1,0,'2021-02-14 01:16:39','2021-02-14 01:16:39'),(228,'Kotchandpur','কোটচাঁদপুর',29,1,1,0,'2021-02-14 01:16:39','2021-02-14 01:16:39'),(229,'Moheshpur','মহেশপুর',29,1,1,0,'2021-02-14 01:16:39','2021-02-14 01:16:39'),(230,'Jhalakathi Sadar','ঝালকাঠি সদর',30,1,1,0,'2021-02-14 01:16:39','2021-02-14 01:16:39'),(231,'Kathalia','কাঠালিয়া',30,1,1,0,'2021-02-14 01:16:39','2021-02-14 01:16:39'),(232,'Nalchity','নলছিটি',30,1,1,0,'2021-02-14 01:16:39','2021-02-14 01:16:39'),(233,'Rajapur','রাজাপুর',30,1,1,0,'2021-02-14 01:16:39','2021-02-14 01:16:39'),(234,'Bauphal','বাউফল',31,1,1,0,'2021-02-14 01:16:39','2021-02-14 01:16:39'),(235,'Patuakhali Sadar','পটুয়াখালী সদর',31,1,1,0,'2021-02-14 01:16:39','2021-02-14 01:16:39'),(236,'Dumki','দুমকি',31,1,1,0,'2021-02-14 01:16:39','2021-02-14 01:16:39'),(237,'Dashmina','দশমিনা',31,1,1,0,'2021-02-14 01:16:39','2021-02-14 01:16:39'),(238,'Kalapara','কলাপাড়া',31,1,1,0,'2021-02-14 01:16:39','2021-02-14 01:16:39'),(239,'Mirzaganj','মির্জাগঞ্জ',31,1,1,0,'2021-02-14 01:16:40','2021-02-14 01:16:40'),(240,'Galachipa','গলাচিপা',31,1,1,0,'2021-02-14 01:16:40','2021-02-14 01:16:40'),(241,'Rangabali','রাঙ্গাবালী',31,1,1,0,'2021-02-14 01:16:40','2021-02-14 01:16:40'),(242,'Pirojpur Sadar','পিরোজপুর সদর',32,1,1,0,'2021-02-14 01:16:40','2021-02-14 01:16:40'),(243,'Nazirpur','নাজিরপুর',32,1,1,0,'2021-02-14 01:16:40','2021-02-14 01:16:40'),(244,'Kawkhali','কাউখালী',32,1,1,0,'2021-02-14 01:16:40','2021-02-14 01:16:40'),(245,'Zianagar','জিয়ানগর',32,1,1,0,'2021-02-14 01:16:40','2021-02-14 01:16:40'),(246,'Bhandaria','ভান্ডারিয়া',32,1,1,0,'2021-02-14 01:16:40','2021-02-14 01:16:40'),(247,'Mathbaria','মঠবাড়ীয়া',32,1,1,0,'2021-02-14 01:16:40','2021-02-14 01:16:40'),(248,'Nesarabad','নেছারাবাদ',32,1,1,0,'2021-02-14 01:16:40','2021-02-14 01:16:40'),(249,'Barisal Sadar','বরিশাল সদর',33,1,1,0,'2021-02-14 01:16:40','2021-02-14 01:16:40'),(250,'Bakerganj','বাকেরগঞ্জ',33,1,1,0,'2021-02-14 01:16:40','2021-02-14 01:16:40'),(251,'Babuganj','বাবুগঞ্জ',33,1,1,0,'2021-02-14 01:16:40','2021-02-14 01:16:40'),(252,'Wazirpur','উজিরপুর',33,1,1,0,'2021-02-14 01:16:40','2021-02-14 01:16:40'),(253,'Banaripara','বানারীপাড়া',33,1,1,0,'2021-02-14 01:16:40','2021-02-14 01:16:40'),(254,'Gournadi','গৌরনদী',33,1,1,0,'2021-02-14 01:16:40','2021-02-14 01:16:40'),(255,'Agailjhara','আগৈলঝাড়া',33,1,1,0,'2021-02-14 01:16:40','2021-02-14 01:16:40'),(256,'Mehendiganj','মেহেন্দিগঞ্জ',33,1,1,0,'2021-02-14 01:16:40','2021-02-14 01:16:40'),(257,'Muladi','মুলাদী',33,1,1,0,'2021-02-14 01:16:40','2021-02-14 01:16:40'),(258,'Hizla','হিজলা',33,1,1,0,'2021-02-14 01:16:40','2021-02-14 01:16:40'),(259,'Bhola Sadar','ভোলা সদর',34,1,1,0,'2021-02-14 01:16:40','2021-02-14 01:16:40'),(260,'Borhan Sddin','বোরহান উদ্দিন',34,1,1,0,'2021-02-14 01:16:40','2021-02-14 01:16:40'),(261,'Charfesson','চরফ্যাশন',34,1,1,0,'2021-02-14 01:16:40','2021-02-14 01:16:40'),(262,'Doulatkhan','দৌলতখান',34,1,1,0,'2021-02-14 01:16:41','2021-02-14 01:16:41'),(263,'Monpura','মনপুরা',34,1,1,0,'2021-02-14 01:16:41','2021-02-14 01:16:41'),(264,'Tazumuddin','তজুমদ্দিন',34,1,1,0,'2021-02-14 01:16:41','2021-02-14 01:16:41'),(265,'Lalmohan','লালমোহন',34,1,1,0,'2021-02-14 01:16:41','2021-02-14 01:16:41'),(266,'Amtali','আমতলী',35,1,1,0,'2021-02-14 01:16:41','2021-02-14 01:16:41'),(267,'Barguna Sadar','বরগুনা সদর',35,1,1,0,'2021-02-14 01:16:41','2021-02-14 01:16:41'),(268,'Betagi','বেতাগী',35,1,1,0,'2021-02-14 01:16:41','2021-02-14 01:16:41'),(269,'Bamna','বামনা',35,1,1,0,'2021-02-14 01:16:41','2021-02-14 01:16:41'),(270,'Pathorghata','পাথরঘাটা',35,1,1,0,'2021-02-14 01:16:41','2021-02-14 01:16:41'),(271,'Taltali','তালতলি',35,1,1,0,'2021-02-14 01:16:41','2021-02-14 01:16:41'),(272,'Balaganj','বালাগঞ্জ',36,1,1,0,'2021-02-14 01:16:41','2021-02-14 01:16:41'),(273,'Beanibazar','বিয়ানীবাজার',36,1,1,0,'2021-02-14 01:16:41','2021-02-14 01:16:41'),(274,'Bishwanath','বিশ্বনাথ',36,1,1,0,'2021-02-14 01:16:41','2021-02-14 01:16:41'),(275,'Companiganj','কোম্পানীগঞ্জ',36,1,1,0,'2021-02-14 01:16:41','2021-02-14 01:16:41'),(276,'Fenchuganj','ফেঞ্চুগঞ্জ',36,1,1,0,'2021-02-14 01:16:41','2021-02-14 01:16:41'),(277,'Golapganj','গোলাপগঞ্জ',36,1,1,0,'2021-02-14 01:16:41','2021-02-14 01:16:41'),(278,'Gowainghat','গোয়াইনঘাট',36,1,1,0,'2021-02-14 01:16:41','2021-02-14 01:16:41'),(279,'Jaintiapur','জৈন্তাপুর',36,1,1,0,'2021-02-14 01:16:42','2021-02-14 01:16:42'),(280,'Kanaighat','কানাইঘাট',36,1,1,0,'2021-02-14 01:16:42','2021-02-14 01:16:42'),(281,'Sylhet Sadar','সিলেট সদর',36,1,1,0,'2021-02-14 01:16:42','2021-02-14 01:16:42'),(282,'Zakiganj','জকিগঞ্জ',36,1,1,0,'2021-02-14 01:16:42','2021-02-14 01:16:42'),(283,'Dakshinsurma','দক্ষিণ সুরমা',36,1,1,0,'2021-02-14 01:16:42','2021-02-14 01:16:42'),(284,'Osmaninagar','ওসমানী নগর',36,1,1,0,'2021-02-14 01:16:43','2021-02-14 01:16:43'),(285,'Barlekha','বড়লেখা',37,1,1,0,'2021-02-14 01:16:43','2021-02-14 01:16:43'),(286,'Kamolganj','কমলগঞ্জ',37,1,1,0,'2021-02-14 01:16:43','2021-02-14 01:16:43'),(287,'Kulaura','কুলাউড়া',37,1,1,0,'2021-02-14 01:16:43','2021-02-14 01:16:43'),(288,'Moulvibazar Sadar','মৌলভীবাজার সদর',37,1,1,0,'2021-02-14 01:16:43','2021-02-14 01:16:43'),(289,'Rajnagar','রাজনগর',37,1,1,0,'2021-02-14 01:16:43','2021-02-14 01:16:43'),(290,'Sreemangal','শ্রীমঙ্গল',37,1,1,0,'2021-02-14 01:16:43','2021-02-14 01:16:43'),(291,'Juri','জুড়ী',37,1,1,0,'2021-02-14 01:16:44','2021-02-14 01:16:44'),(292,'Nabiganj','নবীগঞ্জ',38,1,1,0,'2021-02-14 01:16:44','2021-02-14 01:16:44'),(293,'Bahubal','বাহুবল',38,1,1,0,'2021-02-14 01:16:44','2021-02-14 01:16:44'),(294,'Ajmiriganj','আজমিরীগঞ্জ',38,1,1,0,'2021-02-14 01:16:44','2021-02-14 01:16:44'),(295,'Baniachong','বানিয়াচং',38,1,1,0,'2021-02-14 01:16:44','2021-02-14 01:16:44'),(296,'Lakhai','লাখাই',38,1,1,0,'2021-02-14 01:16:44','2021-02-14 01:16:44'),(297,'Chunarughat','চুনারুঘাট',38,1,1,0,'2021-02-14 01:16:45','2021-02-14 01:16:45'),(298,'Habiganj Sadar','হবিগঞ্জ সদর',38,1,1,0,'2021-02-14 01:16:45','2021-02-14 01:16:45'),(299,'Madhabpur','মাধবপুর',38,1,1,0,'2021-02-14 01:16:45','2021-02-14 01:16:45'),(300,'Sunamganj Sadar','সুনামগঞ্জ সদর',39,1,1,0,'2021-02-14 01:16:46','2021-02-14 01:16:46'),(301,'South Sunamganj','দক্ষিণ সুনামগঞ্জ',39,1,1,0,'2021-02-14 01:16:46','2021-02-14 01:16:46'),(302,'Bishwambarpur','বিশ্বম্ভরপুর',39,1,1,0,'2021-02-14 01:16:46','2021-02-14 01:16:46'),(303,'Chhatak','ছাতক',39,1,1,0,'2021-02-14 01:16:46','2021-02-14 01:16:46'),(304,'Jagannathpur','জগন্নাথপুর',39,1,1,0,'2021-02-14 01:16:46','2021-02-14 01:16:46'),(305,'Dowarabazar','দোয়ারাবাজার',39,1,1,0,'2021-02-14 01:16:46','2021-02-14 01:16:46'),(306,'Tahirpur','তাহিরপুর',39,1,1,0,'2021-02-14 01:16:46','2021-02-14 01:16:46'),(307,'Dharmapasha','ধর্মপাশা',39,1,1,0,'2021-02-14 01:16:46','2021-02-14 01:16:46'),(308,'Jamalganj','জামালগঞ্জ',39,1,1,0,'2021-02-14 01:16:47','2021-02-14 01:16:47'),(309,'Shalla','শাল্লা',39,1,1,0,'2021-02-14 01:16:47','2021-02-14 01:16:47'),(310,'Derai','দিরাই',39,1,1,0,'2021-02-14 01:16:47','2021-02-14 01:16:47'),(311,'Belabo','বেলাবো',40,1,1,0,'2021-02-14 01:16:47','2021-02-14 01:16:47'),(312,'Monohardi','মনোহরদী',40,1,1,0,'2021-02-14 01:16:47','2021-02-14 01:16:47'),(313,'Narsingdi Sadar','নরসিংদী সদর',40,1,1,0,'2021-02-14 01:16:47','2021-02-14 01:16:47'),(314,'Palash','পলাশ',40,1,1,0,'2021-02-14 01:16:47','2021-02-14 01:16:47'),(315,'Raipura','রায়পুরা',40,1,1,0,'2021-02-14 01:16:47','2021-02-14 01:16:47'),(316,'Shibpur','শিবপুর',40,1,1,0,'2021-02-14 01:16:48','2021-02-14 01:16:48'),(317,'Kaliganj','কালীগঞ্জ',41,1,1,0,'2021-02-14 01:16:48','2021-02-14 01:16:48'),(318,'Kaliakair','কালিয়াকৈর',41,1,1,0,'2021-02-14 01:16:48','2021-02-14 01:16:48'),(319,'Kapasia','কাপাসিয়া',41,1,1,0,'2021-02-14 01:16:48','2021-02-14 01:16:48'),(320,'Gazipur Sadar','গাজীপুর সদর',41,1,1,0,'2021-02-14 01:16:48','2021-02-14 01:16:48'),(321,'Sreepur','শ্রীপুর',41,1,1,0,'2021-02-14 01:16:48','2021-02-14 01:16:48'),(322,'Shariatpur Sadar','শরিয়তপুর সদর',42,1,1,0,'2021-02-14 01:16:48','2021-02-14 01:16:48'),(323,'Naria','নড়িয়া',42,1,1,0,'2021-02-14 01:16:49','2021-02-14 01:16:49'),(324,'Zajira','জাজিরা',42,1,1,0,'2021-02-14 01:16:49','2021-02-14 01:16:49'),(325,'Gosairhat','গোসাইরহাট',42,1,1,0,'2021-02-14 01:16:49','2021-02-14 01:16:49'),(326,'Bhedarganj','ভেদরগঞ্জ',42,1,1,0,'2021-02-14 01:16:49','2021-02-14 01:16:49'),(327,'Damudya','ডামুড্যা',42,1,1,0,'2021-02-14 01:16:49','2021-02-14 01:16:49'),(328,'Araihazar','আড়াইহাজার',43,1,1,0,'2021-02-14 01:16:49','2021-02-14 01:16:49'),(329,'Bandar','বন্দর',43,1,1,0,'2021-02-14 01:16:49','2021-02-14 01:16:49'),(330,'Narayanganj Sadar','নারায়নগঞ্জ সদর',43,1,1,0,'2021-02-14 01:16:50','2021-02-14 01:16:50'),(331,'Rupganj','রূপগঞ্জ',43,1,1,0,'2021-02-14 01:16:51','2021-02-14 01:16:51'),(332,'Sonargaon','সোনারগাঁ',43,1,1,0,'2021-02-14 01:16:51','2021-02-14 01:16:51'),(333,'Basail','বাসাইল',44,1,1,0,'2021-02-14 01:16:51','2021-02-14 01:16:51'),(334,'Bhuapur','ভুয়াপুর',44,1,1,0,'2021-02-14 01:16:51','2021-02-14 01:16:51'),(335,'Delduar','দেলদুয়ার',44,1,1,0,'2021-02-14 01:16:51','2021-02-14 01:16:51'),(336,'Ghatail','ঘাটাইল',44,1,1,0,'2021-02-14 01:16:51','2021-02-14 01:16:51'),(337,'Gopalpur','গোপালপুর',44,1,1,0,'2021-02-14 01:16:51','2021-02-14 01:16:51'),(338,'Madhupur','মধুপুর',44,1,1,0,'2021-02-14 01:16:52','2021-02-14 01:16:52'),(339,'Mirzapur','মির্জাপুর',44,1,1,0,'2021-02-14 01:16:52','2021-02-14 01:16:52'),(340,'Nagarpur','নাগরপুর',44,1,1,0,'2021-02-14 01:16:52','2021-02-14 01:16:52'),(341,'Sakhipur','সখিপুর',44,1,1,0,'2021-02-14 01:16:52','2021-02-14 01:16:52'),(342,'Tangail Sadar','টাঙ্গাইল সদর',44,1,1,0,'2021-02-14 01:16:52','2021-02-14 01:16:52'),(343,'Kalihati','কালিহাতী',44,1,1,0,'2021-02-14 01:16:52','2021-02-14 01:16:52'),(344,'Dhanbari','ধনবাড়ী',44,1,1,0,'2021-02-14 01:16:52','2021-02-14 01:16:52'),(345,'Itna','ইটনা',45,1,1,0,'2021-02-14 01:16:53','2021-02-14 01:16:53'),(346,'Katiadi','কটিয়াদী',45,1,1,0,'2021-02-14 01:16:53','2021-02-14 01:16:53'),(347,'Bhairab','ভৈরব',45,1,1,0,'2021-02-14 01:16:53','2021-02-14 01:16:53'),(348,'Tarail','তাড়াইল',45,1,1,0,'2021-02-14 01:16:53','2021-02-14 01:16:53'),(349,'Hossainpur','হোসেনপুর',45,1,1,0,'2021-02-14 01:16:53','2021-02-14 01:16:53'),(350,'Pakundia','পাকুন্দিয়া',45,1,1,0,'2021-02-14 01:16:53','2021-02-14 01:16:53'),(351,'Kuliarchar','কুলিয়ারচর',45,1,1,0,'2021-02-14 01:16:53','2021-02-14 01:16:53'),(352,'Kishoreganj Sadar','কিশোরগঞ্জ সদর',45,1,1,0,'2021-02-14 01:16:53','2021-02-14 01:16:53'),(353,'Karimgonj','করিমগঞ্জ',45,1,1,0,'2021-02-14 01:16:53','2021-02-14 01:16:53'),(354,'Bajitpur','বাজিতপুর',45,1,1,0,'2021-02-14 01:16:53','2021-02-14 01:16:53'),(355,'Austagram','অষ্টগ্রাম',45,1,1,0,'2021-02-14 01:16:54','2021-02-14 01:16:54'),(356,'Mithamoin','মিঠামইন',45,1,1,0,'2021-02-14 01:16:54','2021-02-14 01:16:54'),(357,'Nikli','নিকলী',45,1,1,0,'2021-02-14 01:16:54','2021-02-14 01:16:54'),(358,'Harirampur','হরিরামপুর',46,1,1,0,'2021-02-14 01:16:54','2021-02-14 01:16:54'),(359,'Saturia','সাটুরিয়া',46,1,1,0,'2021-02-14 01:16:54','2021-02-14 01:16:54'),(360,'Manikganj Sadar','মানিকগঞ্জ সদর',46,1,1,0,'2021-02-14 01:16:54','2021-02-14 01:16:54'),(361,'Gior','ঘিওর',46,1,1,0,'2021-02-14 01:16:54','2021-02-14 01:16:54'),(362,'Shibaloy','শিবালয়',46,1,1,0,'2021-02-14 01:16:54','2021-02-14 01:16:54'),(363,'Doulatpur','দৌলতপুর',46,1,1,0,'2021-02-14 01:16:54','2021-02-14 01:16:54'),(364,'Singiar','সিংগাইর',46,1,1,0,'2021-02-14 01:16:55','2021-02-14 01:16:55'),(365,'Savar','সাভার',47,1,1,0,'2021-02-14 01:16:55','2021-02-14 01:16:55'),(366,'Dhamrai','ধামরাই',47,1,1,0,'2021-02-14 01:16:55','2021-02-14 01:16:55'),(367,'Keraniganj','কেরাণীগঞ্জ',47,1,1,0,'2021-02-14 01:16:55','2021-02-14 01:16:55'),(368,'Nawabganj','নবাবগঞ্জ',47,1,1,0,'2021-02-14 01:16:55','2021-02-14 01:16:55'),(369,'Dohar','দোহার',47,1,1,0,'2021-02-14 01:16:55','2021-02-14 01:16:55'),(370,'Munshiganj Sadar','মুন্সিগঞ্জ সদর',48,1,1,0,'2021-02-14 01:16:55','2021-02-14 01:16:55'),(371,'Sreenagar','শ্রীনগর',48,1,1,0,'2021-02-14 01:16:55','2021-02-14 01:16:55'),(372,'Sirajdikhan','সিরাজদিখান',48,1,1,0,'2021-02-14 01:16:55','2021-02-14 01:16:55'),(373,'Louhajanj','লৌহজং',48,1,1,0,'2021-02-14 01:16:55','2021-02-14 01:16:55'),(374,'Gajaria','গজারিয়া',48,1,1,0,'2021-02-14 01:16:55','2021-02-14 01:16:55'),(375,'Tongibari','টংগীবাড়ি',48,1,1,0,'2021-02-14 01:16:56','2021-02-14 01:16:56'),(376,'Rajbari Sadar','রাজবাড়ী সদর',49,1,1,0,'2021-02-14 01:16:56','2021-02-14 01:16:56'),(377,'Goalanda','গোয়ালন্দ',49,1,1,0,'2021-02-14 01:16:56','2021-02-14 01:16:56'),(378,'Pangsa','পাংশা',49,1,1,0,'2021-02-14 01:16:56','2021-02-14 01:16:56'),(379,'Baliakandi','বালিয়াকান্দি',49,1,1,0,'2021-02-14 01:16:56','2021-02-14 01:16:56'),(380,'Kalukhali','কালুখালী',49,1,1,0,'2021-02-14 01:16:56','2021-02-14 01:16:56'),(381,'Madaripur Sadar','মাদারীপুর সদর',50,1,1,0,'2021-02-14 01:16:56','2021-02-14 01:16:56'),(382,'Shibchar','শিবচর',50,1,1,0,'2021-02-14 01:16:57','2021-02-14 01:16:57'),(383,'Kalkini','কালকিনি',50,1,1,0,'2021-02-14 01:16:57','2021-02-14 01:16:57'),(384,'Rajoir','রাজৈর',50,1,1,0,'2021-02-14 01:16:57','2021-02-14 01:16:57'),(385,'Gopalganj Sadar','গোপালগঞ্জ সদর',51,1,1,0,'2021-02-14 01:16:57','2021-02-14 01:16:57'),(386,'Kashiani','কাশিয়ানী',51,1,1,0,'2021-02-14 01:16:57','2021-02-14 01:16:57'),(387,'Tungipara','টুংগীপাড়া',51,1,1,0,'2021-02-14 01:16:57','2021-02-14 01:16:57'),(388,'Kotalipara','কোটালীপাড়া',51,1,1,0,'2021-02-14 01:16:57','2021-02-14 01:16:57'),(389,'Muksudpur','মুকসুদপুর',51,1,1,0,'2021-02-14 01:16:58','2021-02-14 01:16:58'),(390,'Faridpur Sadar','ফরিদপুর সদর',52,1,1,0,'2021-02-14 01:16:58','2021-02-14 01:16:58'),(391,'Alfadanga','আলফাডাঙ্গা',52,1,1,0,'2021-02-14 01:16:58','2021-02-14 01:16:58'),(392,'Boalmari','বোয়ালমারী',52,1,1,0,'2021-02-14 01:16:58','2021-02-14 01:16:58'),(393,'Sadarpur','সদরপুর',52,1,1,0,'2021-02-14 01:16:58','2021-02-14 01:16:58'),(394,'Nagarkanda','নগরকান্দা',52,1,1,0,'2021-02-14 01:16:58','2021-02-14 01:16:58'),(395,'Bhanga','ভাঙ্গা',52,1,1,0,'2021-02-14 01:16:58','2021-02-14 01:16:58'),(396,'Charbhadrasan','চরভদ্রাসন',52,1,1,0,'2021-02-14 01:16:58','2021-02-14 01:16:58'),(397,'Madhukhali','মধুখালী',52,1,1,0,'2021-02-14 01:16:58','2021-02-14 01:16:58'),(398,'Saltha','সালথা',52,1,1,0,'2021-02-14 01:16:58','2021-02-14 01:16:58'),(399,'Panchagarh Sadar','পঞ্চগড় সদর',53,1,1,0,'2021-02-14 01:16:59','2021-02-14 01:16:59'),(400,'Debiganj','দেবীগঞ্জ',53,1,1,0,'2021-02-14 01:16:59','2021-02-14 01:16:59'),(401,'Boda','বোদা',53,1,1,0,'2021-02-14 01:16:59','2021-02-14 01:16:59'),(402,'Atwari','আটোয়ারী',53,1,1,0,'2021-02-14 01:16:59','2021-02-14 01:16:59'),(403,'Tetulia','তেতুলিয়া',53,1,1,0,'2021-02-14 01:16:59','2021-02-14 01:16:59'),(404,'Nawabganj','নবাবগঞ্জ',54,1,1,0,'2021-02-14 01:16:59','2021-02-14 01:16:59'),(405,'Birganj','বীরগঞ্জ',54,1,1,0,'2021-02-14 01:16:59','2021-02-14 01:16:59'),(406,'Ghoraghat','ঘোড়াঘাট',54,1,1,0,'2021-02-14 01:16:59','2021-02-14 01:16:59'),(407,'Birampur','বিরামপুর',54,1,1,0,'2021-02-14 01:16:59','2021-02-14 01:16:59'),(408,'Parbatipur','পার্বতীপুর',54,1,1,0,'2021-02-14 01:16:59','2021-02-14 01:16:59'),(409,'Bochaganj','বোচাগঞ্জ',54,1,1,0,'2021-02-14 01:16:59','2021-02-14 01:16:59'),(410,'Kaharol','কাহারোল',54,1,1,0,'2021-02-14 01:16:59','2021-02-14 01:16:59'),(411,'Fulbari','ফুলবাড়ী',54,1,1,0,'2021-02-14 01:17:00','2021-02-14 01:17:00'),(412,'Dinajpur Sadar','দিনাজপুর সদর',54,1,1,0,'2021-02-14 01:17:00','2021-02-14 01:17:00'),(413,'Hakimpur','হাকিমপুর',54,1,1,0,'2021-02-14 01:17:00','2021-02-14 01:17:00'),(414,'Khansama','খানসামা',54,1,1,0,'2021-02-14 01:17:00','2021-02-14 01:17:00'),(415,'Birol','বিরল',54,1,1,0,'2021-02-14 01:17:00','2021-02-14 01:17:00'),(416,'Chirirbandar','চিরিরবন্দর',54,1,1,0,'2021-02-14 01:17:00','2021-02-14 01:17:00'),(417,'Lalmonirhat Sadar','লালমনিরহাট সদর',55,1,1,0,'2021-02-14 01:17:00','2021-02-14 01:17:00'),(418,'Kaliganj','কালীগঞ্জ',55,1,1,0,'2021-02-14 01:17:00','2021-02-14 01:17:00'),(419,'Hatibandha','হাতীবান্ধা',55,1,1,0,'2021-02-14 01:17:00','2021-02-14 01:17:00'),(420,'Patgram','পাটগ্রাম',55,1,1,0,'2021-02-14 01:17:00','2021-02-14 01:17:00'),(421,'Aditmari','আদিতমারী',55,1,1,0,'2021-02-14 01:17:00','2021-02-14 01:17:00'),(422,'Syedpur','সৈয়দপুর',56,1,1,0,'2021-02-14 01:17:00','2021-02-14 01:17:00'),(423,'Domar','ডোমার',56,1,1,0,'2021-02-14 01:17:00','2021-02-14 01:17:00'),(424,'Dimla','ডিমলা',56,1,1,0,'2021-02-14 01:17:00','2021-02-14 01:17:00'),(425,'Jaldhaka','জলঢাকা',56,1,1,0,'2021-02-14 01:17:00','2021-02-14 01:17:00'),(426,'Kishorganj','কিশোরগঞ্জ',56,1,1,0,'2021-02-14 01:17:00','2021-02-14 01:17:00'),(427,'Nilphamari Sadar','নীলফামারী সদর',56,1,1,0,'2021-02-14 01:17:00','2021-02-14 01:17:00'),(428,'Sadullapur','সাদুল্লাপুর',57,1,1,0,'2021-02-14 01:17:00','2021-02-14 01:17:00'),(429,'Gaibandha Sadar','গাইবান্ধা সদর',57,1,1,0,'2021-02-14 01:17:00','2021-02-14 01:17:00'),(430,'Palashbari','পলাশবাড়ী',57,1,1,0,'2021-02-14 01:17:00','2021-02-14 01:17:00'),(431,'Saghata','সাঘাটা',57,1,1,0,'2021-02-14 01:17:00','2021-02-14 01:17:00'),(432,'Gobindaganj','গোবিন্দগঞ্জ',57,1,1,0,'2021-02-14 01:17:01','2021-02-14 01:17:01'),(433,'Sundarganj','সুন্দরগঞ্জ',57,1,1,0,'2021-02-14 01:17:01','2021-02-14 01:17:01'),(434,'Phulchari','ফুলছড়ি',57,1,1,0,'2021-02-14 01:17:01','2021-02-14 01:17:01'),(435,'Thakurgaon Sadar','ঠাকুরগাঁও সদর',58,1,1,0,'2021-02-14 01:17:01','2021-02-14 01:17:01'),(436,'Pirganj','পীরগঞ্জ',58,1,1,0,'2021-02-14 01:17:01','2021-02-14 01:17:01'),(437,'Ranisankail','রাণীশংকৈল',58,1,1,0,'2021-02-14 01:17:01','2021-02-14 01:17:01'),(438,'Haripur','হরিপুর',58,1,1,0,'2021-02-14 01:17:01','2021-02-14 01:17:01'),(439,'Baliadangi','বালিয়াডাঙ্গী',58,1,1,0,'2021-02-14 01:17:01','2021-02-14 01:17:01'),(440,'Rangpur Sadar','রংপুর সদর',59,1,1,0,'2021-02-14 01:17:01','2021-02-14 01:17:01'),(441,'Gangachara','গংগাচড়া',59,1,1,0,'2021-02-14 01:17:01','2021-02-14 01:17:01'),(442,'Taragonj','তারাগঞ্জ',59,1,1,0,'2021-02-14 01:17:01','2021-02-14 01:17:01'),(443,'Badargonj','বদরগঞ্জ',59,1,1,0,'2021-02-14 01:17:01','2021-02-14 01:17:01'),(444,'Mithapukur','মিঠাপুকুর',59,1,1,0,'2021-02-14 01:17:01','2021-02-14 01:17:01'),(445,'Pirgonj','পীরগঞ্জ',59,1,1,0,'2021-02-14 01:17:01','2021-02-14 01:17:01'),(446,'Kaunia','কাউনিয়া',59,1,1,0,'2021-02-14 01:17:01','2021-02-14 01:17:01'),(447,'Pirgacha','পীরগাছা',59,1,1,0,'2021-02-14 01:17:01','2021-02-14 01:17:01'),(448,'Kurigram Sadar','কুড়িগ্রাম সদর',60,1,1,0,'2021-02-14 01:17:01','2021-02-14 01:17:01'),(449,'Nageshwari','নাগেশ্বরী',60,1,1,0,'2021-02-14 01:17:01','2021-02-14 01:17:01'),(450,'Bhurungamari','ভুরুঙ্গামারী',60,1,1,0,'2021-02-14 01:17:01','2021-02-14 01:17:01'),(451,'Phulbari','ফুলবাড়ী',60,1,1,0,'2021-02-14 01:17:01','2021-02-14 01:17:01'),(452,'Rajarhat','রাজারহাট',60,1,1,0,'2021-02-14 01:17:01','2021-02-14 01:17:01'),(453,'Ulipur','উলিপুর',60,1,1,0,'2021-02-14 01:17:01','2021-02-14 01:17:01'),(454,'Chilmari','চিলমারী',60,1,1,0,'2021-02-14 01:17:01','2021-02-14 01:17:01'),(455,'Rowmari','রৌমারী',60,1,1,0,'2021-02-14 01:17:01','2021-02-14 01:17:01'),(456,'Charrajibpur','চর রাজিবপুর',60,1,1,0,'2021-02-14 01:17:02','2021-02-14 01:17:02'),(457,'Sherpur Sadar','শেরপুর সদর',61,1,1,0,'2021-02-14 01:17:02','2021-02-14 01:17:02'),(458,'Nalitabari','নালিতাবাড়ী',61,1,1,0,'2021-02-14 01:17:02','2021-02-14 01:17:02'),(459,'Sreebordi','শ্রীবরদী',61,1,1,0,'2021-02-14 01:17:02','2021-02-14 01:17:02'),(460,'Nokla','নকলা',61,1,1,0,'2021-02-14 01:17:02','2021-02-14 01:17:02'),(461,'Jhenaigati','ঝিনাইগাতী',61,1,1,0,'2021-02-14 01:17:02','2021-02-14 01:17:02'),(462,'Fulbaria','ফুলবাড়ীয়া',62,1,1,0,'2021-02-14 01:17:02','2021-02-14 01:17:02'),(463,'Trishal','ত্রিশাল',62,1,1,0,'2021-02-14 01:17:02','2021-02-14 01:17:02'),(464,'Bhaluka','ভালুকা',62,1,1,0,'2021-02-14 01:17:02','2021-02-14 01:17:02'),(465,'Muktagacha','মুক্তাগাছা',62,1,1,0,'2021-02-14 01:17:02','2021-02-14 01:17:02'),(466,'Mymensingh Sadar','ময়মনসিংহ সদর',62,1,1,0,'2021-02-14 01:17:02','2021-02-14 01:17:02'),(467,'Dhobaura','ধোবাউড়া',62,1,1,0,'2021-02-14 01:17:02','2021-02-14 01:17:02'),(468,'Phulpur','ফুলপুর',62,1,1,0,'2021-02-14 01:17:02','2021-02-14 01:17:02'),(469,'Haluaghat','হালুয়াঘাট',62,1,1,0,'2021-02-14 01:17:02','2021-02-14 01:17:02'),(470,'Gouripur','গৌরীপুর',62,1,1,0,'2021-02-14 01:17:02','2021-02-14 01:17:02'),(471,'Gafargaon','গফরগাঁও',62,1,1,0,'2021-02-14 01:17:02','2021-02-14 01:17:02'),(472,'Iswarganj','ঈশ্বরগঞ্জ',62,1,1,0,'2021-02-14 01:17:02','2021-02-14 01:17:02'),(473,'Nandail','নান্দাইল',62,1,1,0,'2021-02-14 01:17:02','2021-02-14 01:17:02'),(474,'Tarakanda','তারাকান্দা',62,1,1,0,'2021-02-14 01:17:02','2021-02-14 01:17:02'),(475,'Jamalpur Sadar','জামালপুর সদর',63,1,1,0,'2021-02-14 01:17:02','2021-02-14 01:17:02'),(476,'Melandah','মেলান্দহ',63,1,1,0,'2021-02-14 01:17:02','2021-02-14 01:17:02'),(477,'Islampur','ইসলামপুর',63,1,1,0,'2021-02-14 01:17:02','2021-02-14 01:17:02'),(478,'Dewangonj','দেওয়ানগঞ্জ',63,1,1,0,'2021-02-14 01:17:02','2021-02-14 01:17:02'),(479,'Sarishabari','সরিষাবাড়ী',63,1,1,0,'2021-02-14 01:17:02','2021-02-14 01:17:02'),(480,'Madarganj','মাদারগঞ্জ',63,1,1,0,'2021-02-14 01:17:02','2021-02-14 01:17:02'),(481,'Bokshiganj','বকশীগঞ্জ',63,1,1,0,'2021-02-14 01:17:02','2021-02-14 01:17:02'),(482,'Barhatta','বারহাট্টা',64,1,1,0,'2021-02-14 01:17:03','2021-02-14 01:17:03'),(483,'Durgapur','দুর্গাপুর',64,1,1,0,'2021-02-14 01:17:03','2021-02-14 01:17:03'),(484,'Kendua','কেন্দুয়া',64,1,1,0,'2021-02-14 01:17:03','2021-02-14 01:17:03'),(485,'Atpara','আটপাড়া',64,1,1,0,'2021-02-14 01:17:03','2021-02-14 01:17:03'),(486,'Madan','মদন',64,1,1,0,'2021-02-14 01:17:03','2021-02-14 01:17:03'),(487,'Khaliajuri','খালিয়াজুরী',64,1,1,0,'2021-02-14 01:17:03','2021-02-14 01:17:03'),(488,'Kalmakanda','কলমাকান্দা',64,1,1,0,'2021-02-14 01:17:03','2021-02-14 01:17:03'),(489,'Mohongonj','মোহনগঞ্জ',64,1,1,0,'2021-02-14 01:17:03','2021-02-14 01:17:03'),(490,'Purbadhala','পূর্বধলা',64,1,1,0,'2021-02-14 01:17:03','2021-02-14 01:17:03'),(491,'Netrokona Sadar','নেত্রকোণা সদর',64,1,1,0,'2021-02-14 01:17:03','2021-02-14 01:17:03'),(492,'QA Test Upazila','QA Test Upazila Bn',65,1,1,0,'2021-03-01 23:04:52','2021-03-01 23:04:52');
/*!40000 ALTER TABLE `master_upazillas` ENABLE KEYS */;
UNLOCK TABLES;

--
-- Table structure for table `migrations`
--

DROP TABLE IF EXISTS `migrations`;
/*!40101 SET @saved_cs_client     = @@character_set_client */;
/*!40101 SET character_set_client = utf8 */;
CREATE TABLE `migrations` (
  `id` int(10) unsigned NOT NULL AUTO_INCREMENT,
  `migration` varchar(255) COLLATE utf8_unicode_ci NOT NULL,
  `batch` int(11) NOT NULL,
  PRIMARY KEY (`id`)
) ENGINE=InnoDB AUTO_INCREMENT=52 DEFAULT CHARSET=utf8 COLLATE=utf8_unicode_ci;
/*!40101 SET character_set_client = @saved_cs_client */;

--
-- Dumping data for table `migrations`
--

LOCK TABLES `migrations` WRITE;
/*!40000 ALTER TABLE `migrations` DISABLE KEYS */;
INSERT INTO `migrations` VALUES (1,'2020_12_07_044425_create_demos_table',1),(2,'2020_12_07_051959_add_status_to_demos_table',1),(3,'2020_12_08_083624_add_division_district_upazila_to_demos_table',1),(4,'2020_12_12_070410_create_master_countries_table',1),(5,'2020_12_12_071542_create_master_divisions_table',1),(6,'2020_12_12_080027_create_master_districts_table',1),(7,'2020_12_12_080449_create_master_upazillas_table',1),(8,'2020_12_12_080819_create_master_unions_table',1),(9,'2020_12_12_100551_create_master_org_profiless_table',1),(10,'2020_12_13_045749_create_master_office_types_table',1),(11,'2020_12_13_051151_create_master_offices_table',1),(12,'2020_12_13_052744_create_master_components_table',1),(13,'2020_12_13_053157_create_master_org_components_table',1),(14,'2020_12_13_054133_create_master_modules_table',1),(15,'2020_12_13_054200_create_master_org_modules_table',1),(16,'2020_12_14_044112_rename_conutry_id_column',1),(17,'2020_12_15_041245_create_master_services_table',1),(18,'2020_12_15_041516_create_master_menus_table',1),(19,'2020_12_15_044659_create_master_designations_table',1),(20,'2020_12_15_045735_create_assign_designations_table',1),(21,'2020_12_21_095046_create_master_grades_table',1),(22,'2020_12_27_044244_create_master_complain_types_table',1),(23,'2020_12_27_044649_create_master_complain_designations_table',1),(24,'2020_12_27_044938_create_com_complain_infos_table',1),(25,'2020_12_27_045959_create_master_complain_chains_table',1),(26,'2020_12_27_050849_create_master_notification_types_table',1),(27,'2020_12_27_053526_create_master_notification_settings_table',1),(28,'2020_12_27_054103_create_not_notification_templates_table',1),(29,'2020_12_27_070424_create_user_logs_table',1),(30,'2020_12_29_041711_create_not_circulate_notices_table',1),(31,'2020_12_29_052801_create_com_committees_table',1),(32,'2020_12_29_053444_create_com_committee_reports_table',1),(33,'2020_12_29_053751_create_com_approve_table',1),(34,'2020_12_29_053928_create_com_reject_table',1),(35,'2020_12_30_052721_create_master_document_categories_table',1),(36,'2020_12_30_053049_create_doc_doc_infos_table',1),(37,'2021_01_05_040919_create_master_banks_table',1),(38,'2021_01_05_041252_create_master_branchs_table',1),(39,'2021_01_06_104414_create_cmt_committees_table',1),(40,'2021_01_06_104530_create_cmt_agenda_table',1),(41,'2021_01_06_104655_create_cmt_meeting_minutes_table',1),(42,'2021_01_06_104955_create_cmt_committee_members_table',1),(43,'2021_01_06_105107_create_cmt_expenses_table',1),(44,'2021_01_07_052137_create_com_complain_cycle_table',1),(45,'2021_02_02_115532_create_master_dialog_settings_table',1),(46,'2021_02_10_064705_remove_service_id_validation_master_menus',1),(47,'2021_03_02_062109_create_master_eligibility_types_table',2),(48,'2021_03_02_062615_create_master_contents_table',3),(49,'2021_03_02_062857_create_master_content_eligibility_table',3),(50,'2021_03_02_063150_create_master_faqs_table',4),(51,'2021_03_02_102422_create_master_payment_services_table',5);
/*!40000 ALTER TABLE `migrations` ENABLE KEYS */;
UNLOCK TABLES;

--
-- Table structure for table `not_circulate_notices`
--

DROP TABLE IF EXISTS `not_circulate_notices`;
/*!40101 SET @saved_cs_client     = @@character_set_client */;
/*!40101 SET character_set_client = utf8 */;
CREATE TABLE `not_circulate_notices` (
  `id` bigint(20) unsigned NOT NULL AUTO_INCREMENT,
  `notice_title` varchar(255) COLLATE utf8_unicode_ci NOT NULL,
  `notice_title_bn` varchar(255) COLLATE utf8_unicode_ci DEFAULT NULL,
  `description` text COLLATE utf8_unicode_ci NOT NULL,
  `description_bn` text COLLATE utf8_unicode_ci,
  `notice_for` int(11) NOT NULL,
  `office_id` bigint(20) unsigned DEFAULT NULL,
  `designation_id` bigint(20) unsigned DEFAULT NULL,
  `notice_date` date NOT NULL,
  `notice_time` time DEFAULT NULL,
  `org_id` bigint(20) unsigned NOT NULL,
  `notification_type_id` bigint(20) unsigned NOT NULL,
  `created_by` bigint(20) unsigned DEFAULT NULL,
  `updated_by` bigint(20) unsigned DEFAULT NULL,
  `status` int(11) NOT NULL DEFAULT '0' COMMENT '0=active, 1=inactive',
  `created_at` timestamp NULL DEFAULT NULL,
  `updated_at` timestamp NULL DEFAULT NULL,
  PRIMARY KEY (`id`),
  KEY `not_circulate_notices_notification_type_id_foreign` (`notification_type_id`),
  CONSTRAINT `not_circulate_notices_notification_type_id_foreign` FOREIGN KEY (`notification_type_id`) REFERENCES `master_notification_types` (`id`)
) ENGINE=InnoDB AUTO_INCREMENT=4 DEFAULT CHARSET=utf8 COLLATE=utf8_unicode_ci;
/*!40101 SET character_set_client = @saved_cs_client */;

--
-- Dumping data for table `not_circulate_notices`
--

LOCK TABLES `not_circulate_notices` WRITE;
/*!40000 ALTER TABLE `not_circulate_notices` DISABLE KEYS */;
INSERT INTO `not_circulate_notices` VALUES (1,'Agreement','Agreement bn','ssfdsfsdfsdf','sfdf',1,4,4,'2021-03-15','20:18:00',3,2,1,1,0,'2021-03-08 04:18:17','2021-03-08 04:18:17'),(2,'Sunt mollitia ea ani','Consequatur sed aute','lorem ipsum lorem ipsum lorem ipsum lorem ipsum ','bangla lorem bangla lorem bangla lorem bangla lorem bangla lorem bangla lorem bangla lorem bangla lorem ',1,6,9,'2021-03-24','10:25:00',3,2,1,1,0,'2021-03-08 06:20:22','2021-03-08 06:20:22'),(3,'Nisi rerum laudantiu','Pariatur Quae dolor','Earum quis dignissim','Qui veritatis volupt',1,3,5,'2021-03-10','23:03:00',1,1,1,1,0,'2021-03-09 23:43:31','2021-03-09 23:43:31');
/*!40000 ALTER TABLE `not_circulate_notices` ENABLE KEYS */;
UNLOCK TABLES;

--
-- Table structure for table `not_notification_templates`
--

DROP TABLE IF EXISTS `not_notification_templates`;
/*!40101 SET @saved_cs_client     = @@character_set_client */;
/*!40101 SET character_set_client = utf8 */;
CREATE TABLE `not_notification_templates` (
  `id` bigint(20) unsigned NOT NULL AUTO_INCREMENT,
  `notification_type_id` bigint(20) unsigned NOT NULL,
  `title` varchar(255) COLLATE utf8_unicode_ci NOT NULL,
  `title_bn` varchar(255) COLLATE utf8_unicode_ci NOT NULL,
  `message` text COLLATE utf8_unicode_ci NOT NULL,
  `message_bn` text COLLATE utf8_unicode_ci NOT NULL,
  `org_id` bigint(20) unsigned NOT NULL,
  `component_id` bigint(20) unsigned NOT NULL,
  `module_id` bigint(20) unsigned NOT NULL,
  `service_id` bigint(20) unsigned NOT NULL,
  `menu_id` bigint(20) unsigned NOT NULL,
  `created_by` bigint(20) unsigned DEFAULT NULL,
  `updated_by` bigint(20) unsigned DEFAULT NULL,
  `status` int(11) NOT NULL DEFAULT '0' COMMENT '0=active, 1=inactive',
  `created_at` timestamp NULL DEFAULT NULL,
  `updated_at` timestamp NULL DEFAULT NULL,
  PRIMARY KEY (`id`)
) ENGINE=InnoDB DEFAULT CHARSET=utf8 COLLATE=utf8_unicode_ci;
/*!40101 SET character_set_client = @saved_cs_client */;

--
-- Dumping data for table `not_notification_templates`
--

LOCK TABLES `not_notification_templates` WRITE;
/*!40000 ALTER TABLE `not_notification_templates` DISABLE KEYS */;
/*!40000 ALTER TABLE `not_notification_templates` ENABLE KEYS */;
UNLOCK TABLES;

--
-- Table structure for table `user_logs`
--

DROP TABLE IF EXISTS `user_logs`;
/*!40101 SET @saved_cs_client     = @@character_set_client */;
/*!40101 SET character_set_client = utf8 */;
CREATE TABLE `user_logs` (
  `id` bigint(20) unsigned NOT NULL AUTO_INCREMENT,
  `user_id` bigint(20) unsigned NOT NULL,
  `username` varchar(255) COLLATE utf8_unicode_ci NOT NULL,
  `menu_name` varchar(255) COLLATE utf8_unicode_ci NOT NULL,
  `table_name` varchar(255) COLLATE utf8_unicode_ci NOT NULL,
  `data_id` bigint(20) unsigned NOT NULL,
  `ip` varchar(255) COLLATE utf8_unicode_ci NOT NULL,
  `execution_type` int(11) NOT NULL COMMENT '0=insert, 1=update,2=delete',
  `created_at` timestamp NULL DEFAULT NULL,
  `updated_at` timestamp NULL DEFAULT NULL,
  PRIMARY KEY (`id`),
  KEY `username_index` (`username`),
  KEY `uid_index` (`user_id`)
) ENGINE=InnoDB AUTO_INCREMENT=765 DEFAULT CHARSET=utf8 COLLATE=utf8_unicode_ci;
/*!40101 SET character_set_client = @saved_cs_client */;

--
-- Dumping data for table `user_logs`
--

LOCK TABLES `user_logs` WRITE;
/*!40000 ALTER TABLE `user_logs` DISABLE KEYS */;
INSERT INTO `user_logs` VALUES (1,1,'admin','http://localhost:8080/org-profile/component-list','master_components',1,'',1,'2021-02-14 02:52:48','2021-02-14 02:52:48'),(2,1,'admin','http://localhost:8080/org-profile/component-list','master_components',9,'',1,'2021-02-14 02:53:50','2021-02-14 02:53:50'),(3,1,'admin','http://localhost:8080/org-profile/component-list','master_components',6,'',1,'2021-02-14 02:55:30','2021-02-14 02:55:30'),(4,1,'admin','http://localhost:8080/org-profile/module-list','master_modules',1,'',0,'2021-02-14 02:57:19','2021-02-14 02:57:19'),(5,1,'admin','http://localhost:8080/org-profile/module-list','master_modules',2,'',0,'2021-02-14 02:58:55','2021-02-14 02:58:55'),(6,1,'admin','http://localhost:8080/org-profile/module-list','master_modules',3,'',0,'2021-02-14 03:00:08','2021-02-14 03:00:08'),(7,1,'admin','http://localhost:8080/org-profile/module-list','master_modules',4,'',0,'2021-02-14 03:00:50','2021-02-14 03:00:50'),(8,1,'admin','http://localhost:8080/org-profile/module-list','master_modules',5,'',0,'2021-02-14 03:01:45','2021-02-14 03:01:45'),(9,1,'admin','http://localhost:8080/org-profile/module-list','master_modules',6,'',0,'2021-02-14 03:04:09','2021-02-14 03:04:09'),(10,1,'admin','http://localhost:8080/org-profile/module-list','master_modules',7,'',0,'2021-02-14 03:05:19','2021-02-14 03:05:19'),(11,1,'admin','http://localhost:8080/org-profile/module-list','master_modules',8,'',0,'2021-02-14 03:06:01','2021-02-14 03:06:01'),(12,1,'admin','http://localhost:8080/org-profile/module-list','master_modules',9,'',0,'2021-02-14 03:12:19','2021-02-14 03:12:19'),(13,1,'admin','http://localhost:8080/org-profile/module-list','master_modules',10,'',0,'2021-02-14 03:14:37','2021-02-14 03:14:37'),(14,1,'admin','http://localhost:8080/org-profile/module-list','master_modules',11,'',0,'2021-02-14 03:16:29','2021-02-14 03:16:29'),(15,1,'admin','http://localhost:8080/org-profile/module-list','master_modules',12,'',0,'2021-02-14 03:17:47','2021-02-14 03:17:47'),(16,1,'admin','http://localhost:8080/org-profile/module-list','master_modules',13,'',0,'2021-02-14 03:18:53','2021-02-14 03:18:53'),(17,1,'admin','http://localhost:8080/org-profile/module-list','master_modules',14,'',0,'2021-02-14 03:19:46','2021-02-14 03:19:46'),(18,1,'admin','http://localhost:8080/org-profile/module-list','master_modules',15,'',0,'2021-02-14 03:24:33','2021-02-14 03:24:33'),(19,1,'admin','http://localhost:8080/org-profile/module-list','master_modules',2,'',1,'2021-02-14 03:27:03','2021-02-14 03:27:03'),(20,1,'admin','http://localhost:8080/org-profile/module-list','master_modules',4,'',1,'2021-02-14 03:27:29','2021-02-14 03:27:29'),(21,1,'admin','http://localhost:8080/org-profile/module-list','master_modules',6,'',1,'2021-02-14 03:28:05','2021-02-14 03:28:05'),(22,1,'admin','http://localhost:8080/org-profile/module-list','master_modules',9,'',1,'2021-02-14 03:29:21','2021-02-14 03:29:21'),(23,1,'admin','http://localhost:8080/org-profile/module-list','master_modules',10,'',1,'2021-02-14 03:29:34','2021-02-14 03:29:34'),(24,1,'admin','http://localhost:8080/org-profile/module-list','master_modules',11,'',1,'2021-02-14 03:29:55','2021-02-14 03:29:55'),(25,1,'admin','http://localhost:8080/org-profile/module-list','master_modules',12,'',1,'2021-02-14 03:30:43','2021-02-14 03:30:43'),(26,1,'admin','http://localhost:8080/org-profile/module-list','master_modules',13,'',1,'2021-02-14 03:31:08','2021-02-14 03:31:08'),(27,1,'admin','http://localhost:8080/org-profile/module-list','master_modules',16,'',0,'2021-02-14 03:35:44','2021-02-14 03:35:44'),(28,1,'admin','http://localhost:8080/org-profile/module-list','master_modules',17,'',0,'2021-02-14 03:38:33','2021-02-14 03:38:33'),(29,1,'admin','http://localhost:8080/org-profile/module-list','master_modules',18,'',0,'2021-02-14 03:41:28','2021-02-14 03:41:28'),(30,1,'admin','http://localhost:8080/org-profile/module-list','master_modules',19,'',0,'2021-02-14 03:42:21','2021-02-14 03:42:21'),(31,1,'admin','http://localhost:8080/org-profile/module-list','master_modules',20,'',0,'2021-02-14 03:43:09','2021-02-14 03:43:09'),(32,1,'admin','http://localhost:8080/org-profile/module-list','master_modules',21,'',0,'2021-02-14 03:45:00','2021-02-14 03:45:00'),(33,1,'admin','http://localhost:8080/org-profile/service-list','master_services',1,'',0,'2021-02-14 04:22:23','2021-02-14 04:22:23'),(34,1,'admin','http://localhost:8080/org-profile/service-list','master_services',2,'',0,'2021-02-14 04:23:20','2021-02-14 04:23:20'),(35,1,'admin','http://localhost:8080/org-profile/service-list','master_services',3,'',0,'2021-02-14 04:25:53','2021-02-14 04:25:53'),(36,1,'admin','http://localhost:8080/org-profile/service-list','master_services',4,'',0,'2021-02-14 04:27:31','2021-02-14 04:27:31'),(37,1,'admin','http://localhost:8080/org-profile/service-list','master_services',5,'',0,'2021-02-14 04:28:37','2021-02-14 04:28:37'),(38,1,'admin','http://localhost:8080/org-profile/service-list','master_services',6,'',0,'2021-02-14 04:29:16','2021-02-14 04:29:16'),(39,1,'admin','http://localhost:8080/org-profile/service-list','master_services',7,'',0,'2021-02-14 04:30:33','2021-02-14 04:30:33'),(40,1,'admin','http://localhost:8080/org-profile/service-list','master_services',8,'',0,'2021-02-14 04:31:16','2021-02-14 04:31:16'),(41,1,'admin','http://localhost:8080/org-profile/service-list','master_services',9,'',0,'2021-02-14 04:32:58','2021-02-14 04:32:58'),(42,1,'admin','http://localhost:8080/org-profile/service-list','master_services',10,'',0,'2021-02-14 04:33:22','2021-02-14 04:33:22'),(43,1,'admin','http://localhost:8080/org-profile/service-list','master_services',11,'',0,'2021-02-14 04:39:02','2021-02-14 04:39:02'),(44,1,'admin','http://localhost:8080/org-profile/service-list','master_services',12,'',0,'2021-02-14 04:39:30','2021-02-14 04:39:30'),(45,1,'admin','http://localhost:8080/org-profile/service-list','master_services',13,'',0,'2021-02-14 04:42:07','2021-02-14 04:42:07'),(46,1,'admin','http://localhost:8080/org-profile/service-list','master_services',14,'',0,'2021-02-14 04:42:23','2021-02-14 04:42:23'),(47,1,'admin','http://localhost:8080/org-profile/menu-list','master_menus',1,'',0,'2021-02-14 05:12:06','2021-02-14 05:12:06'),(48,1,'admin','http://localhost:8080/org-profile/menu-list','master_menus',2,'',0,'2021-02-14 05:15:03','2021-02-14 05:15:03'),(49,1,'admin','http://localhost:8080/org-profile/menu-list','master_menus',3,'',0,'2021-02-14 05:16:35','2021-02-14 05:16:35'),(50,1,'admin','http://localhost:8080/org-profile/menu-list','master_menus',4,'',0,'2021-02-14 05:17:55','2021-02-14 05:17:55'),(51,1,'admin','http://localhost:8080/org-profile/menu-list','master_menus',5,'',0,'2021-02-14 05:18:58','2021-02-14 05:18:58'),(52,1,'admin','http://localhost:8080/org-profile/menu-list','master_menus',6,'',0,'2021-02-14 05:20:27','2021-02-14 05:20:27'),(53,1,'admin','http://localhost:8080/org-profile/menu-list','master_menus',7,'',0,'2021-02-14 05:22:36','2021-02-14 05:22:36'),(54,1,'admin','http://localhost:8080/org-profile/menu-list','master_menus',8,'',0,'2021-02-14 05:24:20','2021-02-14 05:24:20'),(55,1,'admin','http://localhost:8080/org-profile/menu-list','master_menus',9,'',0,'2021-02-14 05:36:43','2021-02-14 05:36:43'),(56,1,'admin','http://localhost:8080/org-profile/menu-list','master_menus',10,'',0,'2021-02-14 05:37:44','2021-02-14 05:37:44'),(57,1,'admin','http://localhost:8080/org-profile/menu-list','master_menus',11,'',0,'2021-02-14 05:39:34','2021-02-14 05:39:34'),(58,1,'admin','http://localhost:8080/org-profile/menu-list','master_menus',12,'',0,'2021-02-14 05:40:54','2021-02-14 05:40:54'),(59,1,'admin','http://localhost:8080/org-profile/menu-list','master_menus',13,'',0,'2021-02-14 05:41:44','2021-02-14 05:41:44'),(60,1,'admin','http://localhost:8080/org-profile/menu-list','master_menus',14,'',0,'2021-02-14 05:42:31','2021-02-14 05:42:31'),(61,1,'admin','http://localhost:8080/org-profile/menu-list','master_menus',15,'',0,'2021-02-14 05:44:15','2021-02-14 05:44:15'),(62,1,'admin','http://localhost:8080/org-profile/menu-list','master_menus',16,'',0,'2021-02-14 05:48:30','2021-02-14 05:48:30'),(63,1,'admin','http://localhost:8080/org-profile/menu-list','master_menus',17,'',0,'2021-02-14 05:49:30','2021-02-14 05:49:30'),(64,1,'admin','http://localhost:8080/org-profile/menu-list','master_menus',18,'',0,'2021-02-14 05:51:27','2021-02-14 05:51:27'),(65,1,'admin','http://localhost:8080/org-profile/menu-list','master_menus',19,'',0,'2021-02-14 05:52:45','2021-02-14 05:52:45'),(66,1,'admin','http://localhost:8080/org-profile/menu-list','master_menus',20,'',0,'2021-02-14 05:53:58','2021-02-14 05:53:58'),(67,1,'admin','http://localhost:8080/org-profile/menu-list','master_menus',21,'',0,'2021-02-14 06:08:34','2021-02-14 06:08:34'),(68,1,'admin','http://localhost:8080/org-profile/menu-list','master_menus',22,'',0,'2021-02-14 06:10:00','2021-02-14 06:10:00'),(69,1,'admin','http://localhost:8080/org-profile/menu-list','master_menus',23,'',0,'2021-02-14 06:10:58','2021-02-14 06:10:58'),(70,1,'admin','http://localhost:8080/org-profile/menu-list','master_menus',24,'',0,'2021-02-14 06:22:51','2021-02-14 06:22:51'),(71,1,'admin','http://localhost:8080/org-profile/menu-list','master_menus',25,'',0,'2021-02-14 06:24:47','2021-02-14 06:24:47'),(72,1,'admin','http://localhost:8080/org-profile/menu-list','master_menus',26,'',0,'2021-02-14 06:25:55','2021-02-14 06:25:55'),(73,1,'admin','http://localhost:8080/org-profile/menu-list','master_menus',27,'',0,'2021-02-14 06:28:10','2021-02-14 06:28:10'),(74,1,'admin','http://localhost:8080/org-profile/menu-list','master_menus',28,'',0,'2021-02-14 06:32:38','2021-02-14 06:32:38'),(75,1,'admin','http://localhost:8080/org-profile/menu-list','master_menus',29,'',0,'2021-02-14 06:33:59','2021-02-14 06:33:59'),(76,1,'admin','http://localhost:8080/org-profile/menu-list','master_menus',30,'',0,'2021-02-14 06:35:23','2021-02-14 06:35:23'),(77,1,'admin','http://localhost:8080/org-profile/menu-list','master_menus',31,'',0,'2021-02-14 06:36:24','2021-02-14 06:36:24'),(78,1,'admin','http://localhost:8080/org-profile/menu-list','master_menus',32,'',0,'2021-02-14 22:08:43','2021-02-14 22:08:43'),(79,1,'admin','http://localhost:8080/org-profile/menu-list','master_menus',33,'',0,'2021-02-14 22:09:47','2021-02-14 22:09:47'),(80,1,'admin','http://localhost:8080/org-profile/menu-list','master_menus',34,'',0,'2021-02-14 22:10:55','2021-02-14 22:10:55'),(81,1,'admin','http://localhost:8080/org-profile/menu-list','master_menus',35,'',0,'2021-02-14 22:12:06','2021-02-14 22:12:06'),(82,1,'admin','http://localhost:8080/org-profile/menu-list','master_menus',36,'',0,'2021-02-14 22:18:37','2021-02-14 22:18:37'),(83,1,'admin','http://localhost:8080/org-profile/menu-list','master_menus',37,'',0,'2021-02-14 22:23:39','2021-02-14 22:23:39'),(84,1,'admin','http://localhost:8080/org-profile/menu-list','master_menus',38,'',0,'2021-02-14 22:25:58','2021-02-14 22:25:58'),(85,1,'admin','http://localhost:8080/org-profile/menu-list','master_menus',39,'',0,'2021-02-14 22:28:48','2021-02-14 22:28:48'),(86,1,'admin','http://localhost:8080/org-profile/menu-list','master_menus',40,'',0,'2021-02-14 22:30:20','2021-02-14 22:30:20'),(87,1,'admin','http://localhost:8080/org-profile/menu-list','master_menus',41,'',0,'2021-02-14 22:32:33','2021-02-14 22:32:33'),(88,1,'admin','http://localhost:8080/org-profile/menu-list','master_menus',42,'',0,'2021-02-14 22:45:52','2021-02-14 22:45:52'),(89,1,'admin','http://localhost:8080/org-profile/menu-list','master_menus',43,'',0,'2021-02-14 22:48:23','2021-02-14 22:48:23'),(90,1,'admin','http://localhost:8080/org-profile/menu-list','master_menus',44,'',0,'2021-02-14 22:49:42','2021-02-14 22:49:42'),(91,1,'admin','http://localhost:8080/org-profile/menu-list','master_menus',45,'',0,'2021-02-14 22:50:56','2021-02-14 22:50:56'),(92,1,'admin','http://localhost:8080/org-profile/menu-list','master_menus',46,'',0,'2021-02-14 22:52:38','2021-02-14 22:52:38'),(93,1,'admin','http://localhost:8080/org-profile/menu-list','master_menus',47,'',0,'2021-02-14 22:56:15','2021-02-14 22:56:15'),(94,1,'admin','http://localhost:8080/org-profile/menu-list','master_menus',48,'',0,'2021-02-14 22:57:14','2021-02-14 22:57:14'),(95,1,'admin','http://localhost:8080/org-profile/menu-list','master_menus',49,'',0,'2021-02-14 23:00:34','2021-02-14 23:00:34'),(96,1,'admin','http://localhost:8080/org-profile/menu-list','master_menus',49,'',1,'2021-02-14 23:00:51','2021-02-14 23:00:51'),(97,1,'admin','http://localhost:8080/org-profile/menu-list','master_menus',50,'',0,'2021-02-14 23:03:34','2021-02-14 23:03:34'),(98,1,'admin','http://localhost:8080/org-profile/menu-list','master_menus',51,'',0,'2021-02-14 23:06:08','2021-02-14 23:06:08'),(99,1,'admin','http://localhost:8080/org-profile/menu-list','master_menus',52,'',0,'2021-02-14 23:07:26','2021-02-14 23:07:26'),(100,1,'admin','http://localhost:8080/org-profile/menu-list','master_menus',53,'',0,'2021-02-14 23:08:58','2021-02-14 23:08:58'),(101,1,'admin','http://localhost:8080/org-profile/menu-list','master_menus',54,'',0,'2021-02-14 23:10:58','2021-02-14 23:10:58'),(102,1,'admin','http://localhost:8080/org-profile/menu-list','master_menus',55,'',0,'2021-02-14 23:12:41','2021-02-14 23:12:41'),(103,1,'admin','http://localhost:8080/org-profile/menu-list','master_menus',56,'',0,'2021-02-14 23:18:53','2021-02-14 23:18:53'),(104,1,'admin','http://localhost:8080/org-profile/menu-list','master_menus',57,'',0,'2021-02-14 23:24:30','2021-02-14 23:24:30'),(105,1,'admin','http://localhost:8080/org-profile/menu-list','master_menus',57,'',1,'2021-02-14 23:24:47','2021-02-14 23:24:47'),(106,1,'admin','http://localhost:8080/org-profile/menu-list','master_menus',58,'',0,'2021-02-14 23:28:57','2021-02-14 23:28:57'),(107,1,'admin','http://localhost:8080/org-profile/menu-list','master_menus',59,'',0,'2021-02-14 23:31:22','2021-02-14 23:31:22'),(108,1,'admin','http://localhost:8080/org-profile/menu-list','master_menus',60,'',0,'2021-02-14 23:33:23','2021-02-14 23:33:23'),(109,1,'admin','http://localhost:8080/org-profile/menu-list','master_menus',61,'',0,'2021-02-14 23:40:11','2021-02-14 23:40:11'),(110,1,'admin','http://localhost:8080/org-profile/menu-list','master_menus',62,'',0,'2021-02-14 23:42:09','2021-02-14 23:42:09'),(111,1,'admin','http://localhost:8080/org-profile/menu-list','master_menus',63,'',0,'2021-02-14 23:44:31','2021-02-14 23:44:31'),(112,1,'admin','http://localhost:8080/org-profile/menu-list','master_menus',64,'',0,'2021-02-14 23:45:33','2021-02-14 23:45:33'),(113,1,'admin','http://localhost:8080/org-profile/menu-list','master_menus',65,'',0,'2021-02-14 23:48:19','2021-02-14 23:48:19'),(114,1,'admin','http://localhost:8080/org-profile/menu-list','master_menus',66,'',0,'2021-02-14 23:50:02','2021-02-14 23:50:02'),(115,1,'admin','http://localhost:8080/org-profile/menu-list','master_menus',67,'',0,'2021-02-14 23:51:35','2021-02-14 23:51:35'),(116,1,'admin','http://localhost:8080/org-profile/menu-list','master_menus',68,'',0,'2021-02-14 23:54:38','2021-02-14 23:54:38'),(117,1,'admin','http://localhost:8080/org-profile/menu-list','master_menus',69,'',0,'2021-02-14 23:57:05','2021-02-14 23:57:05'),(118,1,'admin','http://localhost:8080/org-profile/menu-list','master_menus',70,'',0,'2021-02-14 23:58:31','2021-02-14 23:58:31'),(119,1,'admin','http://localhost:8080/org-profile/menu-list','master_menus',71,'',0,'2021-02-14 23:59:38','2021-02-14 23:59:38'),(120,1,'admin','http://localhost:8080/org-profile/service-list','master_services',4,'',1,'2021-02-15 00:00:49','2021-02-15 00:00:49'),(121,1,'admin','http://localhost:8080/org-profile/menu-list','master_menus',72,'',0,'2021-02-15 00:12:21','2021-02-15 00:12:21'),(122,1,'admin','http://localhost:8080/org-profile/menu-list','master_menus',72,'',1,'2021-02-15 00:13:21','2021-02-15 00:13:21'),(123,1,'admin','http://localhost:8080/org-profile/menu-list','master_menus',69,'',1,'2021-02-15 00:13:35','2021-02-15 00:13:35'),(124,1,'admin','http://localhost:8080/org-profile/menu-list','master_menus',70,'',1,'2021-02-15 00:13:42','2021-02-15 00:13:42'),(125,1,'admin','http://localhost:8080/org-profile/menu-list','master_menus',71,'',1,'2021-02-15 00:13:48','2021-02-15 00:13:48'),(126,1,'admin','http://localhost:8080/org-profile/menu-list','master_menus',73,'',0,'2021-02-15 00:16:10','2021-02-15 00:16:10'),(127,1,'admin','http://localhost:8080/org-profile/menu-list','master_menus',74,'',0,'2021-02-15 00:21:27','2021-02-15 00:21:27'),(128,1,'admin','http://localhost:8080/org-profile/menu-list','master_menus',75,'',0,'2021-02-15 00:24:25','2021-02-15 00:24:25'),(129,1,'admin','http://localhost:8080/org-profile/menu-list','master_menus',76,'',0,'2021-02-15 00:26:39','2021-02-15 00:26:39'),(130,1,'admin','http://localhost:8080/org-profile/menu-list','master_menus',77,'',0,'2021-02-15 00:28:31','2021-02-15 00:28:31'),(131,1,'admin','http://localhost:8080/org-profile/menu-list','master_menus',78,'',0,'2021-02-15 00:30:07','2021-02-15 00:30:07'),(132,1,'admin','http://localhost:8080/org-profile/menu-list','master_menus',79,'',0,'2021-02-15 00:34:33','2021-02-15 00:34:33'),(133,1,'admin','http://localhost:8080/org-profile/menu-list','master_menus',80,'',0,'2021-02-15 00:37:38','2021-02-15 00:37:38'),(134,1,'admin','http://localhost:8080/org-profile/menu-list','master_menus',81,'',0,'2021-02-15 00:39:05','2021-02-15 00:39:05'),(135,1,'admin','http://localhost:8080/org-profile/menu-list','master_menus',82,'',0,'2021-02-15 00:41:26','2021-02-15 00:41:26'),(136,1,'admin','http://localhost:8080/org-profile/menu-list','master_menus',83,'',0,'2021-02-15 00:42:49','2021-02-15 00:42:49'),(137,1,'admin','http://localhost:8080/org-profile/menu-list','master_menus',84,'',0,'2021-02-15 01:01:33','2021-02-15 01:01:33'),(138,1,'admin','http://localhost:8080/org-profile/menu-list','master_menus',85,'',0,'2021-02-15 01:05:20','2021-02-15 01:05:20'),(139,1,'admin','http://localhost:8080/org-profile/menu-list','master_menus',86,'',0,'2021-02-15 01:09:14','2021-02-15 01:09:14'),(140,1,'admin','http://localhost:8080/org-profile/menu-list','master_menus',87,'',0,'2021-02-15 01:11:43','2021-02-15 01:11:43'),(141,1,'admin','http://localhost:8080/org-profile/menu-list','master_menus',88,'',0,'2021-02-15 01:13:15','2021-02-15 01:13:15'),(142,1,'admin','http://localhost:8080/org-profile/menu-list','master_menus',89,'',0,'2021-02-15 01:14:21','2021-02-15 01:14:21'),(143,1,'admin','http://localhost:8080/org-profile/menu-list','master_menus',90,'',0,'2021-02-15 01:15:17','2021-02-15 01:15:17'),(144,1,'admin','http://localhost:8080/org-profile/menu-list','master_menus',91,'',0,'2021-02-15 01:19:19','2021-02-15 01:19:19'),(145,1,'admin','http://localhost:8080/org-profile/menu-list','master_menus',92,'',0,'2021-02-15 01:20:35','2021-02-15 01:20:35'),(146,1,'admin','http://localhost:8080/org-profile/menu-list','master_menus',93,'',0,'2021-02-15 01:22:40','2021-02-15 01:22:40'),(147,1,'admin','http://localhost:8080/org-profile/menu-list','master_menus',94,'',0,'2021-02-15 01:24:37','2021-02-15 01:24:37'),(148,1,'admin','http://localhost:8080/org-profile/menu-list','master_menus',95,'',0,'2021-02-15 01:27:53','2021-02-15 01:27:53'),(149,1,'admin','http://localhost:8080/org-profile/menu-list','master_menus',96,'',0,'2021-02-15 01:29:14','2021-02-15 01:29:14'),(150,1,'admin','http://localhost:8080/org-profile/menu-list','master_menus',97,'',0,'2021-02-15 01:30:04','2021-02-15 01:30:04'),(151,1,'admin','http://localhost:8080/org-profile/menu-list','master_menus',90,'',1,'2021-02-15 02:00:21','2021-02-15 02:00:21'),(152,1,'admin','http://localhost:8080/org-profile/menu-list','master_menus',97,'',1,'2021-02-15 02:02:36','2021-02-15 02:02:36'),(153,1,'admin','http://localhost:8080/org-profile/menu-list','master_menus',98,'',0,'2021-02-15 02:11:57','2021-02-15 02:11:57'),(154,1,'admin','http://localhost:8080/org-profile/menu-list','master_menus',99,'',0,'2021-02-15 02:13:37','2021-02-15 02:13:37'),(155,1,'admin','http://localhost:8080/org-profile/menu-list','master_menus',100,'',0,'2021-02-15 02:14:39','2021-02-15 02:14:39'),(156,1,'admin','http://localhost:8080/org-profile/menu-list','master_menus',101,'',0,'2021-02-15 02:16:03','2021-02-15 02:16:03'),(157,1,'admin','http://localhost:8080/org-profile/menu-list','master_menus',102,'',0,'2021-02-15 02:21:04','2021-02-15 02:21:04'),(158,1,'admin','http://localhost:8080/org-profile/menu-list','master_menus',103,'',0,'2021-02-15 02:25:20','2021-02-15 02:25:20'),(159,1,'admin','http://localhost:8080/org-profile/menu-list','master_menus',104,'',0,'2021-02-15 02:27:14','2021-02-15 02:27:14'),(160,1,'admin','http://localhost:8080/org-profile/menu-list','master_menus',105,'',0,'2021-02-15 02:29:44','2021-02-15 02:29:44'),(161,1,'admin','http://localhost:8080/org-profile/menu-list','master_menus',106,'',0,'2021-02-15 02:31:41','2021-02-15 02:31:41'),(162,1,'admin','http://localhost:8080/org-profile/menu-list','master_menus',107,'',0,'2021-02-15 02:52:24','2021-02-15 02:52:24'),(163,1,'admin','http://localhost:8080/org-profile/menu-list','master_menus',108,'',0,'2021-02-15 02:53:16','2021-02-15 02:53:16'),(164,1,'admin','http://localhost:8080/org-profile/menu-list','master_menus',109,'',0,'2021-02-15 02:54:21','2021-02-15 02:54:21'),(165,1,'admin','http://localhost:8080/org-profile/menu-list','master_menus',110,'',0,'2021-02-15 02:55:50','2021-02-15 02:55:50'),(166,1,'admin','http://localhost:8080/org-profile/menu-list','master_menus',111,'',0,'2021-02-15 02:57:24','2021-02-15 02:57:24'),(167,1,'admin','http://localhost:8080/org-profile/menu-list','master_menus',112,'',0,'2021-02-15 02:59:43','2021-02-15 02:59:43'),(168,1,'admin','http://localhost:8080/org-profile/menu-list','master_menus',113,'',0,'2021-02-15 03:00:44','2021-02-15 03:00:44'),(169,1,'admin','http://localhost:8080/org-profile/menu-list','master_menus',114,'',0,'2021-02-15 03:01:38','2021-02-15 03:01:38'),(170,1,'admin','http://localhost:8080/org-profile/menu-list','master_menus',115,'',0,'2021-02-15 03:03:38','2021-02-15 03:03:38'),(171,1,'admin','http://localhost:8080/org-profile/menu-list','master_menus',116,'',0,'2021-02-15 03:05:56','2021-02-15 03:05:56'),(172,1,'admin','http://localhost:8080/org-profile/menu-list','master_menus',117,'',0,'2021-02-15 03:07:10','2021-02-15 03:07:10'),(173,1,'admin','http://localhost:8080/org-profile/menu-list','master_menus',118,'',0,'2021-02-15 03:09:18','2021-02-15 03:09:18'),(174,1,'admin','http://localhost:8080/org-profile/menu-list','master_menus',118,'',1,'2021-02-15 03:09:33','2021-02-15 03:09:33'),(175,1,'admin','http://localhost:8080/org-profile/menu-list','master_menus',119,'',0,'2021-02-15 03:11:30','2021-02-15 03:11:30'),(176,1,'admin','http://localhost:8080/org-profile/menu-list','master_menus',120,'',0,'2021-02-15 03:12:48','2021-02-15 03:12:48'),(177,1,'admin','http://localhost:8080/org-profile/menu-list','master_menus',121,'',0,'2021-02-15 03:13:44','2021-02-15 03:13:44'),(178,1,'admin','http://localhost:8080/org-profile/menu-list','master_menus',122,'',0,'2021-02-15 03:15:16','2021-02-15 03:15:16'),(179,1,'admin','http://localhost:8080/org-profile/menu-list','master_menus',123,'',0,'2021-02-15 03:16:52','2021-02-15 03:16:52'),(180,1,'admin','http://localhost:8080/org-profile/menu-list','master_menus',124,'',0,'2021-02-15 03:22:15','2021-02-15 03:22:15'),(181,1,'admin','http://localhost:8080/org-profile/menu-list','master_menus',125,'',0,'2021-02-15 03:23:46','2021-02-15 03:23:46'),(182,1,'admin','http://localhost:8080/org-profile/menu-list','master_menus',126,'',0,'2021-02-15 03:24:46','2021-02-15 03:24:46'),(183,1,'admin','http://localhost:8080/org-profile/menu-list','master_menus',127,'',0,'2021-02-15 03:26:47','2021-02-15 03:26:47'),(184,1,'admin','http://localhost:8080/org-profile/menu-list','master_menus',128,'',0,'2021-02-15 03:29:50','2021-02-15 03:29:50'),(185,1,'admin','http://localhost:8080/org-profile/menu-list','master_menus',129,'',0,'2021-02-15 03:35:36','2021-02-15 03:35:36'),(186,1,'admin','http://localhost:8080/org-profile/menu-list','master_menus',130,'',0,'2021-02-15 03:37:10','2021-02-15 03:37:10'),(187,1,'admin','http://localhost:8080/org-profile/menu-list','master_menus',131,'',0,'2021-02-15 03:52:25','2021-02-15 03:52:25'),(188,1,'admin','http://localhost:8080/org-profile/menu-list','master_menus',132,'',0,'2021-02-15 03:54:29','2021-02-15 03:54:29'),(189,1,'admin','http://localhost:8080/org-profile/menu-list','master_menus',132,'',1,'2021-02-15 03:54:45','2021-02-15 03:54:45'),(190,1,'admin','http://localhost:8080/org-profile/menu-list','master_menus',133,'',0,'2021-02-15 03:57:11','2021-02-15 03:57:11'),(191,1,'admin','http://localhost:8080/org-profile/menu-list','master_menus',134,'',0,'2021-02-15 03:58:25','2021-02-15 03:58:25'),(192,1,'admin','http://localhost:8080/org-profile/menu-list','master_menus',135,'',0,'2021-02-15 04:00:13','2021-02-15 04:00:13'),(193,1,'admin','http://localhost:8080/org-profile/menu-list','master_menus',136,'',0,'2021-02-15 04:03:06','2021-02-15 04:03:06'),(194,1,'admin','http://localhost:8080/org-profile/menu-list','master_menus',137,'',0,'2021-02-15 04:04:41','2021-02-15 04:04:41'),(195,1,'admin','http://localhost:8080/org-profile/menu-list','master_menus',138,'',0,'2021-02-15 04:18:18','2021-02-15 04:18:18'),(196,1,'admin','http://localhost:8080/org-profile/menu-list','master_menus',139,'',0,'2021-02-15 04:20:05','2021-02-15 04:20:05'),(197,1,'admin','http://localhost:8080/org-profile/menu-list','master_menus',140,'',0,'2021-02-15 04:21:20','2021-02-15 04:21:20'),(198,1,'admin','http://localhost:8080/org-profile/menu-list','master_menus',141,'',0,'2021-02-15 04:23:53','2021-02-15 04:23:53'),(199,1,'admin','http://localhost:8080/org-profile/menu-list','master_menus',142,'',0,'2021-02-15 04:28:56','2021-02-15 04:28:56'),(200,1,'admin','http://localhost:8080/org-profile/menu-list','master_menus',143,'',0,'2021-02-15 04:32:33','2021-02-15 04:32:33'),(201,1,'admin','http://localhost:8080/org-profile/menu-list','master_menus',144,'',0,'2021-02-15 04:35:34','2021-02-15 04:35:34'),(202,1,'admin','http://localhost:8080/org-profile/menu-list','master_menus',145,'',0,'2021-02-15 04:36:49','2021-02-15 04:36:49'),(203,1,'admin','http://localhost:8080/org-profile/menu-list','master_menus',146,'',0,'2021-02-15 05:01:39','2021-02-15 05:01:39'),(204,1,'admin','http://localhost:8080/org-profile/menu-list','master_menus',147,'',0,'2021-02-15 05:02:40','2021-02-15 05:02:40'),(205,1,'admin','http://localhost:8080/org-profile/menu-list','master_menus',148,'',0,'2021-02-15 05:03:28','2021-02-15 05:03:28'),(206,1,'admin','http://localhost:8080/org-profile/menu-list','master_menus',147,'',1,'2021-02-15 05:04:34','2021-02-15 05:04:34'),(207,1,'admin','http://localhost:8080/org-profile/component-list','master_components',1,'',1,'2021-02-17 01:55:00','2021-02-17 01:55:00'),(208,1,'admin','http://localhost:8080/organogram/designation-list','master_designations',1,'',0,'2021-02-17 01:56:27','2021-02-17 01:56:27'),(209,1,'admin','http://localhost:8080/organogram/designation-list','master_designations',2,'',0,'2021-02-17 01:57:06','2021-02-17 01:57:06'),(210,1,'admin','http://localhost:8080/org-profile/office-type-list','master_office_types',1,'',0,'2021-02-17 02:03:19','2021-02-17 02:03:19'),(211,1,'admin','http://localhost:8080/org-profile/office-list','master_offices',1,'',0,'2021-02-17 02:03:51','2021-02-17 02:03:51'),(212,1,'admin','http://localhost:8080/org-profile/country-list','master_countries',2,'',0,'2021-02-17 05:43:06','2021-02-17 05:43:06'),(213,1,'admin','http://103.199.168.69/org-profile/component-list','master_components',9,'',1,'2021-02-23 02:39:08','2021-02-23 02:39:08'),(214,1,'admin','http://103.199.168.69/org-profile/bank-list','master_banks',1,'',0,'2021-02-23 06:24:34','2021-02-23 06:24:34'),(215,1,'admin','http://103.199.168.69/org-profile/bank-list','master_banks',2,'',0,'2021-02-23 06:25:27','2021-02-23 06:25:27'),(216,1,'admin','http://103.199.168.69/org-profile/menu-list','master_menus',115,'',1,'2021-02-23 11:55:40','2021-02-23 11:55:40'),(217,1,'admin','http://103.199.168.69/org-profile/branch-list','master_branchs',1,'',0,'2021-02-23 22:53:08','2021-02-23 22:53:08'),(218,1,'admin','http://103.199.168.69/org-profile/branch-list','master_branchs',2,'',0,'2021-02-23 23:02:41','2021-02-23 23:02:41'),(219,1,'admin','http://103.199.168.69/org-profile/office-type-list','master_office_types',2,'',0,'2021-02-24 02:28:27','2021-02-24 02:28:27'),(220,1,'admin','http://103.199.168.69/org-profile/office-list','master_offices',2,'',0,'2021-02-24 02:33:15','2021-02-24 02:33:15'),(221,1,'admin','http://103.199.168.69/organogram/designation-list','master_designations',3,'',0,'2021-02-24 03:16:36','2021-02-24 03:16:36'),(222,1,'admin','http://103.199.168.69/organogram/assign-designation-list','assign_designations',1,'',0,'2021-02-24 03:18:44','2021-02-24 03:18:44'),(223,1,'admin','http://103.199.168.69/org-profile/menu-list','master_menus',75,'',1,'2021-02-24 05:05:02','2021-02-24 05:05:02'),(224,1,'admin','http://103.199.168.69/org-profile/menu-list','master_menus',75,'',1,'2021-02-24 05:06:58','2021-02-24 05:06:58'),(225,1,'admin','http://localhost:8080/org-profile/menu-list','master_menus',75,'',1,'2021-02-24 11:22:37','2021-02-24 11:22:37'),(226,1,'admin','http://localhost:8080/org-profile/menu-list','master_menus',75,'',1,'2021-02-24 11:22:48','2021-02-24 11:22:48'),(227,1,'admin','http://localhost:8080/org-profile/menu-list','master_menus',149,'',0,'2021-02-24 23:59:06','2021-02-24 23:59:06'),(228,1,'admin','http://103.199.168.69/org-profile/menu-list','master_menus',150,'',0,'2021-03-01 05:24:59','2021-03-01 05:24:59'),(229,1,'admin','http://103.199.168.69/org-profile/menu-list','master_menus',151,'',0,'2021-03-01 05:52:55','2021-03-01 05:52:55'),(230,1,'admin','http://103.199.168.69/org-profile/menu-list','master_menus',152,'',0,'2021-03-01 06:26:14','2021-03-01 06:26:14'),(231,1,'admin','http://localhost:8081/org-profile/division-list','master_divisions',9,'',0,'2021-03-01 23:03:00','2021-03-01 23:03:00'),(232,1,'admin','http://localhost:8080/org-profile/division-list','master_divisions',10,'',0,'2021-03-01 23:03:31','2021-03-01 23:03:31'),(233,1,'admin','http://localhost:8081/org-profile/office-list','master_offices',1,'',1,'2021-03-01 23:03:37','2021-03-01 23:03:37'),(234,1,'admin','http://localhost:8080/org-profile/district-list','master_districts',65,'',0,'2021-03-01 23:04:09','2021-03-01 23:04:09'),(235,1,'admin','http://localhost:8080/org-profile/union-list','master_unions',4541,'',0,'2021-03-01 23:05:28','2021-03-01 23:05:28'),(236,1,'admin','http://localhost:8080/org-profile/office-type-list','master_office_types',3,'',0,'2021-03-01 23:06:06','2021-03-01 23:06:06'),(237,1,'admin','http://localhost:8080/org-profile/office-list','master_offices',3,'',0,'2021-03-01 23:07:05','2021-03-01 23:07:05'),(238,1,'admin','http://localhost:8080/org-profile/bank-list','master_banks',3,'',0,'2021-03-01 23:08:00','2021-03-01 23:08:00'),(239,1,'admin','http://localhost:8080/org-profile/branch-list','master_branchs',3,'',0,'2021-03-01 23:09:05','2021-03-01 23:09:05'),(240,1,'admin','http://localhost:8080/org-profile/menu-list','master_menus',153,'',0,'2021-03-01 23:48:35','2021-03-01 23:48:35'),(241,1,'admin','http://localhost:8080/org-profile/menu-list','master_menus',153,'',2,'2021-03-01 23:48:40','2021-03-01 23:48:40'),(242,1,'admin','http://localhost:8080/org-profile/menu-list','master_menus',153,'',2,'2021-03-01 23:56:45','2021-03-01 23:56:45'),(243,1,'admin','http://localhost:8080/org-profile/menu-list','master_menus',154,'',0,'2021-03-02 00:06:19','2021-03-02 00:06:19'),(244,1,'admin','http://localhost:8080/org-profile/office-type-list','master_office_types',4,'',0,'2021-03-02 01:41:08','2021-03-02 01:41:08'),(245,1,'admin','http://localhost:8080/org-profile/office-list','master_offices',4,'',0,'2021-03-02 01:42:29','2021-03-02 01:42:29'),(246,1,'admin','http://localhost:8080/org-profile/module-list','master_modules',22,'',0,'2021-03-02 02:13:19','2021-03-02 02:13:19'),(247,1,'admin','http://localhost:8080/organogram/designation-list','master_designations',4,'',0,'2021-03-02 02:15:21','2021-03-02 02:15:21'),(248,1,'admin','http://localhost:8080/organogram/assign-designation-list','assign_designations',2,'',0,'2021-03-02 02:15:47','2021-03-02 02:15:47'),(249,1,'admin','http://localhost:8080/org-profile/menu-list','master_menus',155,'',0,'2021-03-02 02:33:09','2021-03-02 02:33:09'),(250,1,'admin','http://localhost:8080/org-profile/menu-list','master_menus',156,'',0,'2021-03-02 02:59:52','2021-03-02 02:59:52'),(251,1,'admin','http://localhost:8080/org-profile/menu-list','master_menus',157,'',0,'2021-03-02 03:04:26','2021-03-02 03:04:26'),(252,1,'admin','http://localhost:8080/org-profile/menu-list','master_menus',58,'',1,'2021-03-02 04:15:05','2021-03-02 04:15:05'),(253,1,'abir@gmail.com','test','master_eligibility_types',1,'',0,'2021-03-02 04:17:24','2021-03-02 04:17:24'),(254,1,'abir@gmail.com','test','master_eligibility_types',1,'',1,'2021-03-02 04:19:16','2021-03-02 04:19:16'),(255,1,'abir@gmail.com','test','master_eligibility_types',1,'',2,'2021-03-02 04:19:50','2021-03-02 04:19:50'),(256,1,'abir@gmail.com','test','master_eligibility_types',1,'',2,'2021-03-02 04:20:01','2021-03-02 04:20:01'),(257,1,'abir@gmail.com','test','master_eligibility_types',2,'',0,'2021-03-02 04:20:08','2021-03-02 04:20:08'),(258,1,'admin','http://localhost:8080/org-profile/module-list','master_modules',12,'',1,'2021-03-02 04:22:48','2021-03-02 04:22:48'),(259,1,'admin','http://localhost:8080/common-service/info-service-management/service-eligibility-type#','master_eligibility_types',3,'',0,'2021-03-02 04:23:36','2021-03-02 04:23:36'),(260,1,'admin','http://localhost:8080/org-profile/module-list','master_modules',12,'',1,'2021-03-02 04:24:43','2021-03-02 04:24:43'),(261,1,'admin','http://localhost:8080/common-service/info-service-management/service-eligibility-type#','master_eligibility_types',2,'',2,'2021-03-02 04:26:10','2021-03-02 04:26:10'),(262,1,'admin','http://localhost:8080/common-service/info-service-management/service-eligibility-type#','master_eligibility_types',2,'',1,'2021-03-02 04:26:35','2021-03-02 04:26:35'),(263,1,'admin','http://localhost:8080/common-service/info-service-management/service-eligibility-type#','master_eligibility_types',4,'',0,'2021-03-02 04:29:14','2021-03-02 04:29:14'),(264,1,'admin','http://localhost:8080/common-service/info-service-management/service-eligibility-type#','master_eligibility_types',5,'',0,'2021-03-02 04:31:05','2021-03-02 04:31:05'),(265,1,'admin','http://localhost:8080/common-service/info-service-management/service-eligibility-type#','master_eligibility_types',6,'',0,'2021-03-02 04:31:58','2021-03-02 04:31:58'),(266,1,'abir@gmail.com','test','master_eligibility_types',14,'',0,'2021-03-02 04:37:26','2021-03-02 04:37:26'),(267,1,'admin','http://localhost:8080/org-profile/component-list','master_components',7,'',1,'2021-03-02 04:50:49','2021-03-02 04:50:49'),(268,1,'admin','http://localhost:8080/org-profile/office-list','master_offices',3,'',1,'2021-03-02 05:10:59','2021-03-02 05:10:59'),(269,1,'admin','http://localhost:8080/organogram/assign-designation-list','assign_designations',1,'',1,'2021-03-02 05:11:32','2021-03-02 05:11:32'),(270,1,'admin','http://localhost:8080/organogram/assign-designation-list','assign_designations',2,'',1,'2021-03-02 05:11:36','2021-03-02 05:11:36'),(271,1,'admin','http://localhost:8080/org-profile/module-list','master_modules',23,'',0,'2021-03-02 05:17:12','2021-03-02 05:17:12'),(272,1,'admin','http://localhost:8080/org-profile/module-list','master_modules',23,'',1,'2021-03-02 05:18:05','2021-03-02 05:18:05'),(273,1,'admin','http://localhost:8080/org-profile/menu-list','master_menus',158,'',0,'2021-03-02 05:21:05','2021-03-02 05:21:05'),(274,1,'admin','http://localhost:8080/org-profile/module-list','master_modules',23,'',1,'2021-03-02 05:21:58','2021-03-02 05:21:58'),(275,1,'admin','http://localhost:8080/org-profile/menu-list','master_menus',158,'',1,'2021-03-02 05:22:55','2021-03-02 05:22:55'),(276,1,'admin','http://localhost:8080/org-profile/module-list','master_modules',23,'',1,'2021-03-02 05:24:57','2021-03-02 05:24:57'),(277,1,'admin','http://localhost:8080/org-profile/menu-list','master_menus',158,'',2,'2021-03-02 05:27:48','2021-03-02 05:27:48'),(278,1,'admin','http://localhost:8080/org-profile/menu-list','master_menus',158,'',2,'2021-03-02 05:27:56','2021-03-02 05:27:56'),(279,1,'admin','http://localhost:8080/org-profile/menu-list','master_menus',158,'',1,'2021-03-02 05:28:43','2021-03-02 05:28:43'),(280,1,'admin','http://localhost:8080/org-profile/menu-list','master_menus',75,'',1,'2021-03-02 05:50:11','2021-03-02 05:50:11'),(281,1,'admin','http://localhost:8080/org-profile/menu-list','master_menus',159,'',0,'2021-03-02 06:49:28','2021-03-02 06:49:28'),(282,1,'admin','http://localhost:8080/org-profile/menu-list','master_menus',160,'',0,'2021-03-02 22:48:14','2021-03-02 22:48:14'),(283,1,'admin','http://localhost:8080/organogram/designation-list','master_designations',5,'',0,'2021-03-02 23:00:43','2021-03-02 23:00:43'),(284,1,'abir@gmail.com','test','master_contents',3,'',0,'2021-03-02 23:31:32','2021-03-02 23:31:32'),(285,1,'abir@gmail.com','test','master_contents',3,'',1,'2021-03-02 23:35:38','2021-03-02 23:35:38'),(286,1,'abir@gmail.com','test','master_contents',3,'',2,'2021-03-02 23:36:38','2021-03-02 23:36:38'),(287,1,'abir@gmail.com','test','master_contents',3,'',2,'2021-03-02 23:36:52','2021-03-02 23:36:52'),(288,1,'abir@gmail.com','test','master_contents',3,'',2,'2021-03-02 23:36:56','2021-03-02 23:36:56'),(289,1,'abir@gmail.com','test','master_contents',3,'',2,'2021-03-02 23:37:05','2021-03-02 23:37:05'),(290,1,'abir@gmail.com','test','master_contents',3,'',2,'2021-03-02 23:38:49','2021-03-02 23:38:49'),(291,1,'abir@gmail.com','test','master_contents',4,'',0,'2021-03-02 23:39:24','2021-03-02 23:39:24'),(292,1,'abir@gmail.com','test','master_contents',4,'',1,'2021-03-02 23:39:33','2021-03-02 23:39:33'),(293,1,'abir@gmail.com','test','master_faqs',1,'',0,'2021-03-02 23:43:21','2021-03-02 23:43:21'),(294,1,'abir@gmail.com','test','master_faqs',1,'',1,'2021-03-02 23:44:09','2021-03-02 23:44:09'),(295,1,'abir@gmail.com','test','master_faqs',1,'',2,'2021-03-02 23:44:34','2021-03-02 23:44:34'),(296,1,'abir@gmail.com','test','master_faqs',1,'',2,'2021-03-02 23:44:47','2021-03-02 23:44:47'),(297,1,'abir@gmail.com','test','master_faqs',2,'',0,'2021-03-03 00:11:45','2021-03-03 00:11:45'),(298,1,'admin','http://localhost:8080/common-service/info-service-management/content-entry','master_contents',5,'',0,'2021-03-03 00:17:52','2021-03-03 00:17:52'),(299,1,'admin','http://localhost:8080/common-service/info-service-management/content-entry','master_contents',6,'',0,'2021-03-03 00:19:08','2021-03-03 00:19:08'),(300,1,'admin','http://localhost:8080/common-service/info-service-management/content-entry','master_contents',7,'',0,'2021-03-03 00:22:05','2021-03-03 00:22:05'),(301,1,'admin','http://localhost:8080/common-service/info-service-management/content-entry','master_contents',8,'',0,'2021-03-03 00:22:40','2021-03-03 00:22:40'),(302,1,'abir@gmail.com','test','master_faqs',3,'',0,'2021-03-03 00:31:02','2021-03-03 00:31:02'),(303,1,'admin','http://localhost:8080/complain/complain-type-list','master_complain_types',1,'',0,'2021-03-03 01:04:07','2021-03-03 01:04:07'),(304,1,'admin','http://localhost:8080/complain/complain-type-list','master_complain_types',1,'',1,'2021-03-03 01:04:33','2021-03-03 01:04:33'),(305,1,'admin','http://localhost:8080/complain/complain-type-list','master_complain_types',1,'',1,'2021-03-03 01:04:46','2021-03-03 01:04:46'),(306,1,'admin','http://localhost:8080/complain/complain-type-list','master_complain_types',1,'',1,'2021-03-03 01:04:53','2021-03-03 01:04:53'),(307,1,'admin','http://localhost:8080/complain/complain-type-list','master_complain_types',1,'',2,'2021-03-03 01:04:59','2021-03-03 01:04:59'),(308,1,'admin','http://localhost:8080/complain/complain-type-list','master_complain_types',1,'',1,'2021-03-03 01:05:04','2021-03-03 01:05:04'),(309,1,'admin','http://localhost:8080/complain/complain-type-list','master_complain_types',1,'',1,'2021-03-03 01:05:10','2021-03-03 01:05:10'),(310,1,'admin','http://localhost:8080/complain/complain-type-list','master_complain_types',1,'',1,'2021-03-03 01:05:18','2021-03-03 01:05:18'),(311,1,'admin','http://localhost:8080/complain/complain-type-list','master_complain_types',1,'',2,'2021-03-03 01:05:23','2021-03-03 01:05:23'),(312,1,'admin','http://localhost:8080/org-profile/menu-list','master_menus',161,'',0,'2021-03-03 01:17:06','2021-03-03 01:17:06'),(313,1,'admin','http://localhost:8080/common-service/info-service-management/manage-faq','master_faqs',2,'',2,'2021-03-03 02:04:02','2021-03-03 02:04:02'),(314,1,'admin','http://localhost:8080/common-service/info-service-management/manage-faq','master_faqs',2,'',2,'2021-03-03 02:04:11','2021-03-03 02:04:11'),(315,1,'admin','http://localhost:8080/common-service/info-service-management/manage-faq','master_faqs',2,'',2,'2021-03-03 02:04:26','2021-03-03 02:04:26'),(316,1,'admin','http://localhost:8080/common-service/info-service-management/manage-faq','master_faqs',3,'',2,'2021-03-03 02:04:30','2021-03-03 02:04:30'),(317,1,'admin','http://localhost:8080/common-service/info-service-management/manage-faq','master_faqs',3,'',2,'2021-03-03 02:04:49','2021-03-03 02:04:49'),(318,1,'admin','http://localhost:8080/common-service/info-service-management/manage-faq','master_faqs',2,'',2,'2021-03-03 02:07:07','2021-03-03 02:07:07'),(319,1,'admin','http://localhost:8080/common-service/info-service-management/manage-faq','master_faqs',3,'',2,'2021-03-03 02:07:10','2021-03-03 02:07:10'),(320,1,'admin','http://localhost:8080/common-service/info-service-management/manage-faq','master_faqs',3,'',2,'2021-03-03 02:07:26','2021-03-03 02:07:26'),(321,1,'admin','http://localhost:8080/common-service/info-service-management/manage-faq','master_faqs',3,'',2,'2021-03-03 02:07:55','2021-03-03 02:07:55'),(322,1,'admin','http://localhost:8080/common-service/info-service-management/manage-faq','master_faqs',3,'',2,'2021-03-03 02:08:04','2021-03-03 02:08:04'),(323,1,'admin','http://localhost:8080/common-service/info-service-management/manage-faq','master_faqs',3,'',2,'2021-03-03 02:08:09','2021-03-03 02:08:09'),(324,1,'admin','http://localhost:8080/common-service/info-service-management/manage-faq','master_faqs',3,'',2,'2021-03-03 02:08:11','2021-03-03 02:08:11'),(325,1,'admin','http://localhost:8080/common-service/info-service-management/content-entry#','master_contents',7,'',2,'2021-03-03 02:15:56','2021-03-03 02:15:56'),(326,1,'admin','http://localhost:8080/common-service/info-service-management/content-entry#','master_contents',7,'',2,'2021-03-03 02:16:02','2021-03-03 02:16:02'),(327,1,'admin','http://localhost:8080/common-service/info-service-management/content-entry#','master_contents',8,'',2,'2021-03-03 02:16:11','2021-03-03 02:16:11'),(328,1,'admin','http://localhost:8080/common-service/info-service-management/content-entry#','master_contents',8,'',2,'2021-03-03 02:16:41','2021-03-03 02:16:41'),(329,1,'admin','http://localhost:8080/common-service/info-service-management/content-entry#','master_contents',7,'',2,'2021-03-03 02:17:01','2021-03-03 02:17:01'),(330,1,'admin','http://localhost:8080/complain/complain-designation-list','master_complain_designations',1,'',0,'2021-03-03 02:45:33','2021-03-03 02:45:33'),(331,1,'admin','http://localhost:8080/complain/complain-designation-list','master_complain_designations',2,'',0,'2021-03-03 02:46:17','2021-03-03 02:46:17'),(332,1,'admin','http://localhost:8080/complain/complain-designation-list','master_complain_designations',1,'',1,'2021-03-03 02:46:59','2021-03-03 02:46:59'),(333,1,'admin','http://localhost:8080/complain/complain-designation-list','master_complain_designations',2,'',2,'2021-03-03 02:54:48','2021-03-03 02:54:48'),(334,1,'admin','http://localhost:8080/complain/complain-designation-list','master_complain_designations',2,'',2,'2021-03-03 02:54:52','2021-03-03 02:54:52'),(335,1,'admin','http://localhost:8080/org-profile/service-list','master_services',4,'',1,'2021-03-03 02:59:31','2021-03-03 02:59:31'),(336,1,'admin','http://localhost:8080/org-profile/service-list','master_services',4,'',1,'2021-03-03 02:59:51','2021-03-03 02:59:51'),(337,1,'admin','http://localhost:8080/org-profile/service-list','master_services',15,'',0,'2021-03-03 03:02:43','2021-03-03 03:02:43'),(338,1,'admin','http://localhost:8080/org-profile/service-list','master_services',15,'',1,'2021-03-03 03:03:05','2021-03-03 03:03:05'),(339,1,'admin','http://localhost:8080/org-profile/menu-list','master_menus',103,'',1,'2021-03-03 03:04:56','2021-03-03 03:04:56'),(340,1,'admin','http://localhost:8080/complain/submit-complain-list','com_complain_infos',1,'',0,'2021-03-03 03:09:37','2021-03-03 03:09:37'),(341,1,'admin','http://localhost:8080/complain/submit-complain-list','com_complain_infos',1,'',1,'2021-03-03 03:10:21','2021-03-03 03:10:21'),(342,1,'admin','http://localhost:8080/complain/submit-complain-list','com_complain_infos',1,'',1,'2021-03-03 03:10:45','2021-03-03 03:10:45'),(343,1,'admin','http://localhost:8080/complain/submit-complain-list','com_complain_infos',1,'',1,'2021-03-03 03:11:05','2021-03-03 03:11:05'),(344,1,'admin','http://localhost:8080/complain/submit-complain-list','com_complain_infos',1,'',2,'2021-03-03 03:11:11','2021-03-03 03:11:11'),(345,1,'admin','http://localhost:8080/complain/submit-complain-list','com_complain_infos',1,'',2,'2021-03-03 03:11:17','2021-03-03 03:11:17'),(346,1,'admin','http://localhost:8080/complain/submit-complain-list','com_complain_infos',1,'',2,'2021-03-03 03:11:24','2021-03-03 03:11:24'),(347,1,'admin','http://localhost:8080/complain/submit-complain-list','com_complain_infos',1,'',2,'2021-03-03 03:11:29','2021-03-03 03:11:29'),(348,1,'admin','http://localhost:8080/org-profile/menu-list','master_menus',162,'',0,'2021-03-03 03:11:33','2021-03-03 03:11:33'),(349,1,'admin','http://localhost:8080/org-profile/menu-list','master_menus',163,'',0,'2021-03-03 03:13:47','2021-03-03 03:13:47'),(350,1,'admin','http://localhost:8080/complain/submit-complain-list','com_complain_infos',2,'',0,'2021-03-03 03:14:52','2021-03-03 03:14:52'),(351,1,'admin','http://localhost:8080/complain/submit-complain-list','com_complain_infos',2,'',1,'2021-03-03 03:22:48','2021-03-03 03:22:48'),(352,1,'admin','http://localhost:8080/org-profile/menu-list','master_menus',164,'',0,'2021-03-03 03:25:59','2021-03-03 03:25:59'),(353,1,'admin','http://localhost:8080/complain/complain-chain-list','master_complain_chains',1,'',0,'2021-03-03 03:26:06','2021-03-03 03:26:06'),(354,1,'admin','http://localhost:8080/complain/complain-chain-list','master_complain_chains',1,'',1,'2021-03-03 03:26:26','2021-03-03 03:26:26'),(355,1,'admin','http://localhost:8080/complain/complain-chain-list','master_complain_chains',2,'',0,'2021-03-03 03:26:57','2021-03-03 03:26:57'),(356,1,'admin','http://localhost:8080/complain/complain-chain-list','master_complain_chains',2,'',1,'2021-03-03 03:27:12','2021-03-03 03:27:12'),(357,1,'admin','http://localhost:8080/complain/complain-chain-list','master_complain_chains',2,'',1,'2021-03-03 03:27:29','2021-03-03 03:27:29'),(358,1,'admin','http://localhost:8080/complain/complain-chain-list','master_complain_chains',2,'',2,'2021-03-03 03:28:31','2021-03-03 03:28:31'),(359,1,'admin','http://localhost:8080/complain/complain-chain-list','master_complain_chains',2,'',2,'2021-03-03 03:28:34','2021-03-03 03:28:34'),(360,1,'admin','http://localhost:8080/org-profile/module-list','master_modules',24,'',0,'2021-03-03 09:34:20','2021-03-03 09:34:20'),(361,1,'admin','http://localhost:8080/org-profile/menu-list','master_menus',165,'',0,'2021-03-03 09:35:38','2021-03-03 09:35:38'),(362,1,'admin','http://localhost:8080/complain/complain-request-list','com_committees',2,'',0,'2021-03-03 03:43:49','2021-03-03 03:43:49'),(363,1,'admin','http://localhost:8080/complain/complain-request-list','com_complain_cycle',1,'',0,'2021-03-03 03:51:14','2021-03-03 03:51:14'),(364,1,'admin','http://localhost:8080/common-service/info-service-management/content-entry','master_contents',7,'',1,'2021-03-03 04:20:33','2021-03-03 04:20:33'),(365,1,'admin','http://localhost:8080/common-service/info-service-management/content-entry','master_contents',7,'',2,'2021-03-03 04:21:39','2021-03-03 04:21:39'),(366,1,'admin','http://localhost:8080/complain/complain-request-list','com_committees',4,'',0,'2021-03-03 04:28:56','2021-03-03 04:28:56'),(367,1,'admin','http://localhost:8080/complain/complain-request-list','com_committees',5,'',0,'2021-03-03 04:29:03','2021-03-03 04:29:03'),(368,1,'admin','http://localhost:8080/complain/complain-request-list','com_committees',7,'',0,'2021-03-03 04:29:09','2021-03-03 04:29:09'),(369,1,'admin','http://localhost:8080/complain/complain-request-list','com_committees',15,'',0,'2021-03-03 04:29:21','2021-03-03 04:29:21'),(370,1,'admin','http://localhost:8080/complain/complain-request-list','com_committees',16,'',0,'2021-03-03 04:29:37','2021-03-03 04:29:37'),(371,1,'admin','http://localhost:8080/complain/complain-request-list','com_committees',18,'',0,'2021-03-03 04:33:48','2021-03-03 04:33:48'),(372,1,'admin','http://localhost:8080/common-service/info-service-management/content-entry','master_contents',7,'',2,'2021-03-03 04:35:15','2021-03-03 04:35:15'),(373,1,'admin','http://localhost:8080/common-service/info-service-management/content-entry','master_contents',8,'',2,'2021-03-03 04:35:28','2021-03-03 04:35:28'),(374,1,'admin','http://localhost:8080/common-service/info-service-management/content-entry','master_contents',8,'',2,'2021-03-03 04:36:35','2021-03-03 04:36:35'),(375,1,'admin','http://localhost:8080/common-service/info-service-management/content-entry','master_contents',7,'',2,'2021-03-03 04:36:40','2021-03-03 04:36:40'),(376,1,'admin','http://localhost:8080/common-service/info-service-management/content-entry','master_contents',7,'',2,'2021-03-03 04:36:50','2021-03-03 04:36:50'),(377,1,'admin','http://localhost:8080/org-profile/division-list','master_divisions',1,'',2,'2021-03-03 04:37:06','2021-03-03 04:37:06'),(378,1,'admin','http://localhost:8080/org-profile/division-list','master_divisions',1,'',2,'2021-03-03 04:37:09','2021-03-03 04:37:09'),(379,1,'admin','http://localhost:8080/common-service/info-service-management/service-eligibility-type','master_eligibility_types',2,'',2,'2021-03-03 04:37:20','2021-03-03 04:37:20'),(380,1,'admin','http://localhost:8080/common-service/info-service-management/service-eligibility-type','master_eligibility_types',3,'',2,'2021-03-03 04:37:26','2021-03-03 04:37:26'),(381,1,'admin','http://localhost:8080/common-service/info-service-management/content-entry','master_contents',7,'',2,'2021-03-03 04:37:34','2021-03-03 04:37:34'),(382,1,'admin','http://localhost:8080/common-service/info-service-management/content-entry','master_contents',7,'',2,'2021-03-03 04:39:00','2021-03-03 04:39:00'),(383,1,'admin','http://localhost:8080/common-service/info-service-management/content-entry','master_contents',8,'',2,'2021-03-03 04:42:31','2021-03-03 04:42:31'),(384,1,'admin','http://localhost:8080/common-service/info-service-management/content-entry','master_contents',8,'',2,'2021-03-03 04:43:00','2021-03-03 04:43:00'),(385,1,'admin','http://localhost:8080/common-service/info-service-management/content-entry','master_contents',9,'',0,'2021-03-03 04:44:29','2021-03-03 04:44:29'),(386,1,'admin','http://localhost:8080/common-service/info-service-management/content-entry','master_contents',9,'',1,'2021-03-03 04:45:16','2021-03-03 04:45:16'),(387,1,'admin','http://localhost:8080/common-service/info-service-management/content-entry','master_contents',9,'',2,'2021-03-03 04:45:46','2021-03-03 04:45:46'),(388,1,'admin','http://localhost:8080/common-service/info-service-management/content-entry','master_contents',7,'',2,'2021-03-03 04:45:50','2021-03-03 04:45:50'),(389,1,'admin','http://localhost:8080/common-service/info-service-management/content-entry','master_contents',8,'',2,'2021-03-03 04:45:57','2021-03-03 04:45:57'),(390,1,'admin','http://localhost:8080/common-service/info-service-management/content-entry','master_contents',9,'',2,'2021-03-03 04:46:01','2021-03-03 04:46:01'),(391,1,'admin','http://localhost:8080/common-service/info-service-management/content-entry','master_contents',9,'',2,'2021-03-03 04:46:05','2021-03-03 04:46:05'),(392,1,'admin','http://localhost:8080/common-service/info-service-management/content-entry','master_contents',8,'',2,'2021-03-03 04:46:10','2021-03-03 04:46:10'),(393,1,'admin','http://localhost:8080/common-service/info-service-management/content-entry','master_contents',7,'',2,'2021-03-03 04:46:14','2021-03-03 04:46:14'),(394,1,'admin','http://localhost:8080/common-service/info-service-management/content-entry','master_contents',7,'',2,'2021-03-03 04:46:20','2021-03-03 04:46:20'),(395,1,'admin','http://localhost:8080/common-service/info-service-management/content-entry','master_contents',8,'',2,'2021-03-03 04:46:24','2021-03-03 04:46:24'),(396,1,'admin','http://localhost:8080/common-service/info-service-management/content-entry','master_contents',8,'',2,'2021-03-03 04:46:28','2021-03-03 04:46:28'),(397,1,'admin','http://localhost:8080/common-service/info-service-management/content-entry','master_contents',9,'',2,'2021-03-03 04:46:31','2021-03-03 04:46:31'),(398,1,'admin','http://localhost:8080/common-service/info-service-management/content-entry','master_contents',9,'',2,'2021-03-03 04:46:57','2021-03-03 04:46:57'),(399,1,'admin','http://localhost:8080/common-service/info-service-management/content-entry','master_contents',8,'',1,'2021-03-03 05:12:56','2021-03-03 05:12:56'),(400,1,'admin','http://localhost:8080/common-service/info-service-management/content-entry','master_contents',8,'',1,'2021-03-03 05:13:10','2021-03-03 05:13:10'),(401,1,'admin','http://localhost:8080/common-service/info-service-management/content-entry','master_contents',9,'',2,'2021-03-03 05:15:22','2021-03-03 05:15:22'),(402,1,'admin','http://localhost:8080/common-service/info-service-management/content-entry','master_contents',9,'',1,'2021-03-03 05:32:26','2021-03-03 05:32:26'),(403,1,'abir@gmail.com','test','master_faqs',4,'',0,'2021-03-03 05:40:50','2021-03-03 05:40:50'),(404,1,'abir@gmail.com','test','master_faqs',5,'',0,'2021-03-03 05:41:37','2021-03-03 05:41:37'),(405,1,'admin','http://localhost:8080/common-service/info-service-management/content-entry','master_contents',10,'',0,'2021-03-03 05:47:29','2021-03-03 05:47:29'),(406,1,'admin','http://localhost:8080/common-service/info-service-management/content-entry','master_contents',10,'',2,'2021-03-03 05:50:51','2021-03-03 05:50:51'),(407,1,'admin','http://localhost:8080/complain/complain-request-list','com_approve',1,'',0,'2021-03-03 05:51:12','2021-03-03 05:51:12'),(408,1,'admin','http://localhost:8080/complain/complain-request-list','com_approve',2,'',0,'2021-03-03 05:52:21','2021-03-03 05:52:21'),(409,1,'admin','http://localhost:8080/complain/complain-request-list','com_committee_reports',1,'',0,'2021-03-03 05:53:06','2021-03-03 05:53:06'),(410,1,'admin','http://localhost:8080/common-service/info-service-management/content-entry','master_contents',7,'',1,'2021-03-03 06:03:09','2021-03-03 06:03:09'),(411,1,'admin','http://localhost:8080/common-service/info-service-management/content-entry','master_contents',8,'',1,'2021-03-03 06:03:17','2021-03-03 06:03:17'),(412,1,'admin','http://localhost:8080/common-service/info-service-management/content-entry','master_contents',9,'',1,'2021-03-03 06:03:47','2021-03-03 06:03:47'),(413,1,'admin','http://localhost:8080/common-service/info-service-management/content-entry','master_contents',10,'',1,'2021-03-03 06:03:51','2021-03-03 06:03:51'),(414,1,'admin','http://localhost:8080/common-service/info-service-management/content-entry','master_contents',7,'',1,'2021-03-03 06:04:46','2021-03-03 06:04:46'),(415,1,'admin','http://localhost:8080/common-service/info-service-management/content-entry','master_contents',8,'',1,'2021-03-03 06:04:59','2021-03-03 06:04:59'),(416,1,'admin','http://localhost:8080/common-service/info-service-management/content-entry','master_contents',9,'',1,'2021-03-03 06:05:15','2021-03-03 06:05:15'),(417,1,'admin','http://localhost:8080/common-service/info-service-management/content-entry','master_contents',10,'',1,'2021-03-03 06:05:23','2021-03-03 06:05:23'),(418,1,'admin','http://localhost:8080/common-service/info-service-management/content-entry','master_contents',10,'',1,'2021-03-03 06:05:26','2021-03-03 06:05:26'),(419,1,'admin','http://localhost:8080/common-service/info-service-management/content-entry','master_contents',10,'',1,'2021-03-03 06:06:08','2021-03-03 06:06:08'),(420,1,'admin','http://localhost:8080/common-service/info-service-management/content-entry','master_contents',10,'',1,'2021-03-03 06:07:48','2021-03-03 06:07:48'),(421,1,'admin','http://localhost:8080/common-service/info-service-management/content-entry','master_contents',9,'',1,'2021-03-03 06:10:10','2021-03-03 06:10:10'),(422,1,'admin','http://localhost:8080/common-service/info-service-management/manage-faq','master_faqs',6,'',0,'2021-03-03 06:29:46','2021-03-03 06:29:46'),(423,1,'admin','http://localhost:8080/common-service/info-service-management/manage-faq','master_faqs',7,'',0,'2021-03-03 06:30:58','2021-03-03 06:30:58'),(424,1,'admin','http://localhost:8080/common-service/info-service-management/manage-faq','master_faqs',8,'',0,'2021-03-03 22:11:51','2021-03-03 22:11:51'),(425,1,'admin','http://localhost:8080/common-service/info-service-management/manage-faq#','master_faqs',9,'',0,'2021-03-03 22:27:29','2021-03-03 22:27:29'),(426,1,'admin','http://localhost:8080/common-service/info-service-management/manage-faq#','master_faqs',10,'',0,'2021-03-03 22:27:29','2021-03-03 22:27:29'),(427,1,'admin','http://localhost:8080/common-service/info-service-management/manage-faq#','master_faqs',9,'',2,'2021-03-03 22:27:46','2021-03-03 22:27:46'),(428,1,'admin','http://localhost:8080/common-service/info-service-management/manage-faq#','master_faqs',9,'',2,'2021-03-03 22:27:50','2021-03-03 22:27:50'),(429,1,'admin','http://localhost:8080/common-service/info-service-management/manage-faq#','master_faqs',10,'',2,'2021-03-03 22:28:18','2021-03-03 22:28:18'),(430,1,'admin','http://localhost:8080/common-service/info-service-management/manage-faq#','master_faqs',10,'',2,'2021-03-03 22:28:21','2021-03-03 22:28:21'),(431,1,'admin','http://localhost:8080/common-service/info-service-management/manage-faq#','master_faqs',8,'',2,'2021-03-03 22:28:27','2021-03-03 22:28:27'),(432,1,'admin','http://localhost:8080/common-service/info-service-management/manage-faq#','master_faqs',8,'',2,'2021-03-03 22:28:31','2021-03-03 22:28:31'),(433,1,'admin','http://localhost:8080/common-service/info-service-management/manage-faq#','master_faqs',6,'',2,'2021-03-03 22:28:35','2021-03-03 22:28:35'),(434,1,'admin','http://localhost:8080/common-service/info-service-management/manage-faq#','master_faqs',6,'',2,'2021-03-03 22:28:37','2021-03-03 22:28:37'),(435,1,'admin','http://localhost:8080/org-profile/office-list','master_offices',5,'',0,'2021-03-03 22:37:02','2021-03-03 22:37:02'),(436,1,'admin','http://localhost:8080/organogram/designation-list','master_designations',6,'',0,'2021-03-03 22:37:50','2021-03-03 22:37:50'),(437,1,'admin','http://localhost:8080/organogram/assign-designation-list','assign_designations',3,'',0,'2021-03-03 22:50:22','2021-03-03 22:50:22'),(438,1,'admin','http://localhost:8080/complain/complain-type-list','master_complain_types',1,'',1,'2021-03-03 22:57:47','2021-03-03 22:57:47'),(439,1,'admin','http://localhost:8080/complain/complain-type-list','master_complain_types',2,'',0,'2021-03-03 22:58:02','2021-03-03 22:58:02'),(440,1,'admin','http://localhost:8080/complain/complain-type-list','master_complain_types',2,'',1,'2021-03-03 22:58:31','2021-03-03 22:58:31'),(441,1,'admin','http://localhost:8080/complain/complain-designation-list','master_complain_designations',3,'',0,'2021-03-03 23:00:29','2021-03-03 23:00:29'),(442,1,'admin','http://localhost:8080/complain/complain-designation-list','master_complain_designations',4,'',0,'2021-03-03 23:01:11','2021-03-03 23:01:11'),(443,1,'admin','http://localhost:8080/complain/complain-designation-list','master_complain_designations',4,'',1,'2021-03-03 23:01:51','2021-03-03 23:01:51'),(444,1,'admin','http://localhost:8080/complain/complain-designation-list','master_complain_designations',5,'',0,'2021-03-03 23:02:10','2021-03-03 23:02:10'),(445,1,'admin','http://localhost:8080/complain/complain-designation-list','master_complain_designations',4,'',1,'2021-03-03 23:04:20','2021-03-03 23:04:20'),(446,1,'admin','http://localhost:8080/complain/complain-designation-list','master_complain_designations',4,'',1,'2021-03-03 23:04:31','2021-03-03 23:04:31'),(447,1,'admin','http://localhost:8080/organogram/designation-list','master_designations',7,'',0,'2021-03-03 23:05:37','2021-03-03 23:05:37'),(448,1,'admin','http://localhost:8080/complain/submit-complain-list','com_complain_infos',1,'',1,'2021-03-03 23:27:41','2021-03-03 23:27:41'),(449,1,'admin','http://localhost:8080/complain/submit-complain-list','com_complain_infos',1,'',1,'2021-03-03 23:28:02','2021-03-03 23:28:02'),(450,1,'admin','http://localhost:8080/complain/submit-complain-list','com_complain_infos',2,'',1,'2021-03-03 23:28:23','2021-03-03 23:28:23'),(451,1,'admin','http://localhost:8080/complain/submit-complain-list','com_complain_infos',2,'',2,'2021-03-03 23:28:37','2021-03-03 23:28:37'),(452,1,'admin','http://localhost:8080/complain/submit-complain-list','com_complain_infos',2,'',2,'2021-03-03 23:28:40','2021-03-03 23:28:40'),(453,1,'admin','http://localhost:8080/complain/submit-complain-list','com_complain_infos',2,'',2,'2021-03-03 23:28:46','2021-03-03 23:28:46'),(454,1,'admin','http://localhost:8080/complain/submit-complain-list','com_complain_infos',2,'',2,'2021-03-03 23:28:50','2021-03-03 23:28:50'),(455,1,'admin','http://localhost:8080/complain/submit-complain-list','com_complain_infos',2,'',2,'2021-03-03 23:28:55','2021-03-03 23:28:55'),(456,1,'admin','http://localhost:8080/complain/submit-complain-list','com_complain_infos',2,'',2,'2021-03-03 23:28:59','2021-03-03 23:28:59'),(457,1,'admin','http://localhost:8080/org-profile/office-type-list','master_office_types',5,'',0,'2021-03-03 23:33:43','2021-03-03 23:33:43'),(458,1,'admin','http://localhost:8080/org-profile/office-list','master_offices',6,'',0,'2021-03-03 23:34:40','2021-03-03 23:34:40'),(459,1,'admin','http://localhost:8080/org-profile/office-type-list','master_office_types',6,'',0,'2021-03-03 23:35:20','2021-03-03 23:35:20'),(460,1,'admin','http://localhost:8080/org-profile/office-list','master_offices',7,'',0,'2021-03-03 23:36:06','2021-03-03 23:36:06'),(461,1,'admin','http://localhost:8080/complain/submit-complain-list','com_complain_infos',2,'',2,'2021-03-03 23:49:24','2021-03-03 23:49:24'),(462,1,'admin','http://localhost:8080/complain/submit-complain-list','com_complain_infos',2,'',2,'2021-03-03 23:49:24','2021-03-03 23:49:24'),(463,1,'admin','http://localhost:8080/complain/submit-complain-list','com_complain_infos',2,'',2,'2021-03-03 23:49:31','2021-03-03 23:49:31'),(464,1,'admin','http://localhost:8080/complain/submit-complain-list','com_complain_infos',2,'',2,'2021-03-03 23:49:35','2021-03-03 23:49:35'),(465,1,'admin','http://localhost:8080/complain/submit-complain-list','com_complain_infos',2,'',2,'2021-03-03 23:49:42','2021-03-03 23:49:42'),(466,1,'admin','http://localhost:8080/complain/submit-complain-list','com_complain_infos',2,'',2,'2021-03-03 23:49:46','2021-03-03 23:49:46'),(467,1,'admin','http://localhost:8080/complain/submit-complain-list','com_complain_infos',2,'',2,'2021-03-03 23:49:52','2021-03-03 23:49:52'),(468,1,'admin','http://localhost:8080/complain/submit-complain-list','com_complain_infos',2,'',2,'2021-03-03 23:49:56','2021-03-03 23:49:56'),(469,1,'admin','http://localhost:8080/complain/submit-complain-list','com_complain_infos',2,'',2,'2021-03-03 23:50:03','2021-03-03 23:50:03'),(470,1,'admin','http://localhost:8080/complain/submit-complain-list','com_complain_infos',2,'',2,'2021-03-03 23:50:07','2021-03-03 23:50:07'),(471,1,'admin','http://localhost:8080/complain/submit-complain-list','com_complain_infos',2,'',2,'2021-03-03 23:50:11','2021-03-03 23:50:11'),(472,1,'admin','http://localhost:8080/org-profile/menu-list','master_menus',75,'',1,'2021-03-04 05:50:18','2021-03-04 05:50:18'),(473,1,'admin','http://localhost:8080/complain/submit-complain-list','com_complain_infos',3,'',0,'2021-03-03 23:54:32','2021-03-03 23:54:32'),(474,1,'admin','http://localhost:8080/complain/submit-complain-list','com_complain_infos',4,'',0,'2021-03-04 00:00:38','2021-03-04 00:00:38'),(475,1,'admin','http://localhost:8080/complain/submit-complain-list','com_complain_infos',5,'',0,'2021-03-04 00:02:13','2021-03-04 00:02:13'),(476,1,'admin','http://localhost:8080/org-profile/menu-list','master_menus',166,'',0,'2021-03-04 00:08:47','2021-03-04 00:08:47'),(477,1,'admin','http://localhost:8080/complain/submit-complain-list','com_complain_infos',6,'',0,'2021-03-04 00:12:25','2021-03-04 00:12:25'),(478,1,'admin','http://localhost:8080/complain/submit-complain-list','com_complain_infos',7,'',0,'2021-03-04 00:13:07','2021-03-04 00:13:07'),(479,1,'admin','http://localhost:8080/complain/submit-complain-list','com_complain_infos',6,'',2,'2021-03-04 00:13:44','2021-03-04 00:13:44'),(480,1,'admin','http://localhost:8080/complain/submit-complain-list','com_complain_infos',6,'',2,'2021-03-04 00:13:53','2021-03-04 00:13:53'),(481,1,'admin','http://localhost:8080/complain/submit-complain-list','com_complain_infos',5,'',1,'2021-03-04 00:14:31','2021-03-04 00:14:31'),(482,1,'admin','http://localhost:8080/complain/complain-chain-list','master_complain_chains',3,'',0,'2021-03-04 00:18:18','2021-03-04 00:18:18'),(483,1,'admin','http://localhost:8080/complain/complain-chain-list','master_complain_chains',1,'',1,'2021-03-04 00:21:19','2021-03-04 00:21:19'),(484,1,'admin','http://localhost:8080/complain/complain-chain-list','master_complain_chains',1,'',1,'2021-03-04 00:21:25','2021-03-04 00:21:25'),(485,1,'admin','http://localhost:8080/complain/complain-chain-list','master_complain_chains',1,'',2,'2021-03-04 00:22:53','2021-03-04 00:22:53'),(486,1,'admin','http://localhost:8080/complain/complain-chain-list','master_complain_chains',2,'',2,'2021-03-04 00:22:57','2021-03-04 00:22:57'),(487,1,'admin','http://localhost:8080/complain/complain-chain-list','master_complain_chains',1,'',2,'2021-03-04 00:23:01','2021-03-04 00:23:01'),(488,1,'admin','http://localhost:8080/complain/complain-chain-list','master_complain_chains',2,'',2,'2021-03-04 00:23:04','2021-03-04 00:23:04'),(489,1,'admin','http://localhost:8080/committee/create-committee-list','cmt_committees',1,'',0,'2021-03-04 00:29:27','2021-03-04 00:29:27'),(490,1,'admin','http://localhost:8080/committee/create-committee-list','cmt_committees',1,'',2,'2021-03-04 00:29:44','2021-03-04 00:29:44'),(491,1,'admin','http://localhost:8080/committee/create-committee-list','cmt_committees',1,'',2,'2021-03-04 00:29:47','2021-03-04 00:29:47'),(492,1,'admin','http://localhost:8080/committee/create-committee-list','cmt_committees',1,'',1,'2021-03-04 00:30:10','2021-03-04 00:30:10'),(493,1,'admin','http://localhost:8080/committee/create-committee-list','cmt_committees',1,'',1,'2021-03-04 00:30:24','2021-03-04 00:30:24'),(494,1,'admin','http://localhost:8080/committee/create-committee-list','cmt_committees',2,'',0,'2021-03-04 00:31:39','2021-03-04 00:31:39'),(495,1,'admin','http://localhost:8080/committee/manage-agenda-list','cmt_agenda',1,'',0,'2021-03-04 00:32:34','2021-03-04 00:32:34'),(496,1,'admin','http://localhost:8080/committee/generate-circulate-list','cmt_meeting_minutes',1,'',0,'2021-03-04 00:33:01','2021-03-04 00:33:01'),(497,1,'admin','http://localhost:8080/complain/complain-request-list','com_committees',19,'',0,'2021-03-04 00:34:13','2021-03-04 00:34:13'),(498,1,'admin','http://localhost:8080/complain/complain-request-list','com_committee_reports',2,'',0,'2021-03-04 00:35:18','2021-03-04 00:35:18'),(499,1,'admin','http://localhost:8080/complain/complain-request-list','com_committees',20,'',0,'2021-03-04 00:38:09','2021-03-04 00:38:09'),(500,1,'admin','http://localhost:8080/complain/complain-request-list','com_complain_cycle',2,'',0,'2021-03-04 00:46:19','2021-03-04 00:46:19'),(501,1,'admin','http://localhost:8080/complain/complain-request-list','com_reject',1,'',0,'2021-03-04 01:02:08','2021-03-04 01:02:08'),(502,1,'admin','http://localhost:8080/org-profile/menu-list','master_menus',167,'',0,'2021-03-04 01:14:05','2021-03-04 01:14:05'),(503,1,'admin','http://localhost:8080/org-profile/menu-list','master_menus',168,'',0,'2021-03-04 01:16:25','2021-03-04 01:16:25'),(504,1,'admin','http://localhost:8080/org-profile/menu-list','master_menus',167,'',1,'2021-03-04 01:21:46','2021-03-04 01:21:46'),(505,1,'admin','http://localhost:8080/org-profile/menu-list','master_menus',168,'',1,'2021-03-04 01:22:02','2021-03-04 01:22:02'),(506,1,'admin','http://localhost:8080/org-profile/menu-list','master_menus',169,'',0,'2021-03-04 01:46:04','2021-03-04 01:46:04'),(507,1,'admin','http://localhost:8080/organogram/designation-list','master_designations',8,'',0,'2021-03-04 02:01:17','2021-03-04 02:01:17'),(508,1,'admin','http://localhost:8080/org-profile/menu-list','master_menus',167,'',1,'2021-03-04 02:18:59','2021-03-04 02:18:59'),(509,1,'admin','http://localhost:8080/org-profile/menu-list','master_menus',168,'',1,'2021-03-04 02:19:51','2021-03-04 02:19:51'),(510,1,'admin','http://localhost:8080/org-profile/service-list','master_services',9,'',1,'2021-03-04 10:08:29','2021-03-04 10:08:29'),(511,1,'admin','http://localhost:8080/organogram/designation-list','master_designations',9,'',0,'2021-03-04 04:16:44','2021-03-04 04:16:44'),(512,1,'admin','http://localhost:8080/organogram/assign-designation-list','assign_designations',4,'',0,'2021-03-04 04:17:08','2021-03-04 04:17:08'),(513,1,'admin','http://localhost:8080/organogram/designation-list','master_designations',10,'',0,'2021-03-04 04:38:30','2021-03-04 04:38:30'),(514,1,'admin','http://localhost:8080/organogram/designation-list','master_designations',4,'',2,'2021-03-04 04:38:45','2021-03-04 04:38:45'),(515,1,'admin','http://localhost:8080/organogram/designation-list','master_designations',4,'',2,'2021-03-04 04:38:48','2021-03-04 04:38:48'),(516,1,'admin','http://localhost:8080/org-profile/office-type-list','master_office_types',7,'',0,'2021-03-04 05:26:45','2021-03-04 05:26:45'),(517,1,'admin','http://localhost:8080/org-profile/office-list','master_offices',8,'',0,'2021-03-04 05:28:13','2021-03-04 05:28:13'),(518,1,'admin','http://localhost:8080/organogram/designation-list','master_designations',11,'',0,'2021-03-04 05:38:34','2021-03-04 05:38:34'),(519,1,'admin','http://localhost:8080/organogram/assign-designation-list','assign_designations',5,'',0,'2021-03-04 05:39:11','2021-03-04 05:39:11'),(520,1,'admin','http://localhost:8080/org-profile/menu-list','master_menus',170,'',0,'2021-03-04 06:21:22','2021-03-04 06:21:22'),(521,1,'admin','http://localhost:8080/org-profile/menu-list','master_menus',171,'',0,'2021-03-04 06:23:06','2021-03-04 06:23:06'),(522,1,'admin','http://localhost:8080/org-profile/office-list','master_offices',7,'',1,'2021-03-05 22:31:20','2021-03-05 22:31:20'),(523,1,'admin','http://localhost:8080/organogram/designation-list','master_designations',12,'',0,'2021-03-05 22:45:40','2021-03-05 22:45:40'),(524,1,'admin','http://localhost:8080/org-profile/menu-list','master_menus',171,'',2,'2021-03-05 23:18:04','2021-03-05 23:18:04'),(525,1,'admin','http://localhost:8080/org-profile/office-type-list','master_office_types',8,'',0,'2021-03-05 23:27:55','2021-03-05 23:27:55'),(526,1,'admin','http://localhost:8080/org-profile/office-type-list','master_office_types',8,'',1,'2021-03-05 23:28:45','2021-03-05 23:28:45'),(527,1,'admin','http://localhost:8080/organogram/designation-list','master_designations',13,'',0,'2021-03-05 23:50:11','2021-03-05 23:50:11'),(528,1,'admin','http://localhost:8080/org-profile/office-type-list','master_office_types',1,'',1,'2021-03-05 23:52:33','2021-03-05 23:52:33'),(529,1,'admin','http://localhost:8080/org-profile/office-type-list','master_office_types',1,'',2,'2021-03-05 23:52:38','2021-03-05 23:52:38'),(530,1,'admin','http://localhost:8080/org-profile/office-type-list','master_office_types',1,'',2,'2021-03-05 23:52:42','2021-03-05 23:52:42'),(531,1,'admin','http://localhost:8080/org-profile/menu-list','master_menus',2,'',1,'2021-03-06 00:04:10','2021-03-06 00:04:10'),(532,1,'admin','http://localhost:8080/org-profile/menu-list','master_menus',2,'',1,'2021-03-06 00:04:16','2021-03-06 00:04:16'),(533,1,'admin','http://localhost:8080/org-profile/menu-list','master_menus',172,'',0,'2021-03-06 00:09:04','2021-03-06 00:09:04'),(534,1,'admin','http://localhost:8080/org-profile/office-type-list#','master_office_types',1,'',1,'2021-03-06 00:32:59','2021-03-06 00:32:59'),(535,1,'admin','http://localhost:8080/org-profile/office-type-list#','master_office_types',8,'',1,'2021-03-06 00:33:35','2021-03-06 00:33:35'),(536,1,'admin','http://localhost:8080/org-profile/office-type-list#','master_office_types',8,'',1,'2021-03-06 00:38:54','2021-03-06 00:38:54'),(537,1,'admin','http://localhost:8080/organogram/designation-list','master_designations',14,'',0,'2021-03-06 00:46:34','2021-03-06 00:46:34'),(538,1,'admin','http://localhost:8080/org-profile/office-list','master_offices',9,'',0,'2021-03-06 02:18:55','2021-03-06 02:18:55'),(539,1,'admin','http://localhost:8080/org-profile/office-list','master_offices',3,'',1,'2021-03-06 02:51:52','2021-03-06 02:51:52'),(540,1,'admin','http://localhost:8080/org-profile/office-type-list','master_office_types',1,'',1,'2021-03-06 03:09:25','2021-03-06 03:09:25'),(541,1,'admin','http://localhost:8080/org-profile/office-type-list','master_office_types',1,'',1,'2021-03-06 03:11:40','2021-03-06 03:11:40'),(542,65,'qatestuser','http://localhost:8080/committee/create-committee-list','cmt_committees',3,'',0,'2021-03-06 03:12:58','2021-03-06 03:12:58'),(543,1,'admin','http://localhost:8080/org-profile/office-list','master_offices',1,'',1,'2021-03-06 03:15:43','2021-03-06 03:15:43'),(544,1,'admin','http://localhost:8080/org-profile/office-list','master_offices',1,'',1,'2021-03-06 03:58:18','2021-03-06 03:58:18'),(545,1,'admin','http://localhost:8080/org-profile/office-list','master_offices',1,'',1,'2021-03-06 03:59:00','2021-03-06 03:59:00'),(546,1,'admin','http://localhost:8080/org-profile/office-list','master_offices',1,'',1,'2021-03-06 04:05:10','2021-03-06 04:05:10'),(547,1,'admin','http://localhost:8080/org-profile/office-list','master_offices',1,'',1,'2021-03-06 04:07:29','2021-03-06 04:07:29'),(548,1,'admin','http://localhost:8080/org-profile/office-type-list','master_office_types',1,'',1,'2021-03-06 04:29:50','2021-03-06 04:29:50'),(549,1,'admin','http://localhost:8080/org-profile/office-type-list','master_office_types',27,'',0,'2021-03-06 04:42:33','2021-03-06 04:42:33'),(550,1,'admin','http://localhost:8080/org-profile/office-type-list','master_office_types',42,'',0,'2021-03-06 04:55:48','2021-03-06 04:55:48'),(551,1,'admin','http://localhost:8080/org-profile/office-type-list','master_office_types',47,'',0,'2021-03-06 04:59:29','2021-03-06 04:59:29'),(552,1,'admin','http://localhost:8080/org-profile/office-type-list','master_office_types',48,'',0,'2021-03-06 05:01:10','2021-03-06 05:01:10'),(553,1,'admin','http://localhost:8080/org-profile/office-type-list','master_office_types',56,'',0,'2021-03-06 05:16:56','2021-03-06 05:16:56'),(554,1,'admin','http://localhost:8080/org-profile/office-type-list','master_office_types',57,'',0,'2021-03-06 06:46:40','2021-03-06 06:46:40'),(555,1,'admin','http://localhost:8080/org-profile/district-list','master_districts',1,'',1,'2021-03-06 22:23:58','2021-03-06 22:23:58'),(556,1,'admin','http://localhost:8080/complain/complain-type-list','master_complain_types',3,'',0,'2021-03-06 23:54:34','2021-03-06 23:54:34'),(557,1,'admin','http://localhost:8080/complain/complain-type-list','master_complain_types',4,'',0,'2021-03-06 23:55:30','2021-03-06 23:55:30'),(558,1,'admin','http://localhost:8080/complain/complain-type-list','master_complain_types',5,'',0,'2021-03-06 23:55:33','2021-03-06 23:55:33'),(559,1,'admin','http://localhost:8080/complain/complain-type-list','master_complain_types',6,'',0,'2021-03-06 23:55:36','2021-03-06 23:55:36'),(560,1,'admin','http://localhost:8080/complain/complain-type-list','master_complain_types',7,'',0,'2021-03-06 23:55:41','2021-03-06 23:55:41'),(561,1,'admin','http://localhost:8080/complain/complain-type-list','master_complain_types',8,'',0,'2021-03-06 23:55:44','2021-03-06 23:55:44'),(562,1,'admin','http://localhost:8080/complain/complain-type-list','master_complain_types',9,'',0,'2021-03-06 23:55:47','2021-03-06 23:55:47'),(563,1,'admin','http://localhost:8080/complain/complain-type-list','master_complain_types',10,'',0,'2021-03-06 23:55:49','2021-03-06 23:55:49'),(564,1,'admin','http://localhost:8080/complain/complain-type-list','master_complain_types',11,'',0,'2021-03-06 23:55:52','2021-03-06 23:55:52'),(565,1,'admin','http://localhost:8080/complain/complain-type-list','master_complain_types',12,'',0,'2021-03-06 23:55:55','2021-03-06 23:55:55'),(566,1,'admin','http://localhost:8080/complain/complain-type-list','master_complain_types',13,'',0,'2021-03-06 23:55:57','2021-03-06 23:55:57'),(567,1,'admin','http://localhost:8080/complain/complain-type-list','master_complain_types',1,'',2,'2021-03-06 23:57:24','2021-03-06 23:57:24'),(568,1,'admin','http://localhost:8080/complain/complain-type-list','master_complain_types',1,'',2,'2021-03-06 23:57:26','2021-03-06 23:57:26'),(569,1,'admin','http://localhost:8080/organogram/designation-list','master_designations',15,'',0,'2021-03-06 23:58:25','2021-03-06 23:58:25'),(570,1,'admin','http://localhost:8080/complain/complain-designation-list','master_complain_designations',6,'',0,'2021-03-06 23:58:46','2021-03-06 23:58:46'),(571,1,'admin','http://localhost:8080/org-profile/menu-list','master_menus',173,'',0,'2021-03-07 00:31:16','2021-03-07 00:31:16'),(572,1,'admin','http://localhost:8080/org-profile/district-list','master_districts',66,'',0,'2021-03-07 00:49:18','2021-03-07 00:49:18'),(573,1,'admin','http://localhost:8080/org-profile/district-list','master_districts',66,'',2,'2021-03-07 00:49:59','2021-03-07 00:49:59'),(574,1,'admin','http://localhost:8080/complain/complain-type-list','master_complain_types',13,'',1,'2021-03-07 00:55:51','2021-03-07 00:55:51'),(575,1,'admin','http://localhost:8080/complain/complain-type-list','master_complain_types',13,'',2,'2021-03-07 00:55:54','2021-03-07 00:55:54'),(576,1,'admin','http://localhost:8080/complain/complain-type-list','master_complain_types',13,'',1,'2021-03-07 00:55:58','2021-03-07 00:55:58'),(577,1,'admin','http://localhost:8080/complain/complain-type-list','master_complain_types',13,'',2,'2021-03-07 00:56:02','2021-03-07 00:56:02'),(578,1,'admin','http://localhost:8080/complain/complain-designation-list','master_complain_designations',1,'',1,'2021-03-07 00:58:43','2021-03-07 00:58:43'),(579,1,'admin','http://localhost:8080/complain/submit-complain-list','com_complain_infos',2,'',2,'2021-03-07 01:01:22','2021-03-07 01:01:22'),(580,1,'admin','http://localhost:8080/complain/submit-complain-list','com_complain_infos',2,'',2,'2021-03-07 01:01:25','2021-03-07 01:01:25'),(581,1,'admin','http://localhost:8080/complain/submit-complain-list','com_complain_infos',8,'',0,'2021-03-07 01:19:36','2021-03-07 01:19:36'),(582,1,'admin','http://localhost:8080/complain/submit-complain-list','com_complain_infos',8,'',1,'2021-03-07 01:19:58','2021-03-07 01:19:58'),(583,1,'admin','http://localhost:8080/org-profile/menu-list','master_menus',174,'',0,'2021-03-07 01:30:37','2021-03-07 01:30:37'),(584,1,'admin','http://localhost:8080/complain/complain-request-list','com_committees',21,'',0,'2021-03-07 02:33:53','2021-03-07 02:33:53'),(585,1,'admin','http://localhost:8080/complain/complain-request-list','com_committees',22,'',0,'2021-03-07 02:40:08','2021-03-07 02:40:08'),(586,1,'admin','http://localhost:8080/complain/complain-request-list','com_committees',23,'',0,'2021-03-07 02:41:50','2021-03-07 02:41:50'),(587,1,'admin','http://localhost:8080/complain/complain-request-list','com_committee_reports',3,'',0,'2021-03-07 02:44:10','2021-03-07 02:44:10'),(588,1,'admin','http://localhost:8080/complain/complain-request-list','com_committee_reports',4,'',0,'2021-03-07 02:44:53','2021-03-07 02:44:53'),(589,1,'admin','http://localhost:8080/complain/complain-request-list','com_approve',3,'',0,'2021-03-07 02:47:59','2021-03-07 02:47:59'),(590,1,'admin','http://localhost:8080/payment-management/service-entry-list','master_payment_services',1,'',0,'2021-03-07 03:19:24','2021-03-07 03:19:24'),(591,1,'admin','http://localhost:8080/complain/complain-request-list','com_committees',24,'',0,'2021-03-07 03:23:40','2021-03-07 03:23:40'),(592,1,'admin','http://localhost:8080/complain/complain-request-list','com_approve',4,'',0,'2021-03-07 03:26:04','2021-03-07 03:26:04'),(593,1,'admin','http://localhost:8080/complain/complain-request-list','com_approve',5,'',0,'2021-03-07 03:27:45','2021-03-07 03:27:45'),(594,1,'admin','http://localhost:8080/payment-management/service-entry-list','master_payment_services',2,'',0,'2021-03-07 03:30:34','2021-03-07 03:30:34'),(595,1,'admin','http://localhost:8080/payment-management/service-entry-list','master_payment_services',3,'',0,'2021-03-07 03:31:02','2021-03-07 03:31:02'),(603,1,'admin','http://localhost:8080/payment-management/service-entry-list','master_payment_services',1,'',2,'2021-03-07 03:37:21','2021-03-07 03:37:21'),(604,1,'admin','http://localhost:8080/payment-management/service-entry-list','master_payment_services',1,'',2,'2021-03-07 03:37:25','2021-03-07 03:37:25'),(605,1,'admin','http://localhost:8080/payment-management/service-entry-list','master_payment_services',1,'',2,'2021-03-07 03:37:46','2021-03-07 03:37:46'),(606,1,'admin','http://localhost:8080/payment-management/service-entry-list','master_payment_services',1,'',2,'2021-03-07 03:37:49','2021-03-07 03:37:49'),(607,1,'admin','http://localhost:8080/complain/complain-request-list','com_complain_cycle',3,'',0,'2021-03-07 03:39:12','2021-03-07 03:39:12'),(608,1,'admin','http://localhost:8080/payment-management/service-entry-list#','master_payment_services',1,'',1,'2021-03-07 03:40:39','2021-03-07 03:40:39'),(609,1,'admin','http://localhost:8080/payment-management/service-entry-list#','master_payment_services',1,'',1,'2021-03-07 03:40:58','2021-03-07 03:40:58'),(610,1,'admin','http://localhost:8080/complain/complain-request-list','com_committee_reports',5,'',0,'2021-03-07 03:49:39','2021-03-07 03:49:39'),(611,1,'admin','http://localhost:8080/organogram/designation-list','master_designations',16,'',0,'2021-03-07 03:54:57','2021-03-07 03:54:57'),(612,1,'admin','http://localhost:8080/document/document-category-list','master_document_categories',1,'',0,'2021-03-07 03:56:41','2021-03-07 03:56:41'),(613,1,'admin','http://localhost:8080/document/add-document-list','doc_doc_infos',1,'',0,'2021-03-07 03:57:10','2021-03-07 03:57:10'),(614,1,'admin','http://localhost:8080/document/add-document-list','doc_doc_infos',1,'',2,'2021-03-07 03:57:56','2021-03-07 03:57:56'),(615,1,'admin','http://localhost:8080/document/document-category-list','master_document_categories',2,'',0,'2021-03-07 04:00:57','2021-03-07 04:00:57'),(616,1,'admin','http://localhost:8080/document/document-category-list','master_document_categories',3,'',0,'2021-03-07 04:01:12','2021-03-07 04:01:12'),(617,1,'admin','http://localhost:8080/document/document-category-list','master_document_categories',4,'',0,'2021-03-07 04:01:15','2021-03-07 04:01:15'),(618,1,'admin','http://localhost:8080/document/document-category-list','master_document_categories',5,'',0,'2021-03-07 04:01:19','2021-03-07 04:01:19'),(619,1,'admin','http://localhost:8080/document/document-category-list','master_document_categories',6,'',0,'2021-03-07 04:01:22','2021-03-07 04:01:22'),(620,1,'admin','http://localhost:8080/document/document-category-list','master_document_categories',7,'',0,'2021-03-07 04:01:26','2021-03-07 04:01:26'),(621,1,'admin','http://localhost:8080/document/document-category-list','master_document_categories',8,'',0,'2021-03-07 04:01:32','2021-03-07 04:01:32'),(622,1,'admin','http://localhost:8080/document/document-category-list','master_document_categories',9,'',0,'2021-03-07 04:01:36','2021-03-07 04:01:36'),(623,1,'admin','http://localhost:8080/document/document-category-list','master_document_categories',10,'',0,'2021-03-07 04:01:39','2021-03-07 04:01:39'),(624,1,'admin','http://localhost:8080/document/document-category-list','master_document_categories',11,'',0,'2021-03-07 04:01:42','2021-03-07 04:01:42'),(625,1,'admin','http://localhost:8080/document/document-category-list','master_document_categories',12,'',0,'2021-03-07 04:01:45','2021-03-07 04:01:45'),(626,1,'admin','http://localhost:8080/document/document-category-list','master_document_categories',13,'',0,'2021-03-07 04:01:49','2021-03-07 04:01:49'),(627,1,'admin','http://localhost:8080/complain/complain-request-list','com_reject',2,'',0,'2021-03-07 04:02:17','2021-03-07 04:02:17'),(628,1,'admin','http://localhost:8080/document/document-category-list','master_document_categories',1,'',2,'2021-03-07 04:02:23','2021-03-07 04:02:23'),(629,1,'admin','http://localhost:8080/document/document-category-list','master_document_categories',1,'',2,'2021-03-07 04:02:40','2021-03-07 04:02:40'),(630,1,'admin','http://localhost:8080/document/document-category-list','master_document_categories',1,'',2,'2021-03-07 04:02:55','2021-03-07 04:02:55'),(631,1,'admin','http://localhost:8080/org-profile/division-list','master_divisions',1,'',1,'2021-03-07 04:11:31','2021-03-07 04:11:31'),(632,1,'admin','http://localhost:8080/document/document-category-list#','master_document_categories',1,'',1,'2021-03-07 04:11:37','2021-03-07 04:11:37'),(633,1,'admin','http://localhost:8080/org-profile/division-list','master_divisions',1,'',1,'2021-03-07 04:11:42','2021-03-07 04:11:42'),(634,1,'admin','http://localhost:8080/document/document-category-list#','master_document_categories',1,'',1,'2021-03-07 04:11:51','2021-03-07 04:11:51'),(635,1,'admin','http://localhost:8080/org-profile/division-list','master_divisions',3,'',1,'2021-03-07 04:11:57','2021-03-07 04:11:57'),(636,1,'admin','http://localhost:8080/org-profile/division-list','master_divisions',3,'',1,'2021-03-07 04:12:11','2021-03-07 04:12:11'),(637,1,'admin','http://localhost:8080/complain/complain-designation-list','master_complain_designations',1,'',1,'2021-03-07 04:15:38','2021-03-07 04:15:38'),(638,1,'admin','http://localhost:8080/complain/complain-designation-list','master_complain_designations',3,'',1,'2021-03-07 04:15:42','2021-03-07 04:15:42'),(639,1,'admin','http://localhost:8080/complain/complain-designation-list','master_complain_designations',7,'',0,'2021-03-07 04:32:12','2021-03-07 04:32:12'),(640,1,'admin','http://localhost:8080/document/document-category-list#','master_document_categories',14,'',0,'2021-03-07 04:33:16','2021-03-07 04:33:16'),(641,1,'admin','http://localhost:8080/org-profile/menu-list','master_menus',175,'',0,'2021-03-07 04:39:06','2021-03-07 04:39:06'),(642,1,'admin','http://localhost:8080/document/document-category-list#','master_document_categories',15,'',0,'2021-03-07 05:01:27','2021-03-07 05:01:27'),(643,1,'admin','http://localhost:8080/org-profile/office-list','master_offices',6,'',1,'2021-03-07 05:33:03','2021-03-07 05:33:03'),(644,1,'admin','http://localhost:8080/document/add-document-list#','doc_doc_infos',8,'',0,'2021-03-07 05:47:17','2021-03-07 05:47:17'),(645,1,'admin','http://localhost:8080/document/add-document-list#','doc_doc_infos',9,'',0,'2021-03-07 05:47:53','2021-03-07 05:47:53'),(646,1,'admin','http://localhost:8080/document/add-document-list','doc_doc_infos',1,'',2,'2021-03-07 06:24:00','2021-03-07 06:24:00'),(647,1,'admin','http://localhost:8080/document/add-document-list','doc_doc_infos',2,'',2,'2021-03-07 06:24:15','2021-03-07 06:24:15'),(648,1,'admin','http://localhost:8080/document/add-document-list','doc_doc_infos',4,'',2,'2021-03-07 06:24:39','2021-03-07 06:24:39'),(649,1,'admin','http://localhost:8080/document/add-document-list','doc_doc_infos',8,'',2,'2021-03-07 06:24:53','2021-03-07 06:24:53'),(650,1,'admin','http://localhost:8080/document/add-document-list','doc_doc_infos',9,'',2,'2021-03-07 06:24:57','2021-03-07 06:24:57'),(651,1,'admin','http://localhost:8080/document/add-document-list','doc_doc_infos',3,'',2,'2021-03-07 06:25:10','2021-03-07 06:25:10'),(652,1,'admin','http://localhost:8080/complain/complain-type-list','master_complain_types',14,'',0,'2021-03-07 22:47:28','2021-03-07 22:47:28'),(653,1,'admin','http://localhost:8080/complain/submit-complain-list','com_complain_infos',9,'',0,'2021-03-07 22:53:30','2021-03-07 22:53:30'),(654,1,'admin','http://localhost:8080/complain/submit-complain-list','com_complain_infos',10,'',0,'2021-03-07 22:54:15','2021-03-07 22:54:15'),(655,1,'admin','http://localhost:8080/org-profile/menu-list','master_menus',176,'',0,'2021-03-07 23:01:10','2021-03-07 23:01:10'),(656,1,'admin','http://localhost:8080/org-profile/bank-list','master_banks',1,'',1,'2021-03-07 23:04:28','2021-03-07 23:04:28'),(657,1,'admin','http://localhost:8080/org-profile/bank-list','master_banks',1,'',1,'2021-03-07 23:04:37','2021-03-07 23:04:37'),(658,1,'admin','http://localhost:8080/complain/submit-complain-list','com_complain_infos',11,'',0,'2021-03-07 23:12:02','2021-03-07 23:12:02'),(659,1,'admin','http://localhost:8080/org-profile/menu-list','master_menus',177,'',0,'2021-03-07 23:53:14','2021-03-07 23:53:14'),(660,1,'admin','http://localhost:8080/org-profile/menu-list','master_menus',177,'',1,'2021-03-07 23:56:06','2021-03-07 23:56:06'),(661,1,'admin','http://localhost:8080/complain/submit-complain-list','com_complain_infos',1,'',0,'2021-03-08 00:13:52','2021-03-08 00:13:52'),(662,1,'admin','http://localhost:8080/complain/submit-complain-list','com_complain_infos',2,'',0,'2021-03-08 00:14:48','2021-03-08 00:14:48'),(663,1,'admin','http://localhost:8080/complain/complain-request-list','com_approve',6,'',0,'2021-03-08 00:26:29','2021-03-08 00:26:29'),(664,1,'admin','http://localhost:8080/complain/complain-request-list','com_committees',25,'',0,'2021-03-08 00:30:38','2021-03-08 00:30:38'),(665,1,'admin','http://localhost:8080/complain/complain-request-list','com_committees',27,'',0,'2021-03-08 00:31:03','2021-03-08 00:31:03'),(666,1,'admin','http://localhost:8080/complain/complain-request-list','com_approve',7,'',0,'2021-03-08 00:41:58','2021-03-08 00:41:58'),(667,1,'admin','http://localhost:8080/complain/complain-request-list','com_committees',28,'',0,'2021-03-08 02:23:15','2021-03-08 02:23:15'),(668,1,'admin','http://localhost:8080/document/document-category-list','master_document_categories',15,'',2,'2021-03-08 02:23:31','2021-03-08 02:23:31'),(669,1,'admin','http://localhost:8080/document/document-category-list','master_document_categories',15,'',2,'2021-03-08 02:23:33','2021-03-08 02:23:33'),(670,1,'admin','http://localhost:8080/document/document-category-list','master_document_categories',15,'',2,'2021-03-08 02:27:02','2021-03-08 02:27:02'),(671,1,'admin','http://localhost:8080/document/document-category-list','master_document_categories',15,'',2,'2021-03-08 02:27:05','2021-03-08 02:27:05'),(672,1,'admin','http://localhost:8080/document/document-category-list','master_document_categories',15,'',2,'2021-03-08 02:27:47','2021-03-08 02:27:47'),(673,1,'admin','http://localhost:8080/document/document-category-list','master_document_categories',15,'',2,'2021-03-08 02:27:52','2021-03-08 02:27:52'),(674,1,'admin','http://localhost:8080/document/document-category-list','master_document_categories',14,'',2,'2021-03-08 02:27:54','2021-03-08 02:27:54'),(675,1,'admin','http://localhost:8080/document/document-category-list','master_document_categories',14,'',2,'2021-03-08 02:27:56','2021-03-08 02:27:56'),(676,1,'admin','http://localhost:8080/document/document-category-list','master_document_categories',14,'',2,'2021-03-08 02:28:01','2021-03-08 02:28:01'),(677,1,'admin','http://localhost:8080/document/document-category-list','master_document_categories',14,'',2,'2021-03-08 02:28:04','2021-03-08 02:28:04'),(678,1,'admin','http://localhost:8080/document/document-category-list','master_document_categories',14,'',2,'2021-03-08 02:28:07','2021-03-08 02:28:07'),(679,1,'admin','http://localhost:8080/document/document-category-list','master_document_categories',14,'',2,'2021-03-08 02:28:14','2021-03-08 02:28:14'),(680,1,'admin','http://localhost:8080/complain/complain-request-list','com_complain_cycle',4,'',0,'2021-03-08 02:53:28','2021-03-08 02:53:28'),(681,1,'admin','http://localhost:8080/complain/complain-request-list','com_complain_cycle',5,'',0,'2021-03-08 02:54:34','2021-03-08 02:54:34'),(682,1,'admin','http://localhost:8080/complain/complain-request-list','com_complain_cycle',6,'',0,'2021-03-08 03:12:45','2021-03-08 03:12:45'),(683,1,'admin','http://localhost:8080/complain/complain-request-list','com_complain_cycle',7,'',0,'2021-03-08 03:15:13','2021-03-08 03:15:13'),(684,1,'admin','http://localhost:8080/complain/complain-request-list','com_complain_cycle',1,'',0,'2021-03-08 03:57:49','2021-03-08 03:57:49'),(685,1,'admin','http://localhost:8080/notification/notification-type-list','master_notification_types',1,'',0,'2021-03-08 04:17:07','2021-03-08 04:17:07'),(686,1,'admin','http://localhost:8080/org-profile/office-list','master_offices',1,'',1,'2021-03-08 04:17:20','2021-03-08 04:17:20'),(687,1,'admin','http://localhost:8080/notification/notification-type-list','master_notification_types',2,'',0,'2021-03-08 04:17:21','2021-03-08 04:17:21'),(688,1,'admin','http://localhost:8080/notification/circulate-notice-list','not_circulate_notices',1,'',0,'2021-03-08 04:18:18','2021-03-08 04:18:18'),(689,1,'admin','http://localhost:8080/org-profile/office-type-list','master_office_types',1,'',1,'2021-03-08 04:25:29','2021-03-08 04:25:29'),(690,1,'admin','http://localhost:8080/org-profile/office-type-list','master_office_types',57,'',1,'2021-03-08 04:25:55','2021-03-08 04:25:55'),(691,1,'admin','http://localhost:8080/org-profile/office-type-list','master_office_types',57,'',1,'2021-03-08 04:26:10','2021-03-08 04:26:10'),(692,1,'admin','http://localhost:8080/organogram/designation-list','master_designations',1,'',1,'2021-03-08 04:54:14','2021-03-08 04:54:14'),(693,1,'admin','http://localhost:8080/complain/submit-complain-list','com_complain_infos',1,'',2,'2021-03-08 05:38:32','2021-03-08 05:38:32'),(694,1,'admin','http://localhost:8080/notification/circulate-notice-list#','not_circulate_notices',2,'',0,'2021-03-08 06:20:22','2021-03-08 06:20:22'),(695,1,'admin','http://localhost:8080/complain/complain-request-list','com_approve',8,'',0,'2021-03-08 23:21:49','2021-03-08 23:21:49'),(696,1,'admin','http://localhost:8080/complain/submit-complain-list','com_complain_infos',3,'',0,'2021-03-09 01:26:29','2021-03-09 01:26:29'),(697,1,'admin','http://localhost:8080/committee/create-committee-list','cmt_committees',4,'',0,'2021-03-09 01:29:24','2021-03-09 01:29:24'),(698,1,'admin','http://localhost:8080/committee/manage-expenses-list','cmt_expenses',1,'',0,'2021-03-09 01:34:34','2021-03-09 01:34:34'),(699,1,'admin','http://localhost:8080/notification/notification-type-list','master_notification_types',1,'',2,'2021-03-09 03:26:50','2021-03-09 03:26:50'),(700,1,'admin','http://localhost:8080/notification/notification-type-list','master_notification_types',1,'',2,'2021-03-09 03:26:52','2021-03-09 03:26:52'),(701,1,'admin','http://localhost:8080/org-profile/menu-list','master_menus',178,'',0,'2021-03-09 03:43:25','2021-03-09 03:43:25'),(702,1,'admin','http://localhost:8080/org-profile/module-list','master_modules',25,'',0,'2021-03-09 05:41:03','2021-03-09 05:41:03'),(703,1,'admin','http://localhost:8080/org-profile/module-list','master_modules',26,'',0,'2021-03-09 05:42:10','2021-03-09 05:42:10'),(704,1,'admin','http://localhost:8080/org-profile/service-list','master_services',16,'',0,'2021-03-09 05:43:31','2021-03-09 05:43:31'),(705,1,'admin','http://localhost:8080/org-profile/service-list','master_services',17,'',0,'2021-03-09 05:43:43','2021-03-09 05:43:43'),(706,1,'admin','http://localhost:8080/org-profile/menu-list','master_menus',179,'',0,'2021-03-09 05:45:06','2021-03-09 05:45:06'),(707,1,'admin','http://localhost:8080/org-profile/menu-list','master_menus',180,'',0,'2021-03-09 22:28:20','2021-03-09 22:28:20'),(708,1,'admin','http://localhost:8080/org-profile/menu-list','master_menus',179,'',1,'2021-03-09 22:44:13','2021-03-09 22:44:13'),(709,1,'admin','http://localhost:8080/org-profile/menu-list','master_menus',181,'',0,'2021-03-09 23:09:58','2021-03-09 23:09:58'),(710,1,'admin','http://localhost:8080/org-profile/menu-list','master_menus',181,'',1,'2021-03-09 23:10:48','2021-03-09 23:10:48'),(711,1,'admin','http://localhost:8080/org-profile/menu-list','master_menus',181,'',1,'2021-03-09 23:11:52','2021-03-09 23:11:52'),(712,1,'admin','http://localhost:8080/organogram/assign-designation-list','assign_designations',6,'',0,'2021-03-09 23:13:26','2021-03-09 23:13:26'),(713,1,'admin','http://localhost:8080/org-profile/service-list','master_services',18,'',0,'2021-03-09 23:30:22','2021-03-09 23:30:22'),(714,1,'admin','http://localhost:8080/org-profile/menu-list','master_menus',182,'',0,'2021-03-09 23:30:40','2021-03-09 23:30:40'),(715,1,'admin','http://localhost:8080/notification/circulate-notice-list','not_circulate_notices',3,'',0,'2021-03-09 23:43:32','2021-03-09 23:43:32'),(716,1,'admin','http://localhost:8080/org-profile/menu-list','master_menus',183,'',0,'2021-03-10 00:15:36','2021-03-10 00:15:36'),(717,1,'admin','http://localhost:8080/org-profile/menu-list','master_menus',184,'',0,'2021-03-10 00:20:52','2021-03-10 00:20:52'),(718,1,'admin','http://localhost:8080/org-profile/menu-list','master_menus',185,'',0,'2021-03-10 00:30:25','2021-03-10 00:30:25'),(719,1,'admin','http://localhost:8080/org-profile/menu-list','master_menus',186,'',0,'2021-03-10 03:02:22','2021-03-10 03:02:22'),(720,1,'admin','http://localhost:8080/org-profile/menu-list','master_menus',187,'',0,'2021-03-10 03:11:40','2021-03-10 03:11:40'),(721,1,'admin','http://localhost:8080/org-profile/country-list','master_countries',3,'',0,'2021-03-10 05:06:22','2021-03-10 05:06:22'),(722,1,'admin','http://localhost:8080/org-profile/country-list','master_countries',3,'',1,'2021-03-10 05:06:30','2021-03-10 05:06:30'),(723,1,'admin','http://localhost:8080/org-profile/country-list#','master_countries',3,'',2,'2021-03-10 05:06:43','2021-03-10 05:06:43'),(724,1,'admin','http://localhost:8080/org-profile/country-list#','master_countries',3,'',2,'2021-03-10 05:06:46','2021-03-10 05:06:46'),(725,1,'admin','http://localhost:8080/org-profile/menu-list','master_menus',188,'',0,'2021-03-10 05:26:43','2021-03-10 05:26:43'),(726,1,'admin','http://localhost:8080/org-profile/menu-list','master_menus',189,'',0,'2021-03-10 22:55:19','2021-03-10 22:55:19'),(727,1,'admin','http://localhost:8080/org-profile/menu-list','master_menus',190,'',0,'2021-03-11 00:11:48','2021-03-11 00:11:48'),(728,1,'admin','http://localhost:8080/org-profile/menu-list','master_menus',190,'',1,'2021-03-11 00:12:37','2021-03-11 00:12:37'),(729,1,'admin','http://localhost:8080/org-profile/division-list','master_divisions',1,'',2,'2021-03-11 01:27:04','2021-03-11 01:27:04'),(730,1,'admin','http://localhost:8080/org-profile/menu-list','master_menus',191,'',0,'2021-03-11 01:48:51','2021-03-11 01:48:51'),(731,1,'admin','http://localhost:8080/org-profile/menu-list','master_menus',191,'',1,'2021-03-11 01:49:05','2021-03-11 01:49:05'),(732,1,'admin','http://localhost:8080/org-profile/menu-list','master_menus',191,'',1,'2021-03-11 01:50:26','2021-03-11 01:50:26'),(733,1,'admin','http://localhost:8080/org-profile/division-list','master_divisions',1,'',2,'2021-03-11 02:18:54','2021-03-11 02:18:54'),(734,1,'admin','http://localhost:8080/org-profile/division-list','master_divisions',1,'',2,'2021-03-11 02:19:05','2021-03-11 02:19:05'),(735,1,'admin','http://localhost:8080/org-profile/division-list','master_divisions',1,'',2,'2021-03-11 02:20:26','2021-03-11 02:20:26'),(736,1,'admin','http://localhost:8080/org-profile/menu-list','master_menus',192,'',0,'2021-03-11 02:22:09','2021-03-11 02:22:09'),(737,1,'admin','http://localhost:8080/org-profile/menu-list','master_menus',192,'',1,'2021-03-11 02:23:45','2021-03-11 02:23:45'),(738,1,'admin','http://localhost:8080/org-profile/menu-list','master_menus',191,'',1,'2021-03-11 02:31:31','2021-03-11 02:31:31'),(739,1,'admin','http://localhost:8080/org-profile/menu-list','master_menus',193,'',0,'2021-03-11 02:53:04','2021-03-11 02:53:04'),(740,1,'admin','http://localhost:8080/org-profile/menu-list','master_menus',193,'',1,'2021-03-11 02:56:20','2021-03-11 02:56:20'),(741,1,'admin','http://localhost:8080/org-profile/menu-list','master_menus',194,'',0,'2021-03-11 03:17:39','2021-03-11 03:17:39'),(742,1,'admin','http://localhost:8080/org-profile/menu-list','master_menus',195,'',0,'2021-03-11 03:32:11','2021-03-11 03:32:11'),(743,1,'admin','http://localhost:8080/org-profile/menu-list','master_menus',195,'',1,'2021-03-11 03:32:25','2021-03-11 03:32:25'),(744,1,'admin','http://localhost:8080/org-profile/menu-list','master_menus',195,'',1,'2021-03-11 03:33:22','2021-03-11 03:33:22'),(745,1,'admin','http://localhost:8080/org-profile/menu-list','master_menus',195,'',1,'2021-03-11 03:33:28','2021-03-11 03:33:28'),(746,1,'admin','http://localhost:8080/org-profile/menu-list','master_menus',196,'',0,'2021-03-11 04:07:42','2021-03-11 04:07:42'),(747,1,'admin','http://localhost:8080/org-profile/menu-list','master_menus',197,'',0,'2021-03-11 04:11:37','2021-03-11 04:11:37'),(748,1,'admin','http://localhost:8080/org-profile/menu-list','master_menus',197,'',1,'2021-03-11 04:14:34','2021-03-11 04:14:34'),(749,1,'admin','http://localhost:8080/org-profile/menu-list','master_menus',197,'',1,'2021-03-11 04:16:30','2021-03-11 04:16:30'),(750,1,'admin','http://localhost:8080/org-profile/office-type-list','master_office_types',58,'',0,'2021-03-11 04:39:27','2021-03-11 04:39:27'),(751,1,'admin','http://localhost:8080/org-profile/office-list','master_offices',10,'',0,'2021-03-11 04:39:59','2021-03-11 04:39:59'),(752,1,'admin','http://localhost:8080/organogram/designation-list','master_designations',17,'',0,'2021-03-11 04:40:59','2021-03-11 04:40:59'),(753,1,'admin','http://localhost:8080/organogram/assign-designation-list','assign_designations',7,'',0,'2021-03-11 04:41:19','2021-03-11 04:41:19'),(754,1,'admin','http://localhost:8080/org-profile/menu-list','master_menus',198,'',0,'2021-03-11 05:01:05','2021-03-11 05:01:05'),(755,1,'admin','http://localhost:8080/org-profile/menu-list','master_menus',199,'',0,'2021-03-11 05:02:07','2021-03-11 05:02:07'),(756,1,'admin','http://localhost:8080/org-profile/menu-list','master_menus',200,'',0,'2021-03-11 05:03:22','2021-03-11 05:03:22'),(757,1,'admin','http://localhost:8080/org-profile/menu-list','master_menus',201,'',0,'2021-03-11 05:05:03','2021-03-11 05:05:03'),(758,1,'admin','http://localhost:8080/org-profile/menu-list','master_menus',202,'',0,'2021-03-11 05:06:09','2021-03-11 05:06:09'),(759,1,'admin','http://localhost:8080/org-profile/menu-list','master_menus',202,'',2,'2021-03-11 05:06:14','2021-03-11 05:06:14'),(760,1,'admin','http://localhost:8080/org-profile/menu-list','master_menus',202,'',2,'2021-03-11 05:06:20','2021-03-11 05:06:20'),(761,1,'admin','http://localhost:8080/org-profile/menu-list','master_menus',202,'',2,'2021-03-11 05:06:24','2021-03-11 05:06:24'),(762,1,'admin','http://localhost:8080/org-profile/menu-list','master_menus',202,'',2,'2021-03-11 05:06:28','2021-03-11 05:06:28'),(763,1,'admin','http://localhost:8080/org-profile/menu-list','master_menus',202,'',2,'2021-03-11 05:06:36','2021-03-11 05:06:36'),(764,1,'admin','http://localhost:8080/org-profile/menu-list','master_menus',202,'',2,'2021-03-11 05:06:41','2021-03-11 05:06:41');
/*!40000 ALTER TABLE `user_logs` ENABLE KEYS */;
UNLOCK TABLES;
/*!40103 SET TIME_ZONE=@OLD_TIME_ZONE */;

/*!40101 SET SQL_MODE=@OLD_SQL_MODE */;
/*!40014 SET FOREIGN_KEY_CHECKS=@OLD_FOREIGN_KEY_CHECKS */;
/*!40014 SET UNIQUE_CHECKS=@OLD_UNIQUE_CHECKS */;
/*!40101 SET CHARACTER_SET_CLIENT=@OLD_CHARACTER_SET_CLIENT */;
/*!40101 SET CHARACTER_SET_RESULTS=@OLD_CHARACTER_SET_RESULTS */;
/*!40101 SET COLLATION_CONNECTION=@OLD_COLLATION_CONNECTION */;
/*!40111 SET SQL_NOTES=@OLD_SQL_NOTES */;

-- Dump completed on 2021-03-12 12:44:46
